genename,label
VAMP1,-1
MTCH2,-1
ZNF45,-1
NHSL1,-1
CACNA1H,-1
STIL,1
ATG7,-1
PEG3,-1
CAP2,-1
NOTCH1,1
UBE3C,-1
NPY2R,-1
LAMA4,-1
TMC1,-1
HNRNPA0,0
HERC2,-1
SETD2,1
LRP2,-1
DOCK7,-1
GRIN2A,1
ZNF560,-1
CAPN3,-1
MIER3,-1
MTMR10,-1
NCAPG2,-1
EXOC1,-1
YLPM1,0
UGGT1,-1
OASL,-1
PNRC1,-1
UCP2,-1
SERPINB8,-1
PDP1,-1
SCRIB,-1
YAP1,-1
SPOCD1,-1
MDN1,-1
SLC9A8,-1
DDC,-1
RBL2,-1
WAS,1
FRYL,-1
SLCO1B7,-1
RNF167,-1
GCC1,-1
OR6A2,-1
CLOCK,-1
DRD3,-1
MAGEL2,-1
ZNF658,-1
SCN2A,-1
PNMA5,-1
MICU3,-1
GPSM1,0
SNX31,-1
NUP214,-1
FNIP1,-1
RANBP17,-1
RASGRP4,-1
TCOF1,-1
NDUFB5,-1
SRSF7,-1
DSPP,-1
RBM10,1
OR1Q1,-1
SOX13,-1
DUSP11,-1
TNXB,-1
FOLR2,-1
FBXL5,-1
MAP9,0
PILRB,-1
WNK3,-1
ID4,-1
HDLBP,-1
PASK,-1
SLC26A7,-1
SLC9A5,-1
CHRD,-1
OR6F1,-1
RDH16,-1
MAPT,-1
HDAC5,-1
ADAMTS6,-1
CUBN,-1
MYH9,1
RYR1,-1
NEO1,-1
CPXM1,-1
KRT76,-1
CHD4,1
DNM3,-1
IRF5,-1
PTPRN2,-1
ATP13A2,-1
UGT1A9,-1
MYH1,-1
ATP9B,-1
ATF7IP,-1
PHF3,-1
CEP152,-1
NFIA,-1
DFFA,-1
POU5F2,0
LILRA6,-1
PCSK5,-1
DYNC2H1,-1
ILKAP,0
PBRM1,1
DAAM1,-1
ARFGEF1,-1
ZNF845,0
FAM83D,0
OR2M2,-1
MUC6,-1
MAP1B,-1
WWP1,-1
RNF103,-1
GLB1L2,0
NLRC5,-1
PAXBP1,-1
LOX,-1
ARL4C,-1
ARHGAP32,-1
TTN,-1
CASP1,-1
FBXO21,-1
CELSR2,-1
ELAVL4,-1
PDK2,-1
MBD5,-1
ZNF521,1
TIMM17A,-1
DDRGK1,-1
SULF2,-1
KCTD8,-1
HNRNPF,0
PDCD4,-1
ERG,1
KIF19,0
DDX50,-1
CYP2C9,-1
ANK2,-1
CACNA2D1,-1
TP53,1
NLRP4,-1
MYO9B,-1
MYPN,-1
USP27X,-1
ZNF837,0
RFX1,-1
AMPD1,-1
KALRN,-1
DAZL,-1
PNP,-1
HNRNPLL,-1
SPTBN4,-1
EYA4,-1
CDH2,-1
ZFHX4,-1
GAK,-1
SLC13A5,-1
POLR3C,-1
AZI2,-1
CBR4,0
ING1,-1
COMMD6,-1
TAF9B,-1
RTN2,-1
CPSF7,0
ADCY8,-1
PACS1,-1
MUC17,-1
SPOCK3,-1
STXBP5,-1
VRTN,-1
SMG1,-1
MCTP1,-1
F13B,-1
NTRK3,1
TP63,1
COL28A1,-1
OSBPL5,-1
ATP6V1B1,0
AIFM1,-1
PEX7,-1
MUSK,-1
LPIN1,-1
RC3H2,-1
CHPF2,-1
WWTR1,1
PPRC1,-1
SCAP,-1
KRR1,-1
DDI1,-1
PER3,-1
STAG1,1
IGFBP5,-1
COL20A1,0
WEE1,-1
PHRF1,-1
OR10K1,-1
FKBP4,-1
SERPINB12,-1
CCNT1,-1
LCK,1
PCDH1,-1
PTPRA,-1
HPR,-1
LRPPRC,-1
KRT34,-1
EPHA1,-1
PTS,-1
GLDC,-1
CLDN22,0
COL6A3,-1
PCDHGA4,-1
ADAMTS17,-1
SHC1,-1
ADD2,-1
BEND6,-1
HSPD1,-1
PKD2,-1
ETNK1,1
RBM27,-1
HIVEP1,-1
ZFP82,0
SRGAP1,-1
ZNF208,-1
RNASEH2A,-1
CELSR1,-1
CELSR3,-1
ARSI,-1
BAG3,-1
LCAT,-1
OR52L1,-1
CSF1R,1
RASGRF2,-1
MYT1,-1
BCLAF1,1
ZNF319,0
RPRD2,-1
ACTN4,-1
CLEC4G,-1
ATP6V0A4,-1
WDR81,-1
PRKCG,-1
ZNF180,-1
KRT40,-1
TBC1D13,-1
FBXO41,-1
TYW1B,-1
CD276,-1
ITGA3,-1
BIRC6,1
KIF2A,-1
PCDHA11,-1
MYO1F,-1
HIRA,-1
WNT5B,-1
DIDO1,0
MCF2L,-1
C5,-1
CXXC1,0
BCAR1,-1
DOCK8,-1
ACTR8,0
CACNA1E,-1
ABL1,1
SCAMP1,-1
SIPA1,-1
KIF21B,-1
INO80,-1
ITGA8,-1
MYO15A,-1
GRM3,1
OR5M9,-1
MUC16,-1
PHLDB2,-1
CNOT2,-1
GFM1,-1
HOXA1,-1
CRHR2,-1
ZNF462,-1
FAM86B2,-1
KDM5A,1
SWI5,-1
CCL15,-1
GEM,-1
FGA,-1
PPP1R13B,-1
DIAPH3,-1
EVL,-1
GLRA1,-1
THADA,-1
OR6N2,-1
GSN,-1
TYRP1,-1
KRT3,-1
SERPINB3,-1
ZNF445,0
NPTX2,-1
SYN3,-1
NAF1,-1
MYBPC1,-1
HS6ST2,-1
PLAA,-1
PTPRF,-1
LPIN2,-1
ZNF469,-1
ZBTB43,0
DMBT1,-1
TRIM11,-1
KBTBD6,-1
GATA1,1
SERINC1,-1
CDK13,-1
SCFD1,-1
AKT1S1,-1
ZNF142,-1
SYT7,-1
ATG2A,-1
PECR,-1
SLIT1,-1
MTM1,-1
DMXL2,-1
ACBD4,-1
ALG11,-1
ADAMTS8,-1
NECAB2,-1
TNFSF13,-1
PIK3C2B,-1
FASTKD1,-1
CYP2E1,-1
EIF2S3,-1
CLTCL1,1
GRIA4,-1
RGS12,-1
SETD1A,-1
COL25A1,-1
RAPGEF1,-1
PTEN,1
TPR,-1
GOLGA4,-1
AOX1,-1
HADHB,-1
CXCL5,-1
KIR2DL1,-1
PTPRZ1,-1
RUNX2,-1
USP16,-1
ACSL5,-1
NRAS,1
TRAPPC13,-1
GPR161,-1
APOA1,-1
LRRK1,-1
ATP12A,-1
ADCY4,-1
DAGLB,-1
TBC1D10C,-1
NPY1R,-1
CCDC59,0
HSD11B2,-1
HCFC1,-1
ZFY,-1
FUBP3,-1
EPOR,-1
TAS1R1,-1
USP10,-1
SYNGAP1,-1
KCNMA1,-1
HRG,-1
PLD4,-1
ZCCHC8,-1
TRIM54,-1
SCNN1D,-1
BRS3,-1
COL5A3,-1
RHOT2,-1
CEP164,-1
PPM1G,-1
HELZ2,-1
OR13C2,-1
INTS4,-1
SIGLEC14,-1
FGG,-1
CACNA1G,-1
AICDA,-1
TEX14,-1
IL18RAP,-1
SPATA5L1,0
PLXNA4,-1
LMOD2,-1
PON3,-1
PPP1R2,-1
FLNA,1
SFPQ,1
BHLHE40,-1
GRM7,-1
BRD1,0
RLN3,-1
MXD1,0
KAT7,1
ENAH,-1
F11R,-1
RAD23B,-1
SIGLEC15,-1
CD80,-1
HIC2,-1
FOLH1,-1
SLC6A19,-1
GALNT8,-1
EPHB1,-1
GTF3C2,0
DSC3,-1
WDR70,-1
GTF2H4,-1
ACAN,-1
VIPR2,-1
UNC80,-1
PODXL,-1
ZNF136,-1
DENND5B,-1
PRDM2,1
RPL18A,-1
CENPE,-1
NEURL1,-1
PBX2,-1
VAV3,-1
VPS37D,-1
ZNF354C,0
ZFP30,-1
FAM13A,-1
PDS5A,-1
GDF5,-1
RTCB,-1
CACNB1,-1
TAS2R50,-1
ATP10B,-1
MYF6,-1
REV1,0
ZNF592,-1
ZFP62,-1
MED17,-1
ESR2,-1
ERBB4,1
COL17A1,-1
PCNA,-1
COL16A1,-1
ZNF497,-1
OBSCN,-1
PJA1,-1
LEF1,1
ZNF419,-1
ZNF653,-1
OR2W1,-1
NDST4,-1
UGT3A1,-1
PPP1R3B,-1
SESN1,-1
SHROOM2,-1
SLA2,-1
EYA1,-1
NLRP7,-1
PCDHGA2,-1
OR56A1,-1
RPTOR,-1
OTUD7A,-1
SMPD1,-1
LATS2,1
CYLD,1
CNDP1,-1
PCDHGB1,-1
THOC2,-1
SEC23IP,-1
PPP1CC,-1
CD109,-1
ASIC1,0
ANTXR2,-1
TRPM7,-1
LEPR,-1
ZNF836,-1
POLR2A,-1
CAPN11,-1
PIANP,-1
DYNC1I1,-1
GRIN3A,-1
AFF3,1
MCM2,-1
ENO1,-1
ADAMTS2,-1
MYO18B,-1
POSTN,-1
GAL3ST3,-1
KMT2C,1
OR5V1,-1
ZNF232,-1
SPTB,-1
SCT,-1
GALK2,-1
CPT2,-1
ITGAE,-1
GPR27,-1
ADAMTSL1,-1
SLK,-1
IQGAP3,0
CYP11B1,-1
CDKN1A,1
PIKFYVE,-1
HUNK,-1
FANCD2,1
TRIM22,-1
IFI16,-1
SORL1,-1
PDHA2,-1
AZGP1,-1
PPP6R2,-1
AKR1C1,-1
ZNF14,-1
LSM14A,-1
OR10H2,-1
ACVR1B,1
ABCA12,-1
PLIN5,-1
PCDHA8,-1
RD3,-1
TBCC,-1
ABCF2,-1
CYP1A2,-1
BMP2K,-1
DCST2,-1
SKI,1
EEF1A2,-1
SH3PXD2A,0
COX7A1,-1
AGRN,-1
FLT4,1
ARFGAP3,-1
GLP1R,-1
CYP2F1,-1
COL14A1,-1
HSP90AB1,-1
PNISR,-1
RASAL1,-1
SEMA6A,-1
TCF4,-1
NIN,-1
DST,-1
ERCC4,1
ITGB1,-1
LILRB5,-1
SDR16C5,0
KRT84,-1
SARM1,0
R3HDM1,-1
RAPGEFL1,-1
SYTL3,0
MUC2,-1
KRT20,-1
RAP1GAP2,0
RUFY3,-1
FMN2,-1
SPTBN5,-1
BCAN,-1
ARAP1,-1
CPLX2,-1
KRT77,-1
PAX4,-1
CLCA1,-1
ARHGEF2,-1
RNF111,-1
KRT5,-1
TRRAP,1
KREMEN1,-1
NR5A1,-1
TLK1,0
TACC3,-1
NRP2,-1
ANKRD17,-1
MAG,-1
CAP1,-1
TECPR2,-1
MAP7D1,0
SLC29A4,-1
KRT1,-1
NR4A1,-1
EVPL,-1
KCNQ5,-1
SETD6,-1
ZNF440,0
NARS2,-1
WFDC5,-1
KDM2B,-1
NOP9,-1
NCOA3,-1
MAST1,-1
CALD1,-1
GALNS,-1
CC2D1A,-1
BSN,-1
NEUROG1,-1
ELFN1,-1
PCDHA7,-1
CEACAM5,-1
LETM1,-1
PKN2,-1
SRSF2,1
RNF115,0
BDNF,-1
NDUFS1,-1
SIN3B,-1
ATP7A,-1
SEMA6B,-1
RBM15B,-1
FAM162A,-1
PSMC6,-1
DCUN1D4,-1
EPHX1,-1
SPTA1,-1
PLTP,-1
ROBO2,1
LIN28B,-1
CSF2RB,-1
PDZD11,-1
MTOR,1
ATAD3B,-1
OR10Z1,-1
KMT2D,1
MCM3AP,-1
FMN1,0
LAMA3,-1
MPHOSPH8,-1
COL3A1,-1
ANXA1,-1
GZMK,-1
TAS1R3,-1
UNC13A,-1
SLC1A3,-1
TTLL4,0
POLR1D,-1
PHF5A,-1
MYO7A,-1
ZNF629,0
ALPP,-1
ALK,1
VHL,1
AHCYL2,-1
BIRC3,1
SORCS3,-1
DNAH5,-1
ZBTB46,-1
UBA1,-1
CGN,0
FOXO1,1
TJP2,-1
COL1A1,-1
DCAF10,0
ODF2,-1
SETD1B,1
PCLO,-1
CACNA1C,-1
DSCAM,-1
GJC1,-1
PLCB1,-1
PLEKHM1,-1
MRPL49,-1
CHUK,-1
PRDM16,1
SHANK2,-1
ISLR,-1
FOXI1,-1
SMCHD1,-1
E2F7,-1
DNAJA2,-1
MYBPC3,-1
MICALL1,0
MYRIP,-1
NAA40,-1
CEP290,-1
DOCK3,-1
GJA10,-1
ACSM2A,-1
DNAH9,-1
ZC3H12A,-1
DBF4,0
OR4C12,-1
MBTPS1,-1
TOX,-1
HSPG2,-1
NFKBIZ,-1
RASD1,-1
HAS3,-1
OR5AK2,-1
ZNF831,-1
ITGAX,-1
FAM20C,-1
GPR35,-1
COL2A1,1
IGSF1,-1
CD52,-1
SLC28A1,-1
MAML1,-1
ATMIN,-1
COL27A1,-1
CYP2A6,-1
OR5H15,-1
CHFR,-1
CASK,-1
KIF5B,-1
NFKBIB,-1
NPHS1,-1
EML2,-1
CBLB,1
RCOR2,-1
IFNLR1,-1
BRAP,-1
FERMT3,-1
BPTF,-1
ZNF846,-1
EEF1D,-1
ST3GAL1,0
DOCK4,-1
USP14,-1
OPN4,-1
OR5D18,-1
ARSD,-1
AKR1C4,-1
ERBB3,1
DNAH3,-1
MDC1,-1
GRPR,-1
NEDD4L,-1
ARHGAP29,-1
ATG2B,-1
PPP1R9A,-1
UBR5,1
GNB1,-1
CORO7,-1
LAMA1,-1
SYNE1,-1
RIMS1,-1
CLEC6A,-1
HAPLN1,-1
MYCBP2,-1
ZFP37,-1
TRIP11,-1
AP2B1,-1
TLE1,-1
SESN2,0
ATP11B,-1
MECOM,1
TUB,-1
COL6A5,-1
PCDHA9,-1
ADORA3,-1
UQCRFS1,-1
USP9X,-1
ARHGEF18,-1
CLASP2,-1
DNAH1,-1
EOMES,-1
CROT,-1
DDIT4,-1
SNRPB2,-1
GBX2,-1
SLC4A5,-1
KCNH4,-1
ZNF785,0
RPH3A,-1
DDX24,-1
WDFY4,-1
RASGRF1,-1
KDM2A,-1
PPM1K,-1
ECEL1,-1
DHX36,-1
OR1S2,-1
COL11A1,-1
WNT3,-1
NR2C1,-1
BRSK2,-1
ASB15,-1
RGS16,-1
DCLRE1C,-1
PLK4,-1
WNT2B,-1
DSG2,-1
ESPL1,-1
MASTL,-1
BAIAP2,-1
TAL1,1
VARS2,-1
SDHA,1
CTSD,-1
GBP2,-1
CACNA1A,-1
DROSHA,1
CD5,-1
RBM3,-1
DSG1,-1
FAT4,1
QRICH1,-1
DAAM2,-1
RC3H1,-1
CD44,-1
FCRLA,-1
SEMA3C,-1
HOXB4,-1
CDKN1B,1
NLRP6,0
SOS2,-1
HS6ST1,-1
KLC2,-1
BMP1,-1
PTPRD,1
SSX3,-1
DCLRE1A,-1
NFATC1,-1
NRAP,-1
PPP1R1A,-1
TAS2R38,-1
ATM,1
MYRF,-1
ZBTB48,-1
MAGEB2,-1
HECW2,-1
EXOC5,-1
OR11H12,-1
RBX1,-1
NCAPH,-1
ITGAM,-1
ZBTB34,-1
OXTR,-1
FAM98B,-1
PAOX,-1
OR51M1,-1
UBR4,-1
ARHGAP24,-1
SLC32A1,-1
TSHZ3,-1
SLC7A3,-1
OPRD1,-1
TSC2,1
UGT2B7,-1
NTM,-1
RBM19,-1
OR2C3,-1
KCNK16,-1
TIAM1,-1
LTN1,-1
CTNNA2,1
PRKAG3,-1
NOSIP,-1
FOXJ2,0
ARHGAP17,-1
ANKRD27,0
PARVA,-1
ZNF528,-1
SRRM2,-1
GPBP1,-1
CCR2,-1
MGA,-1
YTHDC1,-1
SUPT6H,-1
ZNF799,-1
POLDIP2,-1
GK2,0
KCNN4,-1
TIGIT,-1
PKM,-1
ZNF808,0
TAF1,-1
DGKQ,-1
ANKRD2,-1
XYLT1,-1
NMT2,-1
PIAS2,-1
B4GALNT1,-1
PMM1,-1
XIRP2,-1
MR1,-1
CCNL1,-1
RASA1,-1
ANP32A,-1
ZNF155,-1
USP19,-1
FOSL2,-1
NOXA1,-1
KDM5C,1
SYT6,-1
COMMD10,-1
SIX4,-1
CHTF18,-1
EIF5,-1
PGR,-1
NYAP2,-1
SMARCB1,1
ITGA9,-1
AMPD2,-1
HDAC11,0
FRAS1,-1
ZNF101,-1
BCAS3,0
ELFN2,0
SAP130,-1
SCN1A,-1
TRAPPC9,-1
OR52N1,-1
DGKA,-1
HUWE1,-1
OR4X1,0
HCN4,-1
TET1,1
ARID5B,-1
ZNF98,-1
TG,-1
ADAMTS4,-1
ABCE1,-1
ICAM1,-1
MOV10L1,-1
AFF1,-1
UNC13D,-1
TBC1D5,-1
NEB,-1
KIF7,-1
HOXA9,1
ZNF793,-1
CD163,-1
GLUD2,-1
