genename,label
PRDM14,-1
PRDM12,-1
SMC6,0
OTX1,-1
POTEE,-1
DDX11,-1
SIGLEC1,-1
ENSA,-1
HK1,-1
HADHA,-1
ITGB5,-1
ITSN1,-1
E2F5,-1
GLUD1,-1
GRIN2A,1
CHD2,1
SPATA16,-1
UBXN6,-1
UIMC1,-1
PLCB4,-1
PIK3C2A,-1
MMRN2,-1
PUS7L,-1
ZFYVE16,-1
GPR83,-1
SENP3,-1
CXCR1,-1
PKLR,-1
OR8U1,-1
ASB1,-1
RNF167,-1
DOC2A,-1
PPP2R2C,-1
ARHGAP28,-1
CATSPER4,-1
GPX4,-1
ALOX15B,-1
GDF10,-1
RNF34,-1
HINFP,-1
SLC25A12,-1
FGF7,-1
TOP1MT,-1
OR8H3,-1
TRBV24-1,-1
RHPN2,-1
AMER1,1
THBS4,-1
MPP1,-1
OR8D2,-1
RABGAP1L,0
NR3C2,-1
HGF,-1
SP110,-1
PFKFB4,-1
NAP1L1,-1
MDGA1,-1
KCNK15,-1
MAP1B,-1
NLRC5,-1
ZNF574,0
NDUFB9,-1
SPATA5,-1
IQSEC2,-1
NOA1,-1
GTSE1,0
BEND3,-1
KLRG1,-1
NUDT21,-1
SEC31B,-1
EYA4,-1
EIF3M,-1
KRT13,-1
ZFHX4,-1
TREX1,-1
TNRC6C,-1
CBX4,-1
RAB3A,-1
SEC24B,-1
CLCF1,-1
CCT6A,-1
VRTN,-1
VAT1L,-1
NDRG4,-1
RPL28,-1
ATP6V1B1,0
MMS22L,-1
ZNF512B,-1
RHCE,-1
ZEB2,-1
RGS3,-1
LGALS9,-1
SYCE1,-1
SYNJ2,-1
TRMT10A,-1
COQ9,-1
PRKD2,-1
RLIM,-1
SUPT5H,-1
RNF40,-1
PKD2,-1
SRGAP1,-1
FGFR4,1
TRIM3,-1
SCNN1G,-1
ACTN4,-1
C8B,-1
EPCAM,-1
BAHD1,-1
TBC1D13,-1
FBF1,0
PREX1,-1
SASH3,-1
KLHL42,-1
PRRC2A,-1
PPP4R2,-1
SCO1,-1
PPFIBP2,-1
GMCL1,0
TPO,-1
RPS27,-1
GLRA1,-1
TECTA,-1
HMGB2,-1
TNFRSF11A,-1
ZNF142,-1
GPRC6A,-1
SUZ12,1
HNRNPM,0
EIF2S3,-1
HM13,-1
EDIL3,0
FMNL2,-1
GRB7,-1
EZR,-1
OR51E1,-1
OVGP1,-1
SLITRK4,-1
AKT2,1
CACNA2D3,-1
USP10,-1
TLN2,-1
ZSCAN25,0
PDE5A,-1
NR1D1,-1
ZSCAN22,-1
CDC20B,-1
FLII,-1
GFPT1,-1
TST,-1
KRT33A,-1
MAPK14,-1
ARRB2,-1
LAMB1,-1
MRPL13,-1
BRD1,0
CCT5,-1
POMC,-1
ZIC2,-1
HOOK2,-1
CD80,-1
USP48,-1
SLC6A19,-1
KLC4,0
DAB2IP,-1
GTF3C2,0
PALLD,-1
TAOK2,-1
DISP1,0
ANKK1,-1
TBCA,-1
CPT1C,-1
PGGT1B,-1
SUMO3,-1
PDS5A,-1
CYP2C19,0
COL17A1,-1
BCKDHA,-1
KRT86,-1
F5,-1
KCNH6,-1
MAVS,-1
GTF2B,-1
DISC1,-1
PUF60,-1
OR5D16,-1
C3AR1,-1
CALR,1
FOXE3,-1
LEPR,-1
HAMP,-1
PBLD,-1
DYNC1I1,-1
ADCY10,-1
CAV2,-1
RSF1,0
ZNF471,-1
ZSCAN4,-1
RSAD2,-1
DKKL1,-1
SLC36A3,0
FOXO4,1
SLC26A4,-1
LSM14A,-1
MYO3A,-1
SPHK2,-1
COX7A1,-1
INTS2,-1
TRIM44,-1
LCN1,-1
GAS2,-1
HOXC4,-1
RAPGEF3,0
FLNC,-1
HOXC6,-1
HAX1,-1
TAF7L,-1
OR51B6,0
ZNF737,-1
ZNF317,-1
MUS81,-1
PKN1,-1
EVI2A,-1
UBOX5,0
DDHD2,-1
NOP14,-1
FGF4,-1
ZNF577,-1
DOCK5,-1
ZNF207,-1
PCDHB10,0
MPEG1,-1
TECPR2,-1
MAP7D1,0
ENTHD1,-1
ADD3,-1
RUFY2,-1
SMAD2,1
HOXD10,-1
F13A1,-1
PCDHA7,-1
FBXO3,-1
JAM3,-1
MLKL,-1
AEBP2,-1
ASGR1,-1
WNT2,-1
ZC3H18,0
OR1E2,-1
EPHX1,-1
FZD8,-1
CAPN13,-1
GPS1,-1
POLN,-1
RNF208,-1
AHDC1,-1
ACHE,-1
NCAM2,-1
KMT2D,1
KCTD16,-1
RHBG,-1
AMER3,-1
UPF3B,-1
KIF4A,-1
SERPINA7,0
SSBP4,-1
UBA1,-1
CTR9,0
PCK1,-1
IL16,-1
DSCAM,-1
GJC1,-1
TARBP2,-1
NME7,-1
MRPL49,-1
MAST3,-1
ROCK1,-1
MICALL1,0
TIAL1,-1
OR10S1,-1
ABCF1,-1
RRP15,-1
ZNF44,-1
CDKN1C,-1
CAND1,-1
TRAP1,-1
ZNF212,-1
CHFR,-1
KIF5B,-1
B4GALT2,-1
PPID,-1
ACSS1,-1
LPAR4,-1
PDLIM1,-1
NKX6-3,-1
ASGR2,-1
OR10G7,-1
RCOR2,-1
CHD3,-1
MCL1,-1
NUMBL,-1
AHCY,-1
KRT23,-1
DOK5,-1
ZNF175,-1
DGKZ,-1
ARSD,-1
MED12L,-1
LAMA2,-1
MUC5AC,-1
SLC45A2,-1
PANX1,-1
AUP1,-1
TERF1,-1
HUS1B,-1
TUB,-1
MBTD1,0
AK7,-1
LYST,-1
ZSCAN21,0
PCDH15,-1
OAS3,-1
TJAP1,-1
ATP6V0A1,-1
DNAH17,-1
RGS1,-1
TERF2IP,-1
NCOA1,-1
SLC2A4RG,0
JPH3,-1
POGZ,-1
FERMT2,-1
FBXO22,-1
VARS2,-1
CTSD,-1
EGLN2,-1
HNRNPUL1,-1
CDK5RAP2,-1
PRKCI,-1
HCAR2,-1
SRP14,-1
ANXA11,-1
RRN3,-1
OR2Y1,-1
UBR4,-1
OR2C3,-1
KCNK16,-1
RAB17,-1
RWDD3,-1
ARFGAP2,-1
PTPN21,-1
CALML4,-1
SETD4,-1
SETD3,-1
SH2D3A,-1
ARRDC4,-1
PYGB,-1
SC5D,0
DMAP1,0
AAK1,-1
IGKV3-20,0
SLC4A2,-1
AP1G1,-1
FBXO24,-1
ASIC4,0
USP30,-1
FBXO7,-1
IRF2BPL,-1
CHTF18,-1
ESCO1,-1
NLRC3,-1
ZMYND11,-1
ASAH2,-1
KRT83,-1
HOXB2,-1
TSFM,-1
CDH24,-1
ICAM1,-1
IL1RAPL1,-1
PPP4R1,-1
RAP2A,-1
MUC7,-1
DNA2,-1
PRKDC,-1
LTBR,-1
DICER1,1
TMEM106B,-1
LAMP1,-1
CAD,-1
RPE,-1
SETD2,1
MMP21,-1
SPDYC,-1
CAPN3,-1
TIFA,-1
STX17,-1
FUCA1,-1
VPS26B,-1
ALG10B,0
HOXB7,-1
OR52R1,-1
KPNA7,-1
EXOC4,-1
NELFA,0
GJB5,-1
SECISBP2,-1
IGF2BP3,-1
ZNRF3,1
SPAG5,-1
NUP214,-1
KIAA1549,-1
FOXP2,-1
RASGRP4,-1
FBXW5,-1
SRSF7,-1
OLFM1,-1
CSPP1,-1
ADAMTS10,-1
ZNF75A,-1
UPK3A,-1
TOM1L1,-1
LCP2,-1
GPI,-1
PLA1A,-1
COL4A1,-1
RBBP6,-1
CHRNE,-1
KCNJ12,-1
BPIFB2,-1
OR1A1,-1
CLTA,-1
JAG1,-1
MON1A,-1
STAC,-1
CEP152,-1
CD177,0
GID4,-1
CCT4,-1
SLMAP,0
CLIP3,-1
VGLL1,-1
GTF3A,-1
MYO1C,-1
SRPK1,-1
POLK,-1
RLF,-1
HNRNPU,-1
HRC,-1
PROX2,-1
KCNIP3,-1
COL22A1,-1
POU4F1,-1
CPA4,-1
PRMT5,-1
OR6Q1,-1
AP3M2,-1
BBS7,-1
GPHN,-1
MKNK2,-1
TSPYL4,0
PCDHGA9,-1
CASP6,-1
TRIM36,-1
SLC13A5,-1
NOC2L,-1
RICTOR,-1
RPL35,-1
LRP8,-1
PRSS55,-1
ACSL6,-1
PSMD6,-1
GYS1,-1
THOC1,-1
GNAI2,-1
MED10,-1
TBL1X,-1
RELN,-1
ZNF341,-1
OPA1,-1
STAG1,1
CYP11A1,-1
COPG1,-1
DCAF15,-1
ASIP,-1
NUP160,-1
DHX9,-1
ANLN,-1
NIM1K,-1
KCTD17,-1
NPY4R,-1
SLC6A16,-1
ARSI,-1
HCN1,-1
P2RY2,-1
CRTC2,-1
ZNF564,0
TRIOBP,-1
ATL1,-1
SARNP,-1
BCLAF1,1
DBP,-1
OR51D1,-1
FAM83A,-1
PRSS22,-1
WDR18,-1
ITGA3,-1
IL17RA,-1
DCTPP1,-1
PANK4,-1
SEC23B,-1
TTI1,-1
ASB18,-1
IGKV2-24,-1
TUBA8,-1
DIAPH3,-1
ZNF638,-1
ZNF445,0
DNAJC11,-1
DAPK2,-1
PPP1R14B,-1
PTPRF,-1
TRIM11,-1
TTLL12,-1
RINT1,-1
PRELID1,-1
IL5RA,-1
RPL3L,-1
RAB6B,-1
MSH6,1
TRIM56,-1
NANOG,-1
DNAAF1,-1
HERC5,-1
EHHADH,-1
CXCR6,-1
EHMT2,-1
MMP24,0
DENND4B,-1
CLTCL1,1
FBXO30,-1
SASS6,-1
CLCN7,-1
ALDH2,-1
EPM2A,-1
FUT2,-1
CEP250,0
OGDH,-1
HTR3A,0
ATP12A,-1
ASB8,-1
SNRPC,-1
AMFR,-1
ITGB4,-1
RABEP1,-1
ELP3,-1
KDM4B,-1
ZNF784,0
TAS1R1,-1
TNFSF8,-1
BCOR,1
EMC1,-1
EMILIN2,0
PIF1,-1
RHOT2,-1
SFXN4,-1
ZNF552,0
ZNF708,0
PPP1R2,-1
RNF6,-1
AKAP3,0
CAND2,-1
ANAPC5,-1
CTDSP1,-1
IFITM1,-1
TBC1D22A,-1
CLK2,-1
SLC2A2,-1
DENND5B,-1
CSPG4,-1
ACSS2,-1
SSR3,-1
TCIRG1,-1
SWAP70,-1
SAMHD1,-1
CDH19,-1
LPA,-1
CHST13,-1
PLA2G4A,-1
CCL27,-1
ZXDC,-1
ERBB4,1
GPR84,-1
VWDE,0
PLA2G6,-1
SLC12A3,-1
HS3ST2,-1
ARAP3,-1
GDF2,-1
AAR2,-1
TMEM30B,-1
ASH2L,-1
CAPN12,-1
MYLK,-1
ANTXR2,-1
ATF2,-1
NCOA6,-1
ZNF600,0
KMT2C,1
EPAS1,1
ZNF559,0
CARD14,-1
ATXN7,-1
CCS,-1
ERN2,-1
RBM20,-1
PCDHGA1,-1
PGK2,-1
COMMD8,-1
NCAM1,-1
SULF1,-1
ZNF407,-1
ITGA5,-1
SERPINB10,-1
CERS5,-1
CYP24A1,-1
MYBL1,-1
DNMT3A,1
MOGS,-1
TNPO1,-1
SLC16A2,-1
HORMAD1,-1
CATSPERB,-1
FMN2,-1
DNAH8,-1
PTGER3,-1
UBE2N,-1
WNT8B,-1
GPR19,-1
COL4A2,-1
ADH6,-1
GPR34,-1
ZNF593,-1
ARHGEF6,-1
RPS3A,-1
DNAJA3,-1
CHRNB3,-1
AGT,-1
SPAG16,-1
SEMA3E,-1
RPN2,-1
SYCP2,-1
ANAPC1,0
TCTN1,0
GABRP,-1
URB1,-1
CHERP,0
CNTROB,-1
SIN3B,-1
SEMA3D,-1
ZNF283,0
AP4S1,-1
KCNK5,-1
SLC16A13,0
KLHL8,-1
KIF21A,-1
FBXO11,1
DENND4C,0
UBR1,-1
WWC1,-1
FANCL,0
GLB1L3,-1
VHL,1
MMP28,-1
BRINP3,-1
SLC8A2,-1
OR5H2,-1
KIF6,-1
GOLGB1,-1
SLC8A3,0
TTI2,-1
PPA1,0
PPP2R5E,-1
IRX3,-1
CLCNKB,-1
LGALS3BP,-1
TMOD1,0
MAP2K2,1
PLD6,-1
GPT,-1
ATP13A3,-1
KLHL7,-1
PI4KA,-1
ERBB2,1
SCUBE1,-1
GNB5,-1
GGT5,-1
HEXB,-1
MEGF8,-1
NAPB,-1
HMOX2,-1
LCE1F,-1
DSP,-1
AKR1A1,-1
CHMP4A,-1
SLC22A5,-1
ZNHIT3,-1
MARVELD3,-1
BAZ2A,-1
BRAP,-1
NEK8,-1
FLG2,-1
FASTKD5,-1
USH1G,0
CDH17,1
EEF2K,-1
AKAP1,-1
RPN1,-1
YBX2,-1
SLX4,-1
RPS14,-1
NEDD4L,-1
SOX15,-1
STK40,-1
TIAM2,-1
CDYL,-1
USP3,-1
AQP12B,0
HECW1,-1
POU3F2,-1
DPEP3,-1
PAX3,1
EBF3,-1
NRXN2,-1
RPH3A,-1
ZNF438,0
IGF2R,-1
ARHGAP20,-1
TMCC2,0
TRPV4,-1
ZNF668,-1
OR4C11,-1
PLK4,-1
RASSF6,-1
MTFR1,0
SMARCAL1,-1
ZKSCAN5,-1
ATP8B3,-1
PARK2,-1
CDK8,-1
MAP7D2,-1
SOS2,-1
HOXB4,-1
CLEC2D,-1
ENG,-1
ZBTB48,-1
LAMC3,-1
ST6GALNAC2,-1
ERN1,-1
WDR75,-1
ENPP3,-1
IFIT2,-1
RNF25,-1
NEU1,-1
SPDYA,-1
RBM19,-1
SCNN1A,-1
LTN1,-1
FBXL16,-1
DCLK1,-1
UGT2B28,-1
SLAMF6,-1
LGALS8,-1
CHAF1A,-1
FBXL4,-1
FGF1,-1
HACL1,-1
FARSA,0
CDK1,-1
DCT,-1
RASA1,-1
COL26A1,0
CEP97,-1
NYAP2,-1
TRPC7,0
PTPN3,-1
ADAM23,-1
ATP1B1,-1
MID1IP1,-1
FADS1,-1
SRCIN1,-1
FRMD4A,-1
MTR,-1
ABCE1,-1
CENPJ,-1
NUAK2,-1
CHD9,-1
AMDHD2,-1
ZNF793,-1
NOS3,-1
LRRC25,-1
WDFY3,-1
AGXT,-1
IFNK,-1
PEG3,-1
RALGPS2,-1
ZNF160,-1
FAM83H,-1
CHMP2B,-1
TINF2,-1
OGN,-1
MYCN,1
IFIT5,-1
TRERF1,-1
ANKRD52,-1
THEMIS,-1
MOB1B,0
DCAF13,-1
DDR1,0
ACTB,-1
TERT,1
TRAPPC10,0
ZNF257,-1
CHEK1,-1
ABCB1,-1
TLR3,-1
INVS,-1
RBL2,-1
RGPD4,-1
TUBB4A,-1
SLC25A13,-1
PSG9,-1
LYAR,-1
CHST9,-1
PPP2CB,-1
PTH2R,0
FAT1,1
ACTA1,-1
MSR1,-1
FBP2,-1
SEC31A,-1
ABCA13,-1
HDLBP,-1
PRLR,-1
GUCA2A,-1
PPP1R15A,-1
LTB4R2,-1
CHD4,1
CARD6,-1
IRF5,-1
SDAD1,0
SNURF,0
P2RX1,-1
SV2C,-1
MAP3K8,-1
AGTRAP,0
DDAH2,-1
MRC2,-1
SPHK1,-1
USF1,-1
PRNP,-1
MAN2A1,-1
PRPF4B,-1
CLSTN1,-1
SPINT2,-1
YEATS2,-1
IL2,-1
TMEM186,0
OSBPL11,-1
GAS6,-1
OXA1L,-1
FBL,-1
ZNF93,-1
NPR2,-1
EDN3,-1
CAMKK1,0
CPSF7,0
OR52E2,-1
OR2M3,-1
AKIRIN1,-1
GSTM4,-1
DLEC1,-1
OLA1,-1
CTRC,-1
L3MBTL1,0
PSG11,-1
IMMT,-1
PHRF1,-1
NCAPD2,-1
PLS1,-1
LTF,-1
NFKBID,0
KRT27,-1
CUX1,1
PDIA4,-1
ZNF675,0
CTDSPL,-1
IKZF3,-1
MXI1,-1
FITM2,0
SPDYE1,-1
PIK3AP1,-1
GPX8,-1
KPNB1,-1
PELP1,-1
PAK1,-1
OR2T2,-1
RDH5,-1
FDXR,-1
BCAR1,-1
PLOD1,-1
ABL1,1
CACNG8,-1
SHC2,-1
CD300C,0
FZD5,-1
DCLRE1B,-1
KDM5A,1
NTN1,-1
LRRC32,-1
RPP40,-1
ZNF597,-1
RCAN2,-1
MEP1A,-1
LPIN2,-1
DMBT1,-1
CD22,-1
AP4M1,-1
SEC23A,-1
ZNF548,-1
DMXL2,-1
TIMM23,-1
ZNF607,0
BRCA2,1
PGLYRP2,-1
DDX20,-1
RPS20,-1
ASB2,-1
CCZ1B,-1
CAPZA3,-1
MYL12A,-1
CAMTA1,1
E4F1,-1
CENPA,-1
CCDC39,-1
TAS2R41,-1
CCDC115,-1
ARHGEF19,-1
PTPRM,-1
NOLC1,-1
FLCN,1
PIP4K2A,-1
UGT3A2,-1
ACTC1,-1
SLC39A4,-1
LMOD3,-1
CD27,-1
MRPL11,-1
PTGER4,-1
MYCT1,-1
DOT1L,-1
MAN2B2,0
SFPQ,1
ACO2,-1
INPP4A,-1
ZIC1,-1
GTF2H4,-1
STOML2,-1
SFMBT1,-1
ADCY1,-1
INPP4B,-1
OR4C15,-1
PDCL3,-1
MMP13,-1
DDX23,-1
DGKE,-1
STRN4,-1
RFX2,-1
OBSCN,-1
GEN1,-1
LEF1,1
GGCX,-1
PCDHGA2,-1
RASGRP3,0
ZBTB10,0
HOXA7,-1
ARHGEF28,0
DGCR8,1
GMPPA,-1
CFHR2,-1
ADAMTS12,-1
NF2,1
DSN1,-1
DCTN3,-1
VPS36,-1
CSNK1E,-1
RBM6,-1
FOLR3,-1
SPTB,-1
TRAK1,-1
ALKBH8,-1
ZNF830,-1
PAAF1,0
CADM3,-1
PSPC1,-1
PCDH20,-1
PAX8,-1
CTDP1,-1
TRIM22,-1
SNAP91,-1
PPP6R2,-1
DDX10,1
TMPRSS4,-1
SELL,-1
ALDH4A1,-1
DMPK,-1
COL1A2,-1
AGRN,-1
ATG13,-1
ALDH1L2,-1
NKD1,-1
TCF4,-1
MAP7,-1
PARP15,-1
DST,-1
ITGB1,-1
EDEM1,-1
ITGA2B,-1
CHRNB1,-1
ZNF536,-1
MAP3K1,1
ZNF219,-1
PARP8,-1
ARHGEF10L,1
BCAN,-1
PRCC,-1
IDH2,1
HMOX1,-1
EP400,-1
PDGFRA,1
POLR2B,0
CCP110,-1
KRT73,-1
RP9,-1
C7,-1
PDIA2,-1
SLC16A6,-1
SS18,-1
OR52D1,-1
TNN,-1
NLRP3,-1
SIM2,-1
TRIT1,-1
CHD1L,-1
RNF115,0
BCL6,1
KCTD1,-1
AGO2,-1
CLNK,-1
FEZF1,-1
MUC4,-1
ARHGAP42,-1
MCTP2,-1
F10,-1
ASH1L,-1
CARD11,1
RPL23A,-1
FRG1,-1
IMPDH2,-1
DDX43,-1
MVP,-1
PARP10,0
LMNB1,-1
MYO5B,-1
HERC1,-1
DUOXA2,-1
TUBB8,-1
AIM2,-1
BARD1,1
CEP290,-1
PGD,-1
COL4A3,-1
DUSP7,-1
HLCS,-1
HEY1,1
HOXA10,-1
THBS2,-1
ATP6V1A,-1
SBK1,0
TSC22D1,-1
UVRAG,-1
COL19A1,-1
COX7C,-1
ABCA5,-1
PRKAG2,-1
BHMT2,-1
CNTN4,-1
LMO7,-1
HDAC10,0
P2RY1,-1
ARHGAP29,-1
CNTN5,-1
EZH1,-1
ALPL,-1
ANAPC7,-1
PEX19,-1
STT3A,-1
TXN2,-1
FIZ1,-1
COL6A5,-1
PARL,-1
SALL4,1
ZMYND8,-1
BIRC5,-1
DBF4B,-1
MRPL45,-1
ZKSCAN2,-1
TICRR,0
MICALL2,0
EDC3,-1
DHX36,-1
TBX4,-1
APIP,-1
ESPL1,-1
TUBB1,-1
NF1,1
RGMA,-1
KATNAL1,-1
NKX6-1,-1
CUL3,1
CD5,-1
RORC,-1
ZFAND2B,-1
NOVA2,-1
VPS41,-1
SPC25,-1
HOXC8,-1
VIPR1,-1
ZNF558,-1
RNF38,-1
SMU1,-1
DNMBP,-1
ATM,1
CHRND,-1
ITGAM,-1
ZNF197,-1
GID8,-1
PIBF1,-1
TUBGCP2,-1
PCNT,-1
CTNNA2,1
SAA4,-1
PCDHGA8,-1
PEX2,-1
LPIN3,-1
RAB3GAP2,-1
TIGIT,-1
F2RL2,-1
UBP1,-1
CDC20,-1
NCBP2,-1
ZNF776,-1
SLC26A5,-1
NALCN,-1
PCDHGB6,-1
DGKH,-1
SIX4,-1
KIF13A,-1
SLC3A1,-1
ZBTB24,-1
PTPRE,-1
ZNF148,-1
PI3,-1
TERF2,-1
OR1S1,-1
KDM4A,-1
FBXW9,-1
ADAMTS15,-1
TCAP,-1
NEB,-1
NHLRC1,-1
CD163,-1
NUP133,-1
SIK3,-1
FAM50B,0
CACNA1H,-1
MRPS14,-1
IGKV1-5,-1
HES7,-1
BAAT,-1
QRFP,-1
CTNNA3,-1
KPTN,-1
GTF2A1,-1
ZNF211,0
GSTA2,-1
MEF2C,-1
THAP11,-1
MYH7,-1
TCF23,-1
HIBCH,-1
WDR59,-1
CDH13,-1
TMEM17,-1
SSX1,1
DMRTA2,-1
SBNO1,-1
MAEA,-1
ACSL1,-1
BRD3,1
STYK1,-1
CTC1,-1
BVES,-1
CLK4,-1
TROAP,-1
CHRM1,-1
TCP10L,-1
NDUFS3,-1
GOLIM4,-1
OR4A16,-1
CCKBR,-1
ZNF335,-1
SNX6,-1
OR5P2,-1
FNIP1,-1
CTSK,-1
ITGBL1,-1
CEP85,0
CAMK2B,-1
MORC2,-1
SCD5,0
CILP,-1
LMAN1L,-1
ANO10,-1
GCFC2,0
GCLC,-1
DEPDC1B,-1
RFFL,-1
DEDD,-1
ARHGAP1,-1
SUCO,0
RHOB,-1
POMT1,-1
VPS13C,-1
KIF2C,-1
SRPK2,0
GPLD1,-1
POLD4,-1
EP300,1
DHX33,-1
OFD1,-1
BLM,1
VDAC3,-1
GUCY1A2,-1
CEP120,-1
NOTCH4,-1
EEF1B2,-1
ATP2C1,-1
GBF1,-1
RBP3,-1
TTC21B,-1
MUC6,-1
ZNF692,-1
STAM,-1
NLRP10,-1
DEPDC5,-1
OR5H6,-1
PDE8B,-1
RAF1,1
ATXN3,-1
MGAT4B,-1
ZNF773,0
PPIG,-1
KCTD8,-1
NUAK1,-1
ABCA2,-1
ANK2,-1
CEP135,-1
FOXC2,-1
ATPAF2,-1
ADRA2A,-1
SZT2,-1
GFRA2,-1
POLR3C,-1
ABCB10,-1
PXDN,-1
CEACAM16,-1
DCHS1,-1
GALNT7,-1
MEIS2,-1
TBCE,-1
NTRK3,1
ELN,-1
SAFB,-1
PPP3CB,-1
TBPL2,0
COPS5,-1
CABIN1,-1
COL6A3,-1
AATF,-1
FANCG,1
STRC,-1
SH3BP5,-1
ZNF514,0
COL4A6,-1
EFS,-1
MYT1,-1
PAFAH1B1,-1
AIPL1,-1
IQCB1,-1
RP2,-1
NSD1,-1
SLC26A6,-1
PARP16,0
SGK2,-1
MCF2L,-1
GMPPB,-1
SLC12A7,-1
RPS8,-1
SLC24A3,-1
SLC30A8,-1
AQP6,-1
ARRDC1,-1
SERPINB3,-1
CLIC4,-1
ZNF181,-1
ADAM15,-1
NEK10,-1
USP40,-1
TRIP10,-1
PLXNA2,-1
BTRC,-1
PDYN,-1
RASSF3,-1
GPNMB,-1
ZBTB37,-1
MRPL44,-1
BDP1,-1
CHD6,-1
DGKD,-1
PLXNB2,-1
LSR,-1
UBTF,-1
CTNND2,1
ZFP41,0
P4HA1,-1
TBC1D15,-1
STRN,-1
CRTC3,-1
ALS2,-1
SLC25A3,-1
SLC28A2,-1
FOXA2,-1
TP53RK,-1
ATG4C,-1
RPS6KB2,0
RANBP10,-1
EPB41L1,-1
ZDHHC9,-1
NR2F6,-1
SAV1,-1
EGFL7,-1
NFYC,-1
CNOT10,0
SMARCA2,-1
STRN3,-1
TNPO3,-1
ZNF324B,0
HTRA1,-1
ATAD2B,-1
ITSN2,-1
NDUFB7,-1
CANX,-1
JDP2,-1
MYO18A,-1
DEFA6,-1
KLHL17,0
RHOBTB3,-1
ESR2,-1
MED12,1
MUC13,-1
IPO13,-1
DCTN1,-1
CDC25A,-1
NDST4,-1
DDX5,1
ABCA4,-1
WAC,-1
NYNRIN,-1
GTF3C5,-1
TGFBRAP1,-1
ARHGAP9,-1
USP35,-1
PPP1CC,-1
PPFIBP1,-1
RPL36A,-1
EED,1
DHDDS,-1
CACNB4,-1
GRIK4,-1
PGA3,-1
GALNT16,-1
RBM23,0
KIF26A,-1
SLC16A10,-1
ZNF660,0
ATRAID,-1
BRD4,1
SORL1,-1
UNC5A,-1
LIMK1,-1
NAV2,-1
KIF5A,-1
STON2,-1
SLC17A4,-1
TTC30B,0
PTGDS,-1
IL4R,-1
RAB6A,-1
RPS6KA2,-1
EPB41L4A,-1
KRT84,-1
RTKN,-1
CTSA,-1
DNAJA4,0
LRRFIP2,-1
ATP2B2,-1
ZNF461,-1
GFI1,-1
PTPRS,-1
PTPRH,-1
GAA,-1
EMC3,-1
ARHGAP30,-1
NCK2,-1
KRT6A,-1
PTPRK,1
SPACA1,-1
TEX11,-1
LAMC1,-1
ACIN1,-1
KANSL2,-1
MAG,-1
CAP1,-1
PRICKLE4,-1
RAB14,-1
COMMD7,-1
LSP1,-1
NCOA3,-1
PTPRN,-1
PFKL,-1
RPL10,1
BMI1,-1
NCOA4,1
PPP2R1B,-1
HNRNPA1,-1
MYO19,-1
VPS18,-1
CUL4A,-1
CUL9,-1
TPK1,-1
DCLK3,-1
ZNF627,-1
CIRBP,-1
NUSAP1,-1
TRMT1,-1
MDGA2,-1
PAPSS2,-1
AP3B1,-1
CASP8,1
XPOT,0
BABAM1,-1
MICU1,-1
SPIDR,-1
TJP2,-1
USP36,-1
PHACTR4,-1
PCDHGB3,-1
PCLO,-1
SHC4,-1
AUTS2,-1
FCHSD2,-1
FBN1,-1
NPHP1,-1
TM4SF5,-1
CASS4,0
SLC44A3,-1
ARF3,-1
ZNF134,-1
CARD10,-1
DPP3,-1
SLC16A9,-1
ITGA4,-1
KCNS2,-1
HSPA8,-1
DCC,1
RAD51AP1,-1
KLF3,-1
SHQ1,-1
OR10K2,-1
AARS2,-1
ANO4,-1
OR2B3,-1
SLBP,-1
FUT5,-1
CHMP1A,-1
NR2F1,-1
ZNF846,-1
OR5B3,-1
TAF1B,0
RPAP3,-1
CREB3L1,1
ZNF502,0
TRIP11,-1
PRDM15,-1
BOD1L1,-1
PUS7,-1
SCN5A,-1
SLC34A2,1
FANCM,-1
TUBGCP6,-1
DNTTIP2,-1
BRSK2,-1
ZNF426,0
DFFB,-1
IBA57,-1
ABLIM2,-1
SATB1,-1
ESX1,-1
SLC5A7,-1
BRWD3,-1
CLPX,-1
ZNF394,0
MVB12B,0
SLC22A1,-1
RELA,-1
TFR2,-1
CSNK2A1,-1
ZBTB11,-1
PCDHGA7,-1
KCNC2,-1
SIGLEC12,-1
NTM,-1
HAT1,-1
PIK3R2,1
SRRM2,-1
SLC1A5,-1
CDC42BPB,-1
ARCN1,-1
SSX2IP,0
SH2D3C,-1
ST14,-1
ZNF687,-1
SH2B2,0
TAF1,-1
DPY19L3,-1
NCL,-1
EXD2,-1
ASB16,-1
GABRQ,-1
ARHGEF10,1
PRDM13,-1
ZMPSTE24,-1
SPEN,1
ABCC12,-1
TADA1,0
REST,-1
HUWE1,-1
BEST4,-1
PYDC1,-1
PPIL2,-1
MOGAT2,-1
ATP4A,-1
ATAD5,-1
ZNF665,0
HOXA9,1
CLDN18,0
NCKAP1L,0
EYA2,-1
OR10G8,-1
RASSF9,-1
FREM2,-1
MTHFD2,0
SETDB2,-1
RP1L1,-1
ALMS1,-1
POLR3E,-1
CYP2A7,-1
WNT16,-1
NAB1,-1
INPP5E,-1
BIRC2,-1
METTL5,-1
SEMA3F,-1
IPO4,0
FASTKD3,-1
MASP2,-1
SCRIB,-1
YAP1,-1
MED7,-1
HIVEP2,-1
RFX4,-1
INTS9,-1
OR10G9,-1
PCSK1,-1
SPRY2,-1
TRIP6,-1
MAP4K2,-1
RBM10,1
DDX17,-1
FBXL5,-1
WNK3,-1
OR6Y1,-1
FOXN3,-1
HERC3,-1
VIM,-1
PLOD2,-1
PHF20,-1
SMCR8,-1
ADAMTS6,-1
SREBF1,-1
LILRA5,-1
ABCC9,-1
HNRNPC,-1
RAB3GAP1,-1
CDC42BPG,-1
FKBP8,-1
ZNF320,-1
DNAAF2,0
SPTAN1,-1
LCE2C,-1
IFI35,-1
POU5F2,0
MCRS1,-1
PCSK5,-1
ZBTB20,-1
RGL4,-1
LMF1,-1
DPF2,-1
PRKACG,-1
COG4,-1
TAF8,0
UBL7,-1
COL12A1,-1
CD96,-1
ZNF503,-1
TTN,-1
MLXIPL,-1
SS18L1,-1
SETD9,-1
TRBV20-1,-1
KIF19,0
KRT80,-1
DNAH14,-1
ZIM3,0
OR5T3,-1
TLE3,-1
GNS,-1
RPL26L1,0
PLEKHM2,-1
PRDM5,-1
RABEP2,-1
KRT6B,-1
TEKT2,-1
SLC9A3R1,-1
TGM1,-1
SMG1,-1
ZNF584,-1
NSRP1,-1
CATSPER2,-1
PEX6,-1
FGF5,-1
OR8K3,-1
FLT3,1
ZNF354B,-1
UQCR10,0
OR10A2,-1
MSL1,-1
TNIP1,-1
NBEA,1
PIAS1,-1
ETS1,-1
PHF19,-1
CDON,-1
ZNF695,-1
TOR1AIP1,-1
PEX10,-1
GABRG1,-1
CELF6,-1
DDO,-1
TNS1,-1
ZFP82,0
NOL6,-1
MUC15,0
ZNF684,0
SF3B3,-1
MYO10,-1
ESYT1,-1
HOXC10,-1
MPO,-1
HMGCS1,-1
ACTR8,0
SBF1,-1
HNRNPDL,-1
OR14C36,-1
IGFBP2,-1
PPP1R13B,-1
ASCC2,-1
WNK2,1
PTPRT,1
UPF1,-1
NAF1,-1
ADAM19,-1
PAK4,-1
TCHH,-1
SIM1,-1
MMP10,-1
ARHGEF12,1
SLC4A1,-1
JMY,-1
SORCS2,-1
ATG2A,-1
IGLL1,-1
GBA2,-1
CD1A,-1
RTN4,-1
CNNM1,-1
STXBP1,-1
WTIP,-1
PTGDR,-1
IGHG2,-1
TDRD1,-1
DMD,-1
NRAS,1
POU4F3,-1
SLC26A3,-1
POFUT1,-1
FDPS,-1
PLCB3,-1
CD180,-1
TUBB4B,-1
REPS1,-1
SSH2,-1
ZNF28,-1
AHCTF1,-1
ME2,-1
CPSF2,0
SIGLEC10,-1
PARVG,-1
TOP3A,-1
CD1C,-1
PURA,-1
MYBBP1A,-1
SPATA13,-1
OR2T1,-1
MPG,-1
COLEC10,-1
NABP1,0
ICAM5,-1
AURKB,-1
KNG1,-1
MYF6,-1
CAB39,-1
FBLN5,-1
ZNF497,-1
SESN1,-1
NABP2,0
PLXNA3,-1
KPNA4,-1
LTBP3,-1
STMN4,0
SMPD1,-1
FCER1G,-1
TBC1D9,-1
SLC6A4,-1
PRELP,-1
WEE2,-1
PC,-1
SLC12A4,-1
SLC14A2,-1
OR10A6,-1
SCAF1,-1
ENO1,-1
ATL2,0
MYO18B,-1
IFNG,-1
ITGAE,-1
ACE2,-1
ROBO4,-1
HMX3,-1
ILF2,0
TTR,-1
SLC2A9,-1
IPO9,0
IRF7,-1
LAMP2,-1
LONRF2,-1
CCNG2,-1
MYOC,-1
KIAA0226,-1
OSMR,-1
PSMD12,-1
PRCP,-1
PARD3,-1
ZNFX1,-1
TNFSF15,-1
ZNF71,-1
ANO5,-1
USP5,-1
DUSP26,0
OR11L1,-1
SLC6A17,-1
JADE2,0
ATG10,-1
ZNF699,-1
SLC30A9,-1
IARS2,-1
ZFHX3,1
ATF6,-1
MLNR,-1
ABCA10,-1
OR1D5,-1
ZNF254,-1
CHGB,-1
ELAVL2,-1
TSNARE1,0
NKIRAS1,-1
KDM3A,-1
B3GAT3,-1
IDH3B,-1
LAMB3,-1
MITF,1
LCA5,-1
NUP205,-1
INO80C,0
DHX35,0
IKZF5,0
WDTC1,-1
CELA2A,-1
TRPV2,-1
CAPN5,-1
KCNH8,-1
UTP20,-1
KANK2,-1
SNAI2,-1
ALDH1A3,-1
VGLL3,-1
UBE2D2,-1
POLL,-1
KIF27,-1
NEUROG3,-1
CENPT,-1
FOXO1,1
MS4A7,-1
BBS2,-1
ZNF274,-1
LRP4,-1
DNAH11,-1
VTI1B,-1
FOXG1,-1
OMG,-1
SUMF1,-1
FOXP4,-1
MED18,-1
SENP1,-1
PSD2,-1
ZNF853,-1
ESF1,0
TSR1,-1
COPB2,-1
PPP5C,-1
COL10A1,-1
RNF135,-1
NUP188,-1
MYNN,-1
TBC1D9B,-1
SPAG9,-1
E2F2,-1
HMGCL,-1
NDUFV3,-1
FERMT3,-1
BPTF,-1
PIPOX,-1
CTCF,1
EXOC7,0
GPD2,-1
METAP2,-1
PPP1R9A,-1
VPS13B,-1
ADM,-1
SNX12,-1
GABRG3,-1
ULK2,-1
PPP1R3G,-1
PWWP2B,-1
KCNV2,-1
DDX24,-1
IWS1,-1
UROD,-1
RND2,-1
NCKIPSD,-1
SENP7,-1
E2F3,-1
ATIC,-1
SENP5,-1
CD200R1,-1
TACR2,-1
DSG1,-1
ITGA1,-1
FAT4,1
NRIP1,-1
ZNF366,-1
NLRP6,0
SLC38A9,-1
QSOX2,-1
NCSTN,-1
OR5I1,-1
IGHM,-1
TLE2,-1
NME8,-1
SLC13A1,-1
CTTNBP2NL,-1
HNF4G,-1
CREBRF,-1
GLYAT,-1
NOL9,0
PTPRB,1
PLEKHH3,0
PIWIL3,-1
TGFA,-1
ABCA6,-1
SLC11A1,-1
ZNF79,-1
ZNF700,-1
POLQ,1
DGKQ,-1
ZDHHC7,-1
PIAS2,-1
TPH1,-1
MR1,-1
CSNK2A3,-1
ATP6V0A2,-1
GRIA2,-1
SLC16A4,-1
GTF3C1,-1
UCP3,-1
TBX15,-1
BPIFA1,-1
CYP1B1,-1
MSTO1,-1
SPRY1,-1
ZMIZ2,-1
FRAS1,-1
TRAPPC9,-1
UBE2K,0
PRPF18,-1
IL22RA2,0
PFKP,-1
FBXL8,-1
AFF1,-1
ZNF429,1
HOXD11,1
DUSP4,-1
FOXC1,-1
EIF2B5,-1
PLS3,-1
KLHL6,-1
ARHGAP31,-1
LAMA4,-1
ACOX2,-1
FMO2,-1
ZNF135,-1
MPC2,0
SP140,0
PDE6A,-1
UGGT1,-1
OASL,-1
ACADVL,-1
VMP1,-1
IQCE,-1
HIP1,1
VAC14,-1
KLB,-1
DUOX1,-1
PSMA8,-1
TOMM40L,0
FXR2,-1
LMNA,-1
CEP78,-1
OR5AS1,-1
GPR50,-1
KIF1A,-1
ZNF658,-1
MAP2K5,-1
CLCN5,-1
ANKS4B,-1
QSOX1,-1
DOCK2,-1
SPDEF,-1
JAK2,1
RFX5,-1
FMR1,-1
PSMC3,-1
ADAM20,-1
COG6,-1
MYH1,-1
ATP9B,-1
MAGT1,-1
HEATR1,0
RPL22,1
TGIF2,-1
BCAM,0
USP20,-1
KDM5B,-1
ARPC2,-1
RNF103,-1
CREB3L3,-1
PDPR,-1
CHST6,-1
LOX,-1
ZNF569,-1
PCDH12,-1
ZNF521,1
RFX1,-1
BCR,-1
LLGL1,-1
PRKCD,-1
STXBP5,-1
CA13,-1
DRG1,-1
NLRP2,0
F13B,-1
MAGOHB,0
POP1,-1
MMP16,-1
CAMTA2,-1
CHL1,-1
WNK1,-1
DLGAP1,-1
RPS16,-1
FBXL20,-1
CC2D1B,0
CWC27,-1
TBC1D10A,-1
MAT2A,-1
IPO7,-1
SOX17,-1
LRPPRC,-1
MED11,-1
SPDL1,-1
TCN2,-1
DAGLA,-1
SPSB2,-1
ZNF2,-1
TRBV5-6,-1
HLA-C,-1
COX10,-1
CELSR1,-1
SGK1,1
VWC2L,0
ATP6V1B2,-1
ELMO2,-1
ING4,-1
CTGF,-1
ASCL4,-1
WDR81,-1
PEX16,-1
GPN1,0
AGPS,-1
HDGF,-1
AK8,-1
GRIN2B,-1
NGFR,-1
TNFRSF19,0
SMPD3,0
ERC1,-1
IFT57,-1
ROS1,1
UNG,-1
FGD6,-1
SFI1,-1
KLK5,-1
ITGB2,-1
MORF4L1,-1
ZNF543,-1
PDE1B,0
PTPRG,-1
VPS11,-1
PIAS4,-1
SRSF5,-1
SHH,-1
USP28,-1
PLCH1,-1
NDST3,-1
CHD1,-1
GPR55,-1
SLIT1,-1
PAPSS1,-1
FGF21,-1
GMPS,-1
NEK3,-1
SERPINF1,-1
EIF4B,-1
KLHL21,-1
ABCG4,-1
CDK19,-1
NR2E1,-1
PNPLA5,-1
SNTB1,0
SLC2A4,-1
SLC38A8,-1
GP1BA,-1
SULT1B1,-1
KIF4B,-1
RFPL3,-1
F2,-1
TMED3,0
RHEB,-1
CC2D2A,-1
SLC6A13,-1
SLC6A12,-1
KLHL9,-1
CPNE4,-1
TAS2R31,-1
WWC2,-1
VCP,-1
TRPA1,-1
SRSF8,-1
SOCS3,-1
KAT7,1
ARRDC3,-1
BCORL1,1
ZNF606,-1
CNGB1,-1
NUDT3,0
NELL2,-1
FBXW12,-1
BCL2L10,-1
KCNN3,-1
RIPK4,-1
BAG4,-1
PER1,1
ALPK3,-1
OR52B2,-1
OR52B6,-1
BANP,-1
CGNL1,-1
CD84,-1
AFF3,1
IGKV3D-15,-1
ALDOC,-1
B3GAT1,-1
FBXL6,-1
GABRA3,-1
CR1,-1
RAB11FIP1,-1
OR52K1,-1
NBAS,-1
MYO1B,-1
DIS3L2,-1
EXOC2,-1
HPX,-1
PIGK,-1
TTC8,-1
SLC20A1,-1
DAPP1,-1
TPX2,-1
BAG6,-1
KCNA2,-1
CYFIP2,-1
ZNF688,-1
DLD,-1
RAP1GAP2,0
PHF10,-1
L3MBTL3,0
PCDHGC4,-1
MYO5A,-1
SLC4A7,-1
KRT18,-1
UNC79,-1
TIMM8B,-1
BCKDK,-1
OR56A3,-1
NID2,-1
CYP2C8,1
TBC1D14,-1
COPS2,0
ARHGAP15,-1
TAF1L,-1
ERLIN1,-1
CNEP1R1,-1
SCN4A,-1
OR5F1,-1
PTCH2,-1
TRIM31,-1
ERP29,0
CAMK1G,-1
RBM15B,-1
TRIM2,-1
ADSL,-1
GRAMD1B,-1
ATN1,-1
LAG3,-1
RPL10A,-1
MSI1,-1
USP4,-1
ADAMTS5,-1
RAG2,-1
POLE,1
SEMA5A,-1
RALGAPB,0
NPHP3,-1
KIR3DL3,0
CDK12,1
DDX54,-1
POMGNT1,-1
FBXO45,-1
FZD2,-1
ANXA3,-1
NDUFV1,-1
SHANK2,-1
ARFGEF2,-1
ABLIM3,-1
FGD1,-1
CYP3A7,-1
TAF7,-1
KMT2A,1
VPS39,-1
LARP1,-1
ZNF831,-1
ITPR3,-1
HK3,-1
NPTN,-1
CELF1,-1
CD2AP,-1
AP5M1,-1
PIGU,-1
ZNF585B,0
DNAH2,-1
TRAPPC8,-1
ZNF48,0
ATP1A3,-1
MRPL39,-1
SLC1A6,-1
REPIN1,0
PANK3,-1
POU6F2,-1
OPN4,-1
PLXND1,-1
OR6V1,-1
ALG9,-1
MRPL32,-1
KIF3C,-1
MUC20,-1
PLIN3,-1
TLK2,-1
KATNAL2,-1
EAF2,-1
PHKG1,-1
SSX5,-1
USP44,1
VPS28,-1
NOXRED1,-1
CDC42BPA,-1
SH3GL3,-1
WDFY4,-1
ZNF676,0
TBK1,-1
SMYD2,-1
CHD8,-1
TTLL11,0
APH1A,-1
SNRNP48,0
ZNF780B,-1
WNT2B,-1
PARD3B,0
MASTL,-1
ING3,-1
STAB2,0
SORCS1,-1
ARHGAP26,1
QRICH1,-1
XIAP,-1
AKR1B15,-1
ITGA11,-1
ATF7,-1
SEMA4C,-1
CDH26,-1
CTSL,-1
TSHZ3,-1
CD1D,-1
TP53INP1,-1
MYO3B,-1
ERCC5,1
SUGP1,-1
GTF2IRD1,-1
PABPN1,-1
WDR5B,-1
NAALAD2,-1
GPCPD1,-1
CCR2,-1
TTLL7,0
GRSF1,-1
MLLT6,-1
VWF,-1
ITGA10,-1
PPP6R3,0
GMEB1,-1
ANKRD2,-1
SMAD9,0
MIS18BP1,0
SPTLC2,-1
CTNNAL1,-1
C8A,-1
OR52J3,-1
NEUROD6,-1
SMG6,-1
MRPL40,-1
USP39,-1
FZD4,-1
PSD3,-1
DCPS,-1
MED13,-1
ZNF613,0
RPL11,-1
RFX3,-1
HAO1,-1
HPS3,-1
SEMA4D,-1
FBXL19,-1
FARP2,-1
IGHG4,-1
KPNA2,-1
COL15A1,-1
DSG3,-1
GALNT2,-1
MTHFD1,-1
OR2A14,-1
IREB2,-1
TULP3,-1
SCRN2,-1
ESR1,1
SH3BP4,-1
ABCD4,-1
HSD17B4,-1
LAMA5,-1
HOXB13,-1
LSM5,-1
BRD8,-1
HTR2B,-1
FLNB,-1
PDP1,-1
ADAM10,-1
HPS5,-1
ANKRA2,-1
UBE4B,-1
NFAM1,-1
MAOB,-1
IL17B,-1
DHX16,-1
EEF1G,-1
ZNF598,-1
SYDE1,-1
SHF,-1
MAPT,-1
COL6A6,-1
JAK1,1
LARP7,-1
ATP13A2,-1
HTATSF1,-1
DHX40,-1
GIT2,0
STK25,-1
ADAM11,-1
DOHH,-1
PPL,-1
JAGN1,-1
PITX1,-1
ARFGEF1,-1
WWP1,-1
GAS7,-1
ZNF214,-1
ANK3,-1
EID1,-1
ZBTB21,-1
PICALM,-1
MAGEF1,-1
DLX5,-1
GNAI1,-1
STAG3,-1
SNCAIP,-1
BRINP2,0
PTPRO,-1
FGD3,-1
PDCD4,-1
SLC13A4,-1
ITGB3,-1
MADCAM1,0
KANSL1,-1
IGLV7-46,-1
FRMD4B,-1
HNRNPLL,-1
SPTBN4,-1
FBN2,-1
ZNF35,-1
PLAU,-1
GLI3,-1
SNX9,-1
CDC73,1
PSMC3IP,-1
SLIT2,-1
SPATA20,-1
COL28A1,-1
UBA52,-1
CIC,1
ZNF227,-1
PPARGC1A,-1
PER3,-1
GSDMA,-1
KRT85,-1
OR10K1,-1
SALL3,-1
REC8,0
BBX,0
HSPD1,-1
HIVEP1,-1
RNF213,-1
PPFIA3,-1
API5,-1
ARHGAP36,-1
AFP,-1
DHRS4,-1
MAPK6,0
LRRC14,-1
SLC7A13,-1
KRT40,-1
MKKS,-1
EDRF1,0
KLHL22,-1
FSD1,-1
NLRX1,-1
ULK1,-1
HOXA1,-1
STX18,0
SMC1B,-1
RPS6KA5,-1
GPR20,-1
ZWILCH,-1
GLRX2,-1
NOS2,-1
TJP1,-1
ZNF639,0
SLC18A3,-1
AGK,-1
ZFAT,0
CACNA1I,-1
GUCY2D,-1
ZNF674,-1
HIF1A,1
NDUFB4,-1
ABCC6,-1
FREM1,-1
PRRC2B,-1
NPR1,-1
MYOM2,-1
PKP2,-1
OR6B2,-1
HPS1,-1
STAT6,1
CHRM3,-1
PGLYRP3,0
DMP1,-1
BFAR,0
MAPK10,-1
NLRP5,-1
VEZF1,-1
ALDH3B1,-1
CAMK1,-1
IKBKB,1
ITGB8,-1
NEK7,-1
PRKRA,-1
ASAP2,0
ZNF493,0
EPHB6,-1
RECQL4,1
DNTTIP1,-1
SNX5,-1
LIPE,-1
COL7A1,-1
MYLK3,-1
ATXN2,-1
CLU,-1
RAB3D,0
UFM1,-1
CNOT6L,-1
HELZ2,-1
FEM1C,0
FOXF2,-1
MAP1A,-1
SDHD,1
WFDC12,-1
PSD4,-1
TTK,-1
TTBK2,-1
ZNF485,0
STARD3,-1
DSC3,-1
RORB,-1
RB1CC1,-1
ZNF786,0
TAS2R50,-1
MGRN1,-1
SPATA7,-1
ADAM12,-1
ABCG5,-1
COL16A1,-1
RANBP6,-1
RNF31,-1
MMP15,-1
RIPK3,-1
PRPS2,-1
DMRT3,-1
R3HDM2,0
NACC1,-1
RNF128,-1
PUM2,-1
UBN2,-1
TRPM7,-1
PSMD4,-1
CABLES1,-1
CTDNEP1,-1
ZNF836,-1
CHAD,-1
TGOLN2,-1
RPRD1A,-1
BMP7,-1
NUS1,-1
NUP210,-1
LCOR,-1
ZNF8,-1
RARS2,-1
IQGAP3,0
RCHY1,-1
MAGI2,-1
LRRC8A,-1
APOL6,-1
CHCHD3,-1
ABCF2,-1
TBC1D16,-1
LIMK2,-1
NFE2L1,-1
RAPGEF4,0
OTOGL,-1
ZNF679,0
ZNF30,0
PMS1,1
HIPK1,0
COMMD2,-1
FAXDC2,0
SPTBN5,-1
ACADL,-1
ARAP1,-1
NPTX1,-1
RNF111,-1
KREMEN1,-1
ZNRF1,-1
PBX3,-1
ODC1,-1
BBS9,0
HS3ST6,-1
MAP7D3,-1
TXNIP,-1
MCUR1,-1
GPD1L,-1
MAN1C1,-1
PROKR2,-1
PSG8,-1
TEP1,-1
RTF1,-1
NAPA,-1
SBF2,-1
LAP3,0
NSL1,-1
APLP1,-1
DAPK1,-1
RING1,-1
SMARCAD1,-1
CSF2RB,-1
DENND2A,-1
MYH6,-1
LAMA3,-1
NLRC4,-1
BCL2L13,0
ZNF582,-1
EMG1,-1
HYDIN,-1
INTS6,-1
GPM6A,-1
CYP4F2,-1
SV2B,-1
ALK,1
ZNF572,-1
BIRC3,1
SENP2,-1
THRAP3,-1
EME2,-1
WRN,1
ADCY6,-1
FH,1
PRDM16,1
EIF4A2,-1
AKAP4,-1
E2F7,-1
BCCIP,-1
ZNF22,-1
TRIM62,-1
C3,-1
RABGGTA,-1
CFD,-1
SUV39H1,-1
B4GALT5,-1
FAM20C,-1
GUCY2C,-1
TSNAXIP1,-1
BSND,-1
ZNF473,-1
KAT6A,1
ICOS,-1
PCBP3,-1
SEC62,-1
NOS1,-1
ZNF451,-1
PSG4,-1
ZAP70,-1
KRAS,1
ACAA1,-1
ACE,-1
KCNC4,-1
GANAB,-1
IL17RD,-1
ZSCAN2,0
ASB4,-1
APAF1,-1
USP9X,-1
MSH3,-1
ADAM2,-1
ZFYVE27,-1
CCT7,-1
MFN1,0
PARP4,-1
OTOG,-1
SMG8,-1
ARHGAP6,-1
HLA-A,-1
KIDINS220,-1
POLD1,1
GBP2,-1
NEGR1,-1
WWP2,-1
TPCN1,-1
DROSHA,1
COX11,-1
NLGN4X,0
PPARG,1
RPIA,-1
SMC2,-1
WDR91,-1
LONP2,-1
PCDHA13,-1
HMGCS2,-1
NCAPD3,-1
DPP10,-1
SRSF1,-1
GSTT1,-1
SLC46A1,-1
RFX6,-1
SYT3,-1
MTMR2,-1
MAGEA4,-1
PDLIM3,0
ZNF229,-1
SPON2,-1
KCNN4,-1
MYO1H,-1
NOTCH3,-1
DXO,-1
GPC5,1
HERC6,0
ARHGEF4,-1
FCN1,-1
MZF1,0
GPR183,-1
CYP26A1,-1
XAB2,-1
ZNF549,0
POLR3A,-1
MRI1,-1
PPAT,-1
MAML3,-1
BRD2,-1
CDC5L,-1
MOV10L1,-1
ITPR2,-1
TTC4,-1
GABPB1,0
DDX52,-1
CER1,-1
GRIA1,-1
ZGPAT,0
NBN,1
AGAP2,-1
PLCB2,-1
VAMP1,-1
ECT2,-1
AKR1C3,-1
AVEN,-1
AGO4,-1
PER2,-1
SF3A1,-1
HERC2,-1
TSPAN15,-1
PSMB5,-1
EXOC1,-1
STK38L,-1
NAA10,-1
DDX60L,-1
P2RX5,0
CST9L,-1
RGS4,-1
PPIB,-1
CCR10,-1
CNTN2,-1
ZNF304,-1
CYP2A13,-1
CRX,-1
EIF4A1,-1
FAM161A,-1
ECE1,-1
AHCYL1,-1
ECH1,-1
CA9,-1
GPX1,-1
MAPK1,1
SDCBP2,-1
GNG12,-1
PBX4,-1
SF3A3,-1
SLC19A2,-1
DNM3,-1
RAB20,-1
ZNF217,-1
SLC6A9,-1
GTSF1,-1
GOLGA2,-1
RNF14,-1
MED26,-1
LRRCC1,-1
BIN1,-1
KCNQ4,-1
SUCLA2,-1
ANO6,-1
ZG16B,0
POM121,-1
JPH1,-1
CDT1,-1
CENPN,-1
GLB1L2,0
ZNF608,-1
SIL1,-1
ARHGEF5,-1
HTT,-1
CTNNA1,-1
RFC5,-1
CDH4,-1
PPP1R12B,-1
RBM5,0
CEP170,-1
DDX50,-1
PROS1,-1
TP53,1
SLC6A14,-1
OR2T34,-1
ZNF707,0
KALRN,-1
CPSF3,0
TECPR1,-1
ZNF280D,0
YY1AP1,-1
PSMD2,-1
RTN2,-1
CCT8L2,-1
PACS1,-1
PDE3A,-1
SLCO3A1,-1
KRT75,-1
DNAJB8,-1
KRT26,-1
RC3H2,-1
SCG2,-1
CTCFL,-1
PLA2G4E,-1
ALG5,-1
SKIL,-1
CALCR,-1
PTPRA,-1
PPP1R3A,-1
MICA,-1
TYW1,-1
EID2,-1
MATN2,-1
GJD3,-1
CPN2,-1
WWC3,-1
PLCD1,-1
RASGRF2,-1
LMBR1L,-1
PCDH18,-1
CCDC40,-1
FAN1,-1
MYO1F,-1
XYLB,-1
DIDO1,0
UTP6,0
LAT,-1
ALDH6A1,-1
CACNA1E,-1
ASB6,-1
EGLN1,-1
ZNF57,0
CPLX4,0
SGSM2,-1
AGPAT1,-1
GRXCR2,-1
PIP,-1
NLGN2,-1
EXT2,1
CDK13,-1
ACOX1,-1
POLM,-1
BUD13,0
PWP2,0
SLC25A40,-1
GPHA2,-1
URM1,-1
ADAMTS8,-1
ZNF561,0
ASXL1,1
PIK3C2B,-1
RYR2,-1
AKAP8,-1
MTA1,-1
RPA2,-1
NFKB2,1
PTPRZ1,-1
MAN2C1,-1
TEKT1,-1
SCYL1,-1
PAGR1,-1
EXPH5,-1
UNKL,-1
HSPB8,-1
EPOR,-1
DENND6A,-1
GABRB2,-1
GTF2F1,-1
COL5A3,-1
PCDHA4,-1
ZNF546,-1
CACNA1G,-1
NUMA1,-1
ZNF791,0
CNOT1,-1
ATP1A2,-1
GABBR1,-1
CFLAR,-1
MCAT,-1
SLC22A23,-1
MAD1L1,-1
LYZ,-1
MYO1E,-1
WDR19,-1
PHLPP1,-1
MTF1,-1
SDCCAG8,-1
OR52M1,-1
CEP63,-1
SUDS3,0
TUBB,-1
FAM13A,-1
ADAMTS7,-1
TMEM258,-1
ATP10B,-1
GMPR,-1
ZNF419,-1
COLGALT2,-1
CYBRD1,0
ATP6V0E2,-1
ZNF823,-1
RPTOR,-1
ACOT13,-1
PDE11A,-1
HOXA3,-1
NOP58,-1
PCDHAC1,-1
CKB,-1
TTYH3,0
PCCA,-1
ARL4A,0
FASTKD2,-1
ZNF557,0
LGR4,-1
KCNG1,-1
CHPF,-1
PFKFB3,-1
ZBTB12,-1
PSG1,-1
SMURF2,-1
TRMT10C,-1
SCAF11,-1
ZEB1,1
CPB2,-1
ABCA3,-1
NXF3,-1
NUDT16L1,-1
GUCA1B,-1
LMBRD1,-1
SERPINA6,0
RASAL1,-1
CACYBP,0
PEX11B,-1
NIN,-1
PPP2R5A,-1
OR2A7,-1
HEXA,-1
IKBKG,-1
CDHR2,-1
JPH4,0
PARD6G,-1
HDAC6,-1
TMEM63A,0
TPST1,-1
CTSF,-1
DERL2,-1
SUGP2,-1
MTSS1,-1
THBD,-1
APOBEC1,-1
CACNG2,-1
SOX18,-1
ARHGAP33,-1
PCDHB6,-1
RAB5B,-1
TOMM40,-1
HBS1L,-1
ELP4,-1
TOR1B,-1
ZNF140,-1
ESRP1,-1
WDR41,-1
PSME4,-1
GLMN,0
RAP1GDS1,1
HS3ST3A1,-1
UBR3,-1
ZNF581,0
LRFN2,-1
ATP11C,-1
USP42,-1
KIN,-1
CDH3,-1
ODF2,-1
ZNF350,-1
PTPN23,-1
APOBR,-1
NOM1,-1
ITGB1BP1,-1
DNAH9,-1
CPEB4,-1
SSB,-1
CNTN3,-1
LOXL1,-1
ARF5,-1
RAPSN,-1
TNFAIP8L2,-1
BEST1,-1
MAML1,-1
EXOSC8,-1
MMP17,-1
CDCA8,-1
PPP6R1,0
TESK2,-1
LUC7L3,-1
SNRK,-1
NEK1,-1
DBNL,-1
ACLY,-1
TSPYL5,-1
DOCK4,-1
ASXL3,-1
PCF11,-1
SMARCA5,-1
TXNRD1,-1
RBP2,-1
UBE2R2,-1
TRAV20,-1
TLR5,-1
XRCC5,-1
GNB1,-1
ST8SIA2,0
RRAS2,-1
SEMA7A,-1
ZNF404,0
CENPL,-1
UBAP2L,-1
NLE1,0
RECQL,-1
SALL1,-1
GRIK2,-1
PPP6C,1
IQSEC1,-1
TNFRSF14,1
MYO5C,-1
PRPF6,-1
PPM1A,-1
ZNF783,0
ASB15,-1
DECR2,-1
ZC3H11A,-1
TXNL4B,-1
NEK2,-1
VCL,-1
ZNF778,-1
POT1,1
BAIAP2,-1
CACNA1S,-1
ENPP1,-1
TJP3,-1
PSMA1,-1
PRMT7,-1
DDR2,1
PLA2G4F,0
OR6C1,-1
SLITRK2,-1
ZNF517,0
PREPL,-1
IRX6,-1
OCRL,-1
PLCG2,-1
HAND2,-1
TUBGCP3,-1
IFT81,-1
FBXO43,-1
CYFIP1,-1
ANAPC10,-1
PALB2,1
HAUS6,-1
UGT2B7,-1
MAP3K3,-1
CDC37,-1
GLT6D1,-1
NCAN,0
PHF1,-1
INTS8,-1
CACNA1B,-1
CSTF1,-1
ZNF799,-1
POLDIP2,-1
XPC,1
FHOD3,-1
PIK3CB,1
GINS2,-1
ADAM30,-1
NUP153,-1
GAD2,-1
XYLT1,-1
STUB1,-1
C4BPB,-1
ATR,1
BACE1,-1
ANAPC4,-1
NOL8,-1
ZNF33B,-1
CBX6,-1
SLCO6A1,-1
IL10RA,-1
PAX5,1
PRSS21,-1
DSG4,-1
TAP1,-1
PRKAR2B,-1
RNF216,-1
RCOR3,0
EVI5,-1
CASC3,0
ARIH1,-1
SCIN,-1
DCTN2,-1
TNKS2,0
HAGH,-1
MAP3K4,-1
SEC13,0
TSHZ2,-1
RRP12,-1
OR2L8,-1
ZNF644,-1
TNFSF10,-1
TNFRSF1B,-1
TRIP4,-1
SEC22C,-1
MAP3K6,-1
GNL3L,-1
GCC2,-1
RAET1G,0
HNRNPD,0
FOXO3,1
GRIK5,-1
PNRC1,-1
WFDC8,-1
POLR3GL,-1
POLD2,-1
ASIC5,-1
DNAH7,-1
MED13L,-1
SLC25A5,-1
SFSWAP,-1
RIN2,-1
CLOCK,-1
RNF181,-1
RANBP17,-1
NEDD9,-1
GDNF,-1
TDRD3,-1
AMT,-1
OR2B2,-1
PASK,-1
NPC2,-1
ACOT7,-1
ARHGAP11A,-1
CUBN,-1
STK17A,-1
RAC2,-1
KAT8,-1
ATF7IP,-1
COL18A1,-1
OR8D1,-1
YY2,-1
BMPR2,-1
OR8G5,-1
PARP1,-1
KCND3,-1
IRS1,-1
MIER1,0
KIF5C,-1
CDH9,-1
STAG2,1
CAMK2A,-1
RNF217,-1
ADAMTS3,-1
BCL9L,1
OR5D14,-1
CASP1,-1
RNF212,-1
NKX3-1,-1
ABR,-1
ERG,1
BMPR1B,-1
CACNA2D1,-1
CDH8,-1
NLRP4,-1
PCID2,-1
ADAR,-1
GPC2,0
CTSB,-1
PNP,-1
KLRK1,-1
PYGL,-1
HS2ST1,-1
ITFG2,-1
ARFRP1,-1
SCUBE3,-1
SLC13A3,-1
WDR55,-1
NRXN3,-1
CAPN2,-1
PLEKHA2,-1
GPR152,0
SLC16A11,-1
CCR7,1
SCAP,-1
IBTK,-1
NOTCH2,1
CACNA2D2,-1
EPB41L2,-1
LRRC8C,-1
KRT4,-1
ZC3H12C,-1
SKOR1,-1
CYP27B1,-1
PCDHGA4,-1
ADAMTS17,-1
NFAT5,-1
ZFP69,-1
ERAL1,-1
CST2,-1
AXIN1,1
FUT6,-1
CSF1R,1
RALGAPA2,0
RPRD2,-1
EPHA2,-1
EFR3A,-1
NXF1,-1
MET,1
NAP1L4,-1
SEC24C,-1
BIRC6,1
RHCG,-1
DOCK8,-1
EFNA1,-1
LAMB2,-1
PEX5,-1
WDR3,-1
SPINK1,-1
PPP1R12A,-1
PCDHGB7,-1
IKZF2,-1
PPFIA2,-1
KCNF1,-1
MAU2,-1
GLCE,-1
GAD1,-1
KRT72,-1
MYBPC1,-1
ZNF469,-1
PYGO2,-1
HTRA4,-1
SPINT1,0
EEFSEC,-1
ZNF425,-1
ERCC2,1
EPS15,1
BHMT,-1
EPHA3,1
CELF2,-1
DLAT,-1
CHST5,-1
GCNT3,-1
GTF2H2C,0
FRS3,0
ZNF43,-1
ZIC5,-1
LDLRAP1,-1
ACACB,-1
MAP3K12,-1
TBL1XR1,1
NUP98,1
SOST,-1
ELP2,-1
BAZ2B,-1
TNKS,-1
KBTBD8,-1
SLC24A1,-1
TMUB2,0
RBP1,-1
RPL26,-1
SHMT2,-1
TMEM67,-1
TAC4,-1
ARID5A,-1
ZNF292,-1
TPI1,-1
ACTL6A,-1
HRNR,-1
TSPYL6,0
NEUROD2,-1
SMARCC2,-1
GCM1,-1
RPGRIP1L,-1
MXD1,0
NTSR1,-1
TNR,-1
VCAM1,-1
APOB,-1
MAP3K15,-1
TMEM30A,-1
APPBP2,-1
ETFDH,-1
SENP8,-1
PKP1,-1
RNF123,-1
RASIP1,-1
METTL1,-1
CCNT2,-1
KRT9,-1
KLF6,1
SHROOM2,-1
SLC30A1,-1
UGT1A4,-1
DDX27,-1
ZNF479,1
ATP2B3,1
EDNRB,-1
VN1R2,-1
CDH23,-1
MRPL24,-1
UBC,-1
IGFLR1,-1
CP,-1
HUNK,-1
SEL1L,-1
MACF1,-1
SLC4A9,-1
POLDIP3,-1
PIK3C2G,-1
TAF3,-1
ACVR1B,1
KCNQ2,-1
EEF1A2,-1
ANGPTL3,-1
FNIP2,-1
XRN2,-1
ETV5,1
CDKL2,-1
TLR1,-1
BAP1,1
ZNF763,0
ADAMTS16,-1
MUC2,-1
RALA,-1
ATP1A4,-1
KEL,-1
NOX1,-1
NEDD4,-1
CCR9,-1
PLCZ1,-1
ENGASE,0
RGS22,-1
TACC3,-1
CBLC,1
CDHR3,-1
MLH3,-1
BSCL2,-1
RELB,-1
AOC2,-1
STXBP2,-1
LIFR,-1
EVPL,-1
SLC2A8,-1
RTEL1,-1
CRTC1,1
CREB1,1
SCAMP2,-1
IL31RA,-1
MEPCE,-1
DPAGT1,-1
LIMD1,-1
GNAI3,-1
UGT1A5,-1
ITPK1,-1
OLFM4,-1
ST8SIA4,0
MBNL1,-1
LAS1L,-1
ASCC3,-1
MYH13,-1
ABCC10,-1
ZNF443,0
DPYSL4,-1
PTK2B,-1
CD6,-1
ZMAT3,0
LGI4,-1
BTG1,1
ADAM32,0
CGN,0
EPS8L2,-1
PYGM,-1
CLPB,-1
TELO2,-1
ANGPTL6,-1
REV3L,-1
CACNA1C,-1
NGEF,-1
ADAMTSL4,-1
POLA1,-1
RANBP1,-1
RAB40C,0
PDE2A,-1
TBC1D1,-1
HSPG2,-1
ARID4B,-1
HAS3,-1
EID3,-1
ZNF841,-1
MAK,-1
NPAS4,-1
CAMK1D,-1
CITED2,-1
AP1M1,-1
ETHE1,-1
CHST7,-1
UPF3A,-1
PEX12,-1
RADIL,-1
STAT5B,1
ANGPT2,-1
ODAM,-1
RAPGEF6,-1
FASN,-1
CLEC4D,-1
LBR,-1
PEX14,-1
SPTBN2,-1
BMS1,-1
TTC7B,-1
PELI1,-1
FAM72B,-1
EGF,-1
ANP32E,-1
FOXK1,-1
EIF2AK1,-1
MSH2,1
ENAM,-1
ZNF91,-1
ENPEP,-1
SLC25A28,-1
SRSF6,-1
DRD5,-1
RERE,-1
UAP1,-1
ZNF611,0
GRM2,-1
GJB3,-1
EIF3B,-1
COL5A1,-1
PAOX,-1
CRB3,-1
TDG,-1
AFG3L2,-1
FAR1,-1
EPHA7,1
IST1,-1
DIAPH1,-1
RPL6,-1
ZNF154,-1
TAF2,-1
TDRD5,-1
NAA16,0
GDF3,-1
RBAK,-1
PREX2,1
ZNF534,-1
CRTAP,-1
BRPF1,-1
USP19,-1
NDUFS6,-1
UBE3B,-1
CCDC141,-1
INTS3,-1
STYXL1,-1
GNL2,-1
HDAC11,0
OGG1,-1
MAT1A,-1
SSTR4,-1
RAG1,-1
CAPN1,-1
BMP15,-1
TRIM33,1
THBS3,-1
RHOV,0
OR52N5,-1
DOCK1,-1
PPP4C,-1
MASP1,-1
GFI1B,-1
NLK,0
POLI,-1
TMC1,-1
CCR3,-1
EPHA8,-1
TMA16,-1
EPS8,-1
ZNF420,-1
THRA,-1
FRYL,-1
IL21R,-1
CCDC18,-1
BTAF1,-1
IK,-1
GPSM2,-1
AGBL5,-1
ZBTB22,-1
GPSM1,0
CETN1,-1
FCHO1,-1
HERPUD1,-1
NDUFB5,-1
TRPV6,-1
GGN,-1
SRSF4,-1
CRYGD,-1
CNOT4,-1
CAPRIN2,-1
OXT,-1
CHRD,-1
SLC34A1,-1
BRPF3,-1
DYNC1H1,-1
TMEM107,-1
ZNF490,0
GRM6,-1
ADCY7,-1
PTPRN2,-1
SLC5A2,-1
MBD4,-1
PRMT6,-1
A4GNT,-1
PAQR7,-1
RIMKLA,0
DYNC2H1,-1
ILKAP,0
NUF2,-1
KEAP1,1
NLRP1,-1
PEBP1,-1
SMAD4,1
HCRTR1,-1
CKAP2,-1
ZNF579,0
SIK2,-1
SEMA5B,-1
TLR2,-1
DIAPH2,-1
PDZK1,-1
NOL11,-1
GRIN2D,-1
CD86,-1
CIT,-1
OGT,-1
CEBPE,-1
RNF152,-1
ADAMTS13,-1
CLCN3,-1
ADCY2,-1
VPS37A,-1
IFT172,-1
PCDHB3,-1
MCM7,-1
ATP7B,-1
IGF1R,-1
ZNF24,-1
AKAP13,-1
CR1L,-1
ALG14,-1
PGM1,-1
DUT,-1
MCM10,-1
MLH1,1
CCNT1,-1
LCK,1
ZNF423,-1
TFCP2,-1
SFN,-1
DGAT2,-1
IFNGR1,-1
APEH,-1
CPN1,-1
CUX2,-1
SV2A,-1
ZNF236,-1
ADAM17,-1
PRRC2C,-1
JARID2,0
PPIE,-1
SSH1,-1
GPR32,-1
MST1R,-1
CSTF2T,-1
PLK1,-1
SACM1L,-1
STK11IP,-1
DCAF7,0
CIITA,1
KIF2A,-1
AHRR,-1
CTRB1,-1
SMG5,-1
RRP7A,-1
CASZ1,-1
INPP5B,-1
DIRAS1,-1
ZNF430,0
TRIM25,-1
ACTR3,-1
PPP1R10,-1
MYH11,-1
SLCO1A2,0
PHKB,-1
HS6ST2,-1
ZNF780A,0
LPAR1,-1
ARHGEF15,0
CUL1,-1
WNT10A,-1
ABI2,-1
ZNF727,-1
SNED1,-1
SNAP29,-1
CFHR3,-1
AGL,-1
BUB1,-1
NOTUM,-1
FCN2,-1
BTN2A1,-1
NHEJ1,-1
ARID1A,1
DHX8,-1
SERPINE2,0
RDH11,-1
GATAD2B,-1
SYN1,-1
VPS54,-1
WDR35,-1
CHRNA5,-1
CHI3L1,-1
OR2AT4,-1
TCF7L1,-1
MCM9,-1
ADCY9,-1
NIPBL,-1
MBL2,-1
TNRC6B,-1
SALL2,-1
CCAR2,-1
CLASRP,0
MAML2,1
NIFK,-1
MSH4,-1
AGAP3,-1
PPARGC1B,-1
GRID1,-1
TMF1,-1
PMS2,1
ACOT2,-1
RXFP1,-1
OR5H14,-1
GABRD,-1
STAP1,-1
SIVA1,0
UNC80,-1
TMC2,-1
TP53BP1,-1
ALDH5A1,-1
FZD10,-1
PHLPP2,0
CACNB1,-1
LTBP2,-1
PLXNB1,-1
AP5B1,-1
NAA30,-1
MECR,-1
HIVEP3,-1
CX3CL1,-1
ATP6V1E2,-1
PCYT1A,-1
SBK2,-1
JAK3,1
CLSTN3,-1
TPST2,-1
CNDP2,0
DDX4,-1
NINL,0
TAX1BP1,-1
ECI2,-1
CHD7,-1
POSTN,-1
PPP1R13L,-1
SYT13,-1
OR2J2,-1
GATAD2A,-1
SBDS,1
SLC18A2,-1
SMARCA1,-1
PKDREJ,-1
UGT2A1,-1
SAP30BP,-1
KHDRBS2,-1
EPB42,-1
OR4K2,-1
GIPR,-1
FLT4,1
GREB1,-1
AMY2B,-1
LRIG3,1
SEMA6A,-1
ABCC11,-1
AMIGO3,-1
TNFRSF8,-1
AP2M1,-1
MAGEE1,-1
GSTM1,-1
RALGDS,-1
CDK11A,-1
SYT5,-1
ZFYVE9,-1
SATB2,-1
SLC27A1,-1
RNF13,0
GRM4,-1
KANK1,-1
GFER,-1
PRPF39,-1
SIPA1L3,-1
POLH,-1
TNS4,-1
ATP13A1,-1
ZNF541,-1
KRT1,-1
CMA1,-1
ACADM,-1
UBE4A,-1
KLK7,0
ELFN1,-1
TINAG,-1
AGPAT5,-1
ZNF816,0
CWF19L2,-1
NUDC,-1
MTOR,1
PGM3,-1
LRRK2,-1
C9,-1
HS3ST1,-1
HCAR1,-1
ZNF648,0
GRID2,-1
F12,-1
ABCD3,-1
UBA5,-1
CNTN6,-1
CATSPERG,-1
ZBTB46,-1
AHNAK,-1
PSMA7,-1
CCNA2,0
ZNF416,0
PKNOX2,-1
TGFBR2,1
MTMR14,-1
TEX19,-1
PSMC2,-1
ISLR,-1
OR13F1,-1
NDUFB10,-1
ZC3H12A,-1
GALNT11,-1
EEF2,-1
MBTPS1,-1
PDZD7,-1
OR13A1,-1
TFCP2L1,-1
SEPHS2,-1
TNFAIP6,-1
TPH2,-1
PTCD3,-1
ITPR1,-1
FILIP1,-1
ZBTB6,0
SCN3B,-1
ANO1,-1
ITIH3,-1
ABT1,0
CCNE1,1
CS,-1
SMG7,-1
EFNA2,-1
FZD7,-1
GRIP1,-1
LUC7L2,-1
TRIM28,-1
KPNA5,-1
MRPL17,-1
NT5M,-1
KRT78,-1
BBS1,-1
ZFP36L2,-1
CRLF3,-1
PKP4,-1
TOPORS,-1
FTMT,-1
PCK2,-1
EVC,-1
LSG1,-1
NCOR2,1
RIC8A,-1
ADORA3,-1
FGL2,-1
CERK,-1
LRP5,-1
INSC,-1
UPF2,-1
STAT3,1
ZC3HAV1,-1
ECEL1,-1
E2F8,-1
COL4A4,-1
FAR2,-1
DSG2,-1
SLC39A8,-1
RXFP3,-1
RAN,-1
TAL1,1
TEKT4,0
NAA25,0
ACVR2A,1
POLRMT,-1
KCNH5,-1
KCNH7,-1
LYN,-1
RLN1,-1
CLTC,1
CALCB,-1
FGFRL1,-1
MRPS5,-1
CEBPA,1
SLC25A44,-1
SLC26A1,-1
TLR7,-1
ZNF721,0
MGA,-1
ZIM2,-1
SUPT6H,-1
NDUFB11,-1
IGF2BP2,1
ZNF677,-1
DPY19L2,-1
GPR65,-1
GSTP1,-1
NOG,-1
RSPH6A,-1
PCDHB8,-1
ZNF567,0
AMOT,-1
NTNG1,-1
CCND3,1
DRD4,-1
TIMM17B,-1
MED24,-1
LRCH4,0
UBAC2,0
TSC1,1
GNPNAT1,-1
HBP1,-1
PAK3,-1
EPM2AIP1,-1
BARX2,-1
OR4X1,0
GPD1,-1
OR8I2,-1
PHC3,0
TG,-1
VN1R1,-1
USP33,-1
ZNF45,-1
SVIL,-1
FGR,-1
ATG7,-1
ESRRA,-1
PTPRJ,-1
BMPR1A,1
ZNF827,-1
SND1,1
ANXA7,-1
RUVBL1,-1
UBE3C,-1
NOTCH1,1
OBP2B,-1
DOCK7,-1
OTUD7B,-1
ATP8B4,0
ZNF85,-1
IRS2,-1
TBC1D7,-1
SETDB1,1
ELF1,-1
MAZ,-1
MDN1,-1
FN1,-1
OR1L8,-1
PEX1,-1
PLOD3,-1
HECTD1,-1
CLASP1,-1
SIX6,-1
RREB1,-1
TRPV5,-1
TMPO,-1
OR10C1,-1
MKI67,-1
CDS2,-1
PRKCSH,-1
PCBP1,1
USP34,-1
SLC2A5,-1
DOK1,-1
MTMR3,-1
RYR1,-1
CPXM1,-1
FBXO5,-1
CYP4A11,-1
HTN3,-1
ADAM7,-1
UGT1A9,-1
CA12,-1
ECD,-1
POLB,-1
NFIA,-1
DDHD1,-1
CCM2,0
NKX2-2,-1
PBRM1,1
SLITRK3,-1
SIPA1L2,-1
GADD45B,-1
SERPINB2,-1
CDK15,-1
RIMS2,-1
ZNF99,-1
BCL10,1
COG8,-1
HSPA14,-1
CELSR2,-1
FANCA,1
MATR3,-1
FBXO40,-1
DNAJC6,-1
MYH10,-1
ZPBP2,-1
GLS,-1
KDM1B,-1
CCDC88A,-1
FAU,-1
TNIP2,-1
COL6A1,-1
GLRX3,-1
SKAP1,-1
COL20A1,0
SGPP1,-1
ECSIT,0
PCDHGA5,-1
QRSL1,-1
FCGR2A,-1
WDR77,-1
SQSTM1,-1
SPTLC1,-1
CELSR3,-1
XRCC2,-1
CAPN7,-1
SEC24D,-1
PRKCG,-1
ALPK2,-1
IGKV1D-43,-1
LBP,-1
THPO,-1
HMG20A,-1
TAS2R19,-1
HGFAC,-1
INO80,-1
DHX38,-1
NRXN1,-1
CDC7,0
FSCN2,-1
ZNF462,-1
ARHGAP10,-1
ARSJ,-1
CPNE1,-1
ATP1B4,0
NAT10,-1
KRT3,-1
CDC23,-1
NOD1,-1
SERINC1,-1
POTEF,0
GYS2,-1
ASXL2,1
ARHGAP39,-1
POMT2,-1
IL17RC,-1
B3GNT2,-1
RGS12,-1
RAPGEF2,-1
OR6K2,-1
ZNF615,0
SETD1A,-1
ZNF250,0
PPIP5K2,0
ITGA6,-1
GOLGA4,-1
LDB1,-1
PARP14,-1
METTL14,-1
LATS1,1
NR3C1,-1
ZFYVE26,-1
TRAPPC13,-1
TMEM63B,0
SLC17A8,-1
FRS2,-1
AQR,-1
LRRK1,-1
ATXN7L3,0
OR51A7,-1
CHEK2,1
PGC,-1
ACO1,-1
SDC3,-1
SCN7A,-1
ZNF10,-1
TMBIM6,-1
SRCAP,-1
HDAC4,-1
OR13C2,-1
AGO1,-1
FIP1L1,-1
PPHLN1,-1
PRC1,-1
PRDM10,-1
RBPJL,-1
KIF3B,-1
RAD23B,-1
ZBTB5,-1
ZNF280A,0
ACAN,-1
STIM1,-1
NEU2,-1
SLC6A6,-1
USP21,-1
KAT2A,-1
CENPE,-1
UBA3,0
NRCAM,-1
DUSP6,-1
WASL,-1
LRRN2,-1
ZHX2,-1
DPYSL2,-1
RIPK1,-1
LRRC52,-1
LOXL4,-1
KRT24,-1
FRY,-1
CD58,-1
THOC2,-1
SEC23IP,-1
TFAP2B,-1
ZNF578,0
LHX4,-1
EPN3,-1
GRIN3A,-1
NPRL2,0
GLG1,-1
ZBTB7C,-1
EPHB3,-1
RGS7,1
CATSPERD,-1
SRRM1,-1
RILPL1,-1
ENOX2,-1
PCDHA10,-1
ARL2BP,-1
VCPIP1,0
AZGP1,-1
PDCD6IP,-1
DPF3,-1
SLC5A10,-1
DNAJC24,-1
BMP2K,-1
SPPL2A,-1
TGM4,-1
NTRK1,1
ZNF37A,-1
ATP6V1H,0
IGKV2D-30,-1
NAMPT,-1
OR4A15,-1
FAM20A,-1
RAI1,-1
OR2J3,-1
HERC4,0
TRPC1,-1
IGHV2-70,-1
ITGAL,-1
ALDH1L1,-1
NKX2-5,-1
KMT2E,-1
TRIM47,-1
GJA3,-1
ULK3,-1
APOC4,-1
TRRAP,1
ANKRD17,-1
SUPT16H,-1
ABCC3,-1
HEATR3,-1
AGFG1,-1
UGT1A10,-1
KCNQ5,-1
TRPM2,-1
PDCD6,-1
PFN1,-1
COPS6,-1
CDC16,-1
EXOSC7,-1
CCR5,-1
TIMM9,-1
M6PR,-1
IKBKE,-1
MAS1,-1
PAN3,-1
EPHB4,-1
TCL1B,-1
TTF2,-1
MINPP1,-1
MED9,-1
MTRF1L,0
ZNF439,0
PKD1,-1
ATF3,-1
NANOS1,-1
TGFB1I1,-1
KIAA0753,-1
UEVLD,-1
DDX31,-1
ECM1,-1
GPATCH1,0
STRIP1,-1
XPO5,-1
BMP8B,-1
FMO4,-1
POU2AF1,1
NDFIP1,-1
LHX6,-1
ZNF583,-1
DUS3L,-1
SIRPB1,-1
HSD17B7,-1
ACSM2A,-1
APOL4,-1
SLC30A7,-1
MTHFR,-1
OSBPL10,-1
TTC28,-1
PIAS3,-1
SNRNP40,-1
PDE6B,-1
PGAM5,-1
SLC28A1,-1
PNPT1,-1
PLCH2,-1
ZSCAN23,0
CAT,-1
MLLT4,-1
TBX21,-1
EEF1D,-1
PDE1C,-1
ERCC6,-1
MRGPRX1,-1
LMAN2L,-1
F8,-1
CLEC14A,-1
KCNK10,-1
DNAJC2,-1
ARID1B,1
LAMA1,-1
HAPLN1,-1
MTMR6,-1
RASAL2,-1
OR5T2,-1
MADD,-1
CYP17A1,-1
PPM1D,1
SAP30,-1
COL11A1,-1
FMO5,-1
RABIF,-1
REEP5,-1
P2RY13,0
EPC1,-1
SDHA,1
DZIP1,-1
TAS2R20,-1
NOBOX,-1
SORBS1,-1
PTPRD,1
RASGRP1,-1
MYL12B,-1
RAB26,-1
RANBP3,-1
JAG2,-1
EIF4G1,-1
SIK1,-1
FABP12,-1
PRKG1,-1
GRIN2C,-1
SOX9,1
AKAP9,-1
ZBTB32,-1
CLCA2,-1
GTF2A2,-1
PKM,-1
DENND1A,-1
SLC7A9,-1
MARK2,-1
GLYCTK,-1
ADNP,-1
CCNL1,-1
SLC6A18,-1
PCBD1,-1
ADAP1,0
AMOTL1,-1
SPICE1,-1
MICU2,-1
AMPD2,-1
XRN1,-1
USP29,-1
BRCA1,1
TMEM214,-1
CPE,-1
PTGER1,-1
ARID5B,-1
ARL2,-1
RASSF8,-1
DLGAP2,-1
RBMX2,-1
CNFN,-1
ARHGEF40,0
PAPPA,-1
HSPA2,-1
TAS2R13,-1
MAST4,-1
CTNNB1,1
PELI2,-1
MKRN3,-1
TNC,1
KRT2,-1
KCNB1,-1
IL7R,1
POLG,1
SHPRH,-1
ELL3,-1
SNX1,-1
YLPM1,0
TRPM6,-1
FHOD1,-1
BRAF,1
PAFAH1B2,-1
NEUROD1,-1
ULBP1,-1
AHSG,-1
PGAM4,-1
NFU1,-1
PCDHGA6,-1
TNXB,-1
SHANK3,-1
RASEF,-1
MTIF2,-1
GPR37,-1
PSMB8,-1
CREBZF,-1
FBXO6,-1
GDA,-1
NEO1,-1
JAZF1,-1
PSMB1,-1
ATG9A,-1
CEL,-1
PHF3,-1
TET2,1
ZBTB1,-1
WDR12,-1
NEURL4,-1
ARRB1,-1
LILRA6,-1
ZNF266,-1
KDR,1
ARID3C,0
SORBS2,-1
ZNF337,0
DLGAP3,0
PRKCE,-1
PTPN22,-1
PRX,-1
LRP1,-1
NRBP1,0
GAS8,-1
DDX60,-1
GPR18,-1
STAB1,0
SULF2,-1
NFKBIA,-1
EHMT1,-1
CSDE1,-1
VGLL4,0
ABCA8,-1
DNAJA1,0
ZFP57,-1
CDH6,-1
MAP2K7,-1
ADCY8,-1
MUC17,-1
PSMG1,-1
KIFC2,-1
KCNJ16,-1
WWTR1,1
COPS7B,-1
PCDHB16,-1
MRPL2,-1
INHBE,-1
TMEM132A,-1
RNF19B,0
DHTKD1,-1
KCNQ1,-1
ROR1,-1
PCDH1,-1
STK11,1
PRPF38B,0
ATP8A1,0
SH2D1B,-1
ADD2,-1
ALDH1B1,-1
PIK3R5,-1
RBM27,-1
PIK3R1,1
UGGT2,-1
LY9,-1
MYO1G,-1
TBCK,-1
NACAD,0
PLEKHA7,-1
CENPC,0
NMD3,-1
ZBTB26,-1
MTRR,-1
ATP9A,0
ATG4B,-1
STK24,-1
TBX10,-1
ISL1,-1
NUCB1,-1
KDELR3,0
ITGA8,-1
MYO15A,-1
ALOX5,-1
TMPRSS9,-1
U2AF2,-1
PANX2,-1
CRHR2,-1
SEMA4A,-1
VRK1,-1
PCSK2,-1
SMAD7,-1
SAFB2,-1
APTX,-1
KLHL20,-1
PCDH11Y,-1
PPIA,-1
TEX15,-1
SDF2L1,-1
AKT1S1,-1
PTPRU,-1
NT5C,-1
TONSL,0
BAX,1
TOB1,-1
PCMT1,-1
MYO1D,-1
SMARCC1,-1
RGS14,-1
ROPN1,-1
CDHR4,-1
RAB11A,-1
SEMA3A,-1
GPR151,0
PTEN,1
TMPRSS11F,0
HOXB9,-1
PHF12,0
RPL19,-1
ANO8,0
ANO9,0
EEA1,-1
ALPK1,-1
ZNF442,0
NUBP2,-1
CLEC4F,-1
CHRNA4,-1
PSD,-1
OR4N2,0
AP4E1,-1
SRRT,-1
UBAP2,-1
RALGAPA1,-1
STXBP3,0
KCNMA1,-1
PAX7,-1
CD226,0
BAZ1B,-1
ZSCAN10,-1
RHOU,-1
TNK2,-1
CDH20,-1
RIF1,0
IP6K2,0
FASLG,-1
SUV39H2,-1
PI15,-1
APBB2,-1
USP11,-1
TNFRSF10D,-1
ZNF433,0
CTSV,0
COPG2,-1
RBM17,-1
SRRM4,-1
OR4N5,-1
MUC5B,-1
TMUB1,-1
MED17,-1
CRMP1,-1
OTUD3,-1
BTBD6,0
IGHMBP2,-1
ZNF626,0
ZNF777,-1
IFT140,-1
STARD13,-1
C6,-1
YEATS4,-1
PLA2R1,-1
POLR3G,-1
PGAP1,-1
RRP36,-1
ICMT,-1
SLC4A4,-1
CYP11B1,-1
TAPBP,-1
RNF19A,0
OR10H2,-1
USP25,-1
TOR1A,0
RNF139,-1
MYH4,-1
PCDHA2,-1
SF3B4,-1
CYP2F1,-1
DNMT3B,-1
PPP1CA,-1
NMUR2,-1
HCRTR2,-1
DMXL1,-1
ROMO1,0
SNAP47,0
SLC10A6,-1
EDF1,0
CLDN25,-1
UNK,-1
CACNA2D4,-1
FBLN2,1
CENPF,-1
MRPS31,-1
AGO3,0
KCNA5,-1
SNRPA1,-1
PIM3,-1
BSN,-1
SOCS5,-1
EXOSC9,-1
ABCB4,-1
CEACAM5,-1
SSBP3,-1
SOX5,-1
PCDHGA12,-1
UBE3D,0
MCF2,-1
LAMB4,-1
ATP7A,-1
ZC3H13,-1
ZNF248,-1
ADAMTS14,-1
PLTP,-1
ROBO2,1
ZBTB9,0
TRPS1,-1
COL11A2,-1
ATAD3B,-1
SRR,-1
MCM3AP,-1
ACTR1B,-1
FBXL17,-1
MUTYH,1
INO80B,-1
MCAM,-1
OBSL1,-1
IL12RB1,-1
LRRC4C,-1
MOCS3,0
DPEP1,-1
ARAP2,-1
GADD45GIP1,-1
F2R,-1
COL1A1,-1
SCARF1,-1
WIF1,1
HSPB2,-1
ACOT4,-1
RAPH1,0
PNCK,-1
PKD2L2,-1
IFNL1,-1
DNAJC17,-1
MAGEC1,-1
ZPBP,-1
DBF4,0
FBXW10,-1
TLN1,-1
NAT8,-1
FUT4,-1
GTPBP2,-1
F2RL1,-1
GRB10,-1
ATMIN,-1
POR,-1
JMJD1C,-1
MYH3,-1
RNGTT,-1
ZNF529,0
C1RL,-1
SLC8A1,-1
RABGAP1,-1
RORA,-1
DNAH3,-1
ELAVL3,-1
KLF4,1
SLC40A1,-1
PRKAR1A,1
MCC,-1
RUFY1,-1
AIFM2,0
MYCBP2,-1
KDM6B,-1
PEF1,-1
ANG,-1
GIMAP1,-1
ATP2A3,-1
PCDHA9,-1
DNAH1,-1
OR51E2,-1
GNG13,-1
TMC3,-1
MISP,-1
OPRM1,-1
RASGRF1,-1
RNF20,-1
TFRC,-1
CFHR4,-1
SERPINA1,-1
GRHL1,-1
ITGB3BP,-1
PTGFR,-1
DISP2,-1
OR2F1,-1
PDGFRB,1
WNT7A,-1
KRT79,-1
MAOA,-1
DLG2,-1
COG3,-1
ZMYND10,-1
SYNPO2,0
HOXD1,-1
CNOT11,0
SARS2,-1
HCN3,-1
SSTR1,-1
PSMD9,-1
TSC2,1
IDE,-1
DMTF1,-1
PARP6,-1
C2CD5,-1
OR56A4,-1
RALBP1,-1
KLF5,-1
ZNF646,0
SPOPL,0
ASPM,-1
ALPI,-1
TPT1,-1
SLCO4A1,-1
PRICKLE1,-1
KLHL40,-1
GCM2,-1
ZNF221,0
LCE2A,-1
USP47,-1
FOXK2,-1
CCKAR,-1
RRM1,-1
DPP6,-1
TOPBP1,-1
FKBP11,-1
PCGF2,0
HSPH1,-1
ARHGAP22,-1
SLC37A1,-1
CEP57,-1
PREP,-1
PELO,-1
SLC5A6,-1
PIK3R6,-1
PHLDA1,-1
EML4,-1
PON1,-1
GORASP2,0
LRP2,-1
PRDX5,-1
ZNF92,-1
SAMD4A,-1
GIP,-1
TEN1,-1
THBS1,-1
ATG4D,-1
DDC,-1
SIGIRR,-1
NPC1,-1
SOCS1,1
TAOK3,-1
TMEM106C,-1
CDC25C,-1
CEP350,-1
TCERG1L,-1
POU3F4,-1
HDAC9,-1
ZBTB45,0
MYH9,1
COL9A3,-1
GTF3C4,0
COPA,-1
KDM6A,1
KCNB2,-1
ZP4,-1
XPO6,-1
THEM4,0
RBM15,-1
DAAM1,-1
DENND4A,-1
UGDH,-1
MTCH1,-1
THOC3,-1
SLC39A5,-1
TRIM23,-1
UBA2,-1
KCTD7,-1
LDLR,-1
PTK2,-1
USP31,-1
RFC4,-1
ZNF568,-1
ETV3,-1
METTL23,-1
CA14,-1
SMC3,-1
DSC2,-1
TPTE2,-1
MBD5,-1
ACACA,-1
DYRK1A,-1
AHI1,-1
TBC1D19,-1
MYPN,-1
ARL1,-1
ITGAV,1
CAPN9,-1
TTBK1,0
TNPO2,-1
ZNF184,-1
LIME1,-1
MPHOSPH10,0
STRIP2,-1
DNAH10,-1
ARIH2,-1
CRH,-1
ENKUR,-1
INPPL1,-1
RYR3,-1
ARHGEF3,-1
IGHV3-43,-1
UNC13C,-1
ZMYM3,1
DOCK9,-1
FBXL22,-1
TRIM9,-1
OR7E24,-1
WEE1,-1
DECR1,-1
ARVCF,-1
FKBP4,-1
FMO1,-1
DDX53,0
MMP11,-1
CNIH2,-1
ACTR5,0
CFTR,-1
KCNE3,-1
TRAPPC5,0
GNA13,-1
ZNF415,0
SOCS6,-1
PRR5L,-1
EGR4,-1
ZNF141,-1
CCNE2,-1
LRPAP1,-1
ZNF180,-1
ARG2,-1
TYW1B,-1
RPL7A,-1
UBE2L3,-1
EFTUD2,-1
SLC16A1,-1
HNRNPK,-1
GATM,-1
CRB1,-1
NPEPPS,-1
UGT1A6,-1
LMX1B,-1
TRIM32,-1
FPR2,-1
CDC40,-1
AGA,-1
IDUA,-1
GPR39,-1
CDKN2A,1
CDC14A,-1
PROX1,-1
POC1A,-1
ZNF224,-1
MTM1,-1
KIF1B,-1
ALX3,-1
ADD1,-1
ALG11,-1
WNT9B,-1
APBA2,-1
FCER2,-1
RAPGEF5,-1
TMPRSS11D,-1
EPPK1,-1
MED14,-1
SRGAP3,-1
RAB40B,0
NEK9,-1
PCDH11X,-1
DNAJB12,-1
CREBBP,1
CIAPIN1,-1
HP1BP3,-1
PPP2R1A,1
PADI4,-1
TMPRSS6,-1
DCHS2,-1
DHCR24,-1
GEMIN4,-1
PDE3B,-1
CPS1,-1
KAT2B,0
IFT88,-1
HYPK,-1
CALCOCO1,0
CYC1,-1
NFATC3,-1
MAST2,-1
GALNT6,-1
NPAT,-1
DAG1,-1
PPP2R2A,0
PTPRR,-1
CD59,-1
TEX14,-1
RNF185,0
HAS2,-1
SLU7,0
SNAPIN,-1
MAGED2,-1
PIK3CA,1
A2M,0
PRKACA,1
TRA2A,-1
SF3B2,-1
PRDM2,1
HTR1A,-1
APC,1
OR4A5,-1
PHB2,-1
ANKZF1,-1
GDF5,-1
CISH,-1
IQGAP2,-1
ARID4A,-1
NBR1,-1
FLRT1,-1
DDX46,-1
ZNF282,-1
GTF2IRD2B,0
PCDH10,-1
LRR1,-1
IGHV3-30,-1
FBXW2,-1
FBXO33,-1
LIG3,-1
PCDHB7,-1
RBP7,0
HNF4A,-1
KERA,-1
CD109,-1
CDK4,1
CCNF,-1
EXOSC5,-1
EDC4,-1
TK2,-1
SF3B1,1
FLOT1,-1
ADAMTS2,-1
SLC25A45,-1
SIRPA,1
NR1D2,-1
TMEM120B,-1
VAV1,1
RPS24,-1
ZNF14,-1
NUP93,-1
PRKRIP1,-1
ALOX12B,-1
PLD1,-1
CYP1A2,-1
BUD31,-1
VPS13A,-1
HSP90AA1,-1
ANO3,-1
DLGAP4,-1
MRPL16,-1
ZMYM6,-1
NDRG1,1
CEBPZ,-1
FCER1A,-1
OR4D9,-1
DDX3X,1
GLUL,-1
CALU,-1
CWC22,0
PLXNC1,0
HMGCR,-1
PIK3CD,-1
CREB3,-1
GFPT2,-1
RUFY3,-1
ACSF2,-1
MRE11A,-1
ORC4,-1
ZNF551,0
CD46,0
RBM8A,-1
PCDHB2,-1
RBM47,0
OR2M4,-1
QTRT1,-1
PSMD13,-1
RPS6KC1,-1
AP5Z1,-1
MCPH1,-1
SEMA4G,0
DLG4,-1
ZNF19,-1
KCTD11,-1
METTL21C,-1
TNFRSF21,0
SLC2A14,-1
CNNM3,-1
TIMELESS,-1
OR4S1,-1
OPTN,-1
DDX55,-1
SLC30A10,-1
SPTA1,-1
TTC26,-1
ITGB7,-1
PIP5K1C,-1
EHBP1,-1
TAS1R3,-1
NPM1,1
STAP2,-1
PRUNE2,-1
RAB11FIP2,-1
ROBO1,-1
GRM5,-1
TSN,-1
SLC6A3,-1
GSPT2,-1
MYBPC3,-1
NUDT6,-1
NUMB,-1
NFIB,-1
BRWD1,-1
FYCO1,-1
GATC,-1
BCL9,1
WDSUB1,0
DNM2,1
PAPPA2,0
RRS1,-1
KCNS1,-1
PCDH8,-1
CACNA1D,1
CYP2A6,-1
PILRA,-1
RRAGA,-1
COX15,-1
NIF3L1,-1
GSTK1,-1
MCMBP,-1
USP14,-1
HSPA9,-1
ERBB3,1
TNKS1BP1,-1
DUOXA1,-1
CYB5RL,-1
ZNF395,-1
MMP27,-1
KCMF1,-1
P2RY6,-1
GABRG2,-1
POC5,-1
SPINK5,-1
UTP23,0
EPS15L1,-1
AP2A1,-1
MCM3,-1
SLC7A8,-1
CWH43,-1
CHGA,-1
ASAP3,-1
TRPC3,-1
TP53TG5,-1
UBR2,-1
SH2B1,-1
TFAP4,-1
GAB3,-1
NCOR1,1
TAF15,1
ELMO3,-1
CRAT,-1
CASP4,-1
CDH12,-1
CRY1,-1
PCMTD1,0
COLEC12,-1
SASH1,-1
KLHL18,-1
USP12,-1
PTH1R,0
BRCC3,-1
DNM1,-1
NHLH1,-1
FGFR3,1
DBT,-1
FOXA3,-1
GPBP1,-1
EIF5B,0
NUP88,-1
WFS1,-1
KAT6B,1
SLC17A1,-1
NMNAT2,-1
AMBRA1,-1
XIRP2,-1
DNAJB9,-1
MRPS10,-1
ZNF318,-1
ISG20L2,-1
NODAL,-1
GEMIN5,-1
CARM1,-1
TACC2,-1
FITM1,-1
AGTR2,-1
CPEB3,1
STAU1,-1
PARN,-1
DGKA,-1
RPL13,-1
TET1,1
EVI2B,-1
KIF7,-1
SLITRK1,-1
POLR2F,-1
SLC36A2,-1
GLP2R,-1
SENP6,-1
CORO2B,-1
OSBPL6,-1
MTMR4,-1
PLEKHG5,-1
SIGLEC5,-1
GSK3B,-1
LARP4,-1
ATXN1,-1
CDC6,-1
DDX47,-1
DOLK,-1
PAF1,-1
AQP7,-1
JADE3,0
CHSY1,-1
OR4N4,-1
FNBP1L,-1
AP2A2,-1
CASP5,-1
CD93,0
CENPM,0
RECQL5,-1
ADAD1,-1
PPM1F,0
ZNF467,-1
ABCA1,-1
CALCRL,-1
OR51I2,-1
UCP2,-1
ATP6V0D1,-1
RBM12B,-1
ROCK2,-1
PLEKHG1,-1
OR6A2,-1
ANKFY1,-1
RAB2B,-1
HIPK2,-1
EVI5L,-1
PSMD7,-1
DUSP11,-1
TRPC4,-1
PDIA5,-1
RDH16,-1
ARHGAP21,-1
CPNE5,-1
CPZ,-1
ZNF326,-1
YES1,-1
ZNF547,0
KDM3B,-1
TTC7A,-1
FXYD1,-1
IRF4,1
BTC,-1
KCND2,-1
KCTD12,-1
DAB1,-1
ARHGAP32,-1
SNW1,0
GATAD1,-1
GLYR1,-1
CKAP2L,-1
SNTG2,-1
NPC1L1,-1
ABCA7,-1
USH1C,-1
TNP1,-1
ANKRD28,-1
GJA4,-1
ZIK1,0
KCNE2,-1
NDUFB2,-1
KMT2B,-1
LYZL6,-1
SYNRG,0
OSBPL5,-1
LPIN1,-1
DDX39B,-1
IQGAP1,-1
TBRG4,-1
OCA2,-1
ADCY5,-1
PI4K2A,-1
DCAF5,-1
IPO8,-1
CLCN6,-1
SREBF2,-1
MTFR2,-1
KCNA4,-1
ZBTB7B,-1
FAM9A,-1
PARP9,-1
ZNF713,-1
TNRC6A,-1
GNAZ,-1
LIMA1,-1
GAN,-1
SFXN1,-1
HPSE,-1
AMACR,-1
DOCK11,-1
IFT122,-1
NDUFAF5,-1
IL10RB,0
CIDEB,-1
TRIP13,-1
HAO2,-1
VANGL1,-1
KL,-1
PLEKHG2,-1
C5,-1
MRPL10,-1
ABCC2,-1
FCHO2,-1
EPS8L1,-1
PCBP2,-1
WASF1,-1
SLC5A9,-1
MYBL2,-1
NFE2L3,-1
TYRP1,-1
GABPB2,0
KBTBD6,-1
BMP4,-1
N6AMT1,-1
MYLIP,-1
SLC3A2,-1
CRNKL1,1
IFNAR1,-1
EIF2AK4,-1
ERCC3,1
KIF20B,0
EIF3L,0
PUM1,-1
ACTG2,-1
ST3GAL4,-1
GRK5,-1
FMNL3,-1
PSG2,-1
CD40,-1
PHC2,-1
ADCY4,-1
TMC4,-1
ZNF790,0
P2RX2,-1
KIAA1522,-1
TNIK,-1
PSEN1,-1
TUBA3D,-1
LIF,-1
TAS1R2,-1
HRG,-1
PTCH1,1
LOXL2,-1
GCLM,-1
FCGRT,-1
NFX1,-1
TMEM88,-1
MFSD10,0
LNX1,-1
GPR21,-1
BUB1B,1
ELF3,1
SP6,0
PALM2,0
KIFC1,-1
PDILT,0
RAB33A,-1
PPIL1,-1
NDUFAF3,-1
JUNB,-1
MGAT5,-1
MYSM1,-1
NHP2,0
NDOR1,0
COLGALT1,-1
DTX3L,-1
LSS,-1
MAPK8IP3,-1
AMIGO1,-1
IMMP1L,-1
COPZ2,-1
IRX2,-1
MYH7B,-1
NECAP1,-1
TLE6,-1
MXD3,-1
ACBD5,-1
GAL3ST3,-1
PRSS3,-1
ACSM2B,-1
UNC5B,-1
ZNF418,-1
FANCD2,1
AKR1C1,-1
ABCA12,-1
RD3,-1
NFATC2,1
KNSTRN,1
EEF1A1,-1
AGTPBP1,-1
COL14A1,-1
OR13G1,-1
METTL17,-1
EIF1AX,1
RGPD3,1
FOXA1,1
FBLN1,-1
AP1M2,-1
BPIFB3,0
SCN9A,-1
TRPV3,-1
KRT38,-1
PRMT1,-1
EIF4G2,-1
CD209,1
ZNF3,-1
AFTPH,0
UACA,-1
KRT5,-1
ELF2,0
RPTN,-1
ATP1A1,1
DDX18,-1
ZNF619,-1
OSGIN1,-1
ATP2A1,-1
DOCK10,-1
CDK5RAP3,-1
GTPBP4,0
CC2D1A,-1
DCP1B,-1
ATF5,-1
DONSON,-1
URB2,-1
RAET1E,0
CHMP1B,-1
CLEC4C,-1
OS9,-1
LRIG1,-1
ABL2,1
BHLHE41,-1
FZR1,0
TAF9,-1
NSUN2,-1
NPHP4,-1
SLC44A2,-1
MAEL,-1
CKAP5,-1
PIGR,-1
ANK1,1
GZMK,-1
TLR10,-1
LEMD2,-1
MYO7A,-1
MTA3,0
HIGD2A,0
RAB8B,-1
FANCB,-1
MLLT10,1
ZDHHC5,-1
SLC4A8,-1
RBBP8,-1
GEMIN2,-1
SHMT1,-1
NFYA,-1
OLAH,-1
ADCY3,-1
PSME2,-1
SMCHD1,-1
SNIP1,-1
AP1S1,-1
SSRP1,-1
MPDZ,-1
NNT,-1
CENPI,0
METTL22,-1
ZNF273,-1
LRP6,-1
TOP2B,-1
SEC24A,-1
COL2A1,1
NDUFS7,-1
NACA,-1
PRIM2,0
FOXL2,1
COL8A2,-1
NFASC,-1
CRKL,-1
NUP155,-1
PPFIA1,-1
ACOX3,-1
CELF3,-1
PHIP,-1
CDC37L1,-1
PML,1
MRPL3,-1
AP2B1,-1
GXYLT2,-1
TGFBR1,-1
VPS13D,-1
PLD3,-1
LPL,-1
OR2T3,-1
CDH22,-1
PSG5,-1
IPO5,-1
IGLL5,-1
KRT17,-1
PFAS,-1
NEMF,-1
IGKV1-33,-1
AFAP1L2,-1
NRG3,-1
IFIT1B,-1
ARFGAP1,-1
MLC1,-1
MYL9,-1
ZNF594,0
ZNF599,0
LNPEP,-1
NRAP,-1
OR11H12,-1
MPPE1,-1
SMC5,0
LRCH1,-1
CCK,-1
LONP1,-1
EBF2,-1
HEATR5B,-1
RAX,-1
PAWR,-1
PEX13,-1
NOSIP,-1
LRG1,-1
ERF,-1
ANKRD27,0
ACTR10,0
PHKA1,-1
ATP10A,-1
YTHDC1,-1
SIRT7,-1
PLEC,-1
ALKBH3,-1
SLC1A1,-1
TEK,-1
MAP4K4,-1
ENTPD8,-1
DCST1,-1
KDM5C,1
CTSC,-1
RMI1,-1
NELFCD,0
MEOX2,-1
ACAP1,-1
MEP1B,-1
BLK,-1
DPY30,-1
GATA3,1
SMARCB1,1
PRPF8,-1
SDC4,-1
ALDH3A2,-1
FARP1,-1
ZNF770,-1
MCHR1,-1
PLEKHG4,-1
SLC15A4,-1
PTH2,-1
PTPN11,1
TAF5L,0
PFN3,-1
FLRT2,-1
KPNA1,-1
SYT4,-1
CDH11,1
GTF3C3,-1
RPRM,-1
ENO2,-1
LTBP4,-1
DHX58,-1
CASR,-1
NPY2R,-1
SLC17A7,-1
TBC1D24,-1
ESPN,-1
DNAH6,-1
PARD6B,-1
KAZN,-1
LILRA3,-1
RNF43,1
SMC1A,1
NRK,-1
SPOCD1,-1
ITK,-1
TRIM35,-1
IL4I1,-1
LPCAT1,-1
GCK,-1
TLR8,-1
MAGEL2,-1
SCN2A,-1
MRPL54,-1
TANC1,-1
ZNF544,0
GPR26,-1
CHAMP1,-1
VPS53,-1
KATNA1,-1
SMAD1,-1
ABLIM1,0
NFE2L2,1
KCNN2,-1
GPBP1L1,0
FOLR2,-1
DCAF6,-1
RECK,-1
UTRN,-1
ZNF76,-1
SMARCE1,1
CEP192,-1
SUFU,1
INO80D,0
VPS26A,-1
ZBP1,-1
MBD1,-1
SLC16A5,-1
ZFP14,0
CSE1L,-1
SYDE2,0
ZNF565,-1
KCNS3,-1
TCERG1,-1
LGALS3,-1
TAF12,-1
RAB11FIP5,0
LRRC49,0
BOC,-1
CDH5,-1
COL6A2,-1
NAALADL1,-1
PLCE1,-1
PTPN14,-1
MYO9B,-1
COG1,-1
HFE,-1
PSAP,-1
GAK,-1
CPM,-1
RP1,-1
PPAN,-1
IGHG1,-1
CLDN11,-1
CATSPER1,-1
SNX3,-1
INTS1,-1
KCNV1,-1
EXOC8,-1
ARSK,-1
RFX7,-1
MAGI3,-1
TOP3B,-1
SART1,-1
MSL2,-1
PLEKHG3,-1
MOV10,-1
SETX,-1
TP53BP2,-1
PPP1R3F,0
ZBTB40,-1
ADAD2,-1
KLHL11,0
RAB21,-1
SCARA5,-1
TDRKH,0
ZNRF4,-1
CKAP4,0
WDR45B,-1
MAPK8IP1,-1
GRAMD1A,-1
USO1,-1
INTU,-1
SERPINA3,-1
ANPEP,-1
ZFYVE28,-1
WDR74,-1
TIMP1,-1
IL1R2,-1
DEF8,-1
MINK1,-1
ANGPTL4,-1
BIK,-1
POLR2C,-1
UBL4A,-1
GRM3,1
KCNH3,-1
MUC16,-1
ADI1,-1
GJB7,-1
TXK,-1
PLEKHG4B,-1
GRIK3,-1
SMARCD2,-1
KRT37,-1
THADA,-1
PHF2,-1
GALNT10,-1
TUBAL3,0
ORC3,-1
HNF1A,1
FOXD2,-1
MCM6,-1
SCFD1,-1
DVL3,-1
RGPD8,-1
DLX3,-1
NDST1,-1
SDE2,-1
RAI14,-1
ZNF516,-1
COL25A1,-1
TRIM37,-1
EIF4G3,-1
PCDHB14,-1
DLG5,-1
RUVBL2,-1
IL15RA,-1
TNIP3,-1
ZBTB3,0
SYMPK,0
TRIM71,0
DDX21,-1
SLC38A6,-1
ZDHHC8,-1
GOLPH3,-1
PLD4,-1
SLC25A11,-1
OR5P3,-1
KCNH2,-1
NETO1,-1
SGIP1,-1
GNPTAB,-1
PTBP2,-1
AGR2,-1
NPAS2,-1
NR2F2,-1
SIGLEC11,-1
BHLHE40,-1
GRAMD4,-1
NUB1,-1
OR51G2,-1
TSSK1B,0
ZNF556,0
PPP2R5C,-1
GFM2,0
MBD6,0
CUL2,-1
SAT2,-1
SOS1,-1
PPP1R9B,-1
SETD5,-1
REV1,0
MYH14,-1
KCNJ3,-1
ESPNL,-1
NLRP7,-1
EMILIN1,-1
ARID3A,0
RBP5,-1
DDX56,-1
POLR2A,-1
SREK1,-1
VPS8,-1
DOK3,-1
SKAP2,-1
FOXJ1,-1
PBX1,1
BCAR3,-1
CNTRL,-1
RHOBTB1,-1
MYO7B,-1
FCAMR,-1
KNTC1,-1
TCF20,-1
OTOF,-1
SYVN1,-1
KRT82,-1
SEMA4F,0
EFNA5,-1
FLT1,-1
CYP4F3,-1
MAP2K3,-1
ARID2,1
COL9A1,-1
ARHGEF17,-1
RHBDD2,-1
UBE3A,-1
EPB41L3,-1
CHRM2,-1
R3HDM1,-1
ZNF589,-1
PATZ1,1
LRIG2,-1
PANK2,-1
RAD50,-1
PKP3,-1
PRSS8,-1
CRBN,-1
MOK,0
CPT1A,-1
MFN2,-1
HAPLN2,0
CR2,-1
RDH12,-1
SNX27,-1
KDM2B,-1
RABGGTB,-1
CALCOCO2,0
PCDHB15,-1
SLC30A6,-1
ARR3,-1
JUP,-1
THUMPD3,-1
PPFIA4,-1
ITGAD,-1
RTN3,-1
GIGYF2,-1
UNC13A,-1
CCT3,-1
FOXD4L1,-1
DNAH5,-1
RRAGB,-1
TBCB,0
KIF18B,-1
KCNU1,-1
PLCB1,-1
DCAF8,-1
SYNE2,-1
IRF6,-1
USP46,-1
PLXNB3,-1
FGF12,-1
HSP90B1,-1
PNPLA1,-1
SSTR3,-1
WDR20,-1
GSPT1,-1
SULT1C4,-1
ITGAX,-1
ZNF573,0
PDE4DIP,-1
DSCC1,-1
PPP2R5B,-1
SPTBN1,-1
AQP1,-1
NVL,-1
COL27A1,-1
INPP5D,-1
CLDN16,-1
TDRD6,-1
CBLB,1
PSCA,-1
PYHIN1,-1
PODXL2,-1
PAXIP1,-1
OMD,-1
FAM13B,-1
TRIO,-1
RBM11,-1
ZNF268,-1
TFPI2,-1
PCDHGA3,-1
RFPL4A,-1
ZW10,-1
SVOPL,-1
PRDM6,-1
IGHV2-5,-1
MDC1,-1
TUSC3,-1
TAB1,-1
UBR5,1
IL32,-1
SYNE1,-1
RIMS1,-1
FBXO10,-1
IGLV1-47,-1
KCNAB2,-1
DGKG,-1
STX11,-1
ANXA4,-1
HAP1,-1
MX2,-1
INCENP,-1
CLASP2,-1
PTPN13,1
TLL2,-1
DLC1,-1
BEST3,-1
POLR1A,-1
PRKAA1,-1
EPHA5,-1
SERPINA12,-1
OR4E2,-1
EPHA6,-1
LTK,-1
PADI1,-1
PRICKLE2,-1
APOBEC3B,1
ATP10D,-1
RBBP5,-1
UGT1A3,-1
GPKOW,-1
ZFP28,-1
RANBP2,1
DAAM2,-1
PIP5K1B,-1
HNRNPA2B1,1
HDAC7,-1
CTH,-1
USP13,-1
HECW2,-1
PHKA2,-1
OR2T33,-1
FGF6,-1
ARHGAP24,-1
ORMDL3,-1
TIAM1,-1
ARHGAP23,-1
HLA-DQA2,-1
MAN2B1,-1
OR51B4,-1
TSPAN14,0
OTUB1,-1
PSIP1,1
REXO1,-1
EGFR,1
PANK1,-1
SIN3A,-1
TGS1,-1
KAT5,-1
NCOA2,1
USP45,-1
KCNH1,-1
CLEC16A,-1
SPIRE2,0
TWF2,-1
C2CD3,-1
MYO6,-1
ZNF302,0
PIWIL4,-1
RNF168,-1
MYOF,-1
GALNT4,-1
DAZAP1,-1
CCDC14,-1
AHNAK2,-1
TRAK2,-1
TUBE1,-1
RPS6KA3,-1
UNC13D,-1
ZSCAN12,-1
RAB34,-1
ZNF609,-1
USP6,1
CFH,-1
PRKG2,-1
AKAP10,-1
KLK3,-1
IFIH1,-1
SNAPC4,-1
PSMD8,-1
ARL6IP1,-1
ABCC1,-1
MIER2,0
CHRNA1,-1
ZNF689,-1
TRAF3IP2,-1
ZSCAN1,0
ZNF343,0
TMEM115,-1
LZTFL1,-1
LRRC55,-1
SCP2,-1
MERTK,-1
WDR24,-1
LRBA,-1
PCDHGC3,-1
ARHGEF11,0
ZBTB42,-1
ETNK2,-1
LSM14B,0
PRPF40B,1
SLC9A8,-1
FOXJ3,-1
NXT1,-1
MAGEB4,-1
RRP9,0
USP37,0
KIF3A,-1
CHD5,-1
CBFA2T2,-1
SMYD1,-1
ZBTB8OS,-1
TAF4B,-1
SLC9A3,-1
USP32,-1
HDAC5,-1
OVOL1,-1
TRIM63,-1
DLGAP5,-1
SLC35A2,-1
DCTN4,-1
KRT25,-1
POU2F1,0
GSTA1,-1
ASB7,-1
FTH1,-1
YIPF3,-1
AP1G2,-1
BAK1,-1
PTPRC,1
COL8A1,-1
TBCD,-1
GTF2I,-1
OR8B8,-1
RNF114,-1
CLINT1,-1
CCPG1,-1
POLG2,-1
SYCP3,-1
WNT10B,-1
FUBP1,1
COQ3,0
CHPT1,-1
IMPDH1,-1
HNRNPH3,0
CCNB2,-1
CD81,-1
UNC13B,0
SCNN1B,-1
CD151,-1
XPO1,1
RBM39,-1
SP3,-1
TAF9B,-1
SIPA1L1,-1
FLYWCH1,-1
IGSF8,-1
TRIM69,-1
CD36,-1
TP63,1
CNTN1,-1
POP7,-1
PPRC1,-1
IRF2,-1
ARHGEF25,-1
TRIM8,-1
RDX,-1
ACSBG1,-1
KLF11,-1
GRN,-1
ABCB8,-1
ATOH1,-1
RHAG,-1
CAMK2D,-1
WDR62,-1
WDR33,-1
LCAT,-1
NISCH,-1
PSMC5,-1
ZFP36L1,-1
ARHGEF7,-1
ZDHHC23,-1
CLEC4G,-1
BACH1,-1
TMED1,-1
PGAM2,-1
SON,-1
ZNF358,-1
ZNF585A,0
INS,-1
TIMMDC1,-1
SIPA1,-1
KCTD19,-1
STMN1,-1
RNF10,-1
CLDN3,-1
IHH,-1
LRFN4,-1
SLC5A5,-1
SLC13A2,-1
AMHR2,-1
NTRK2,-1
ADA,-1
FAP,-1
UBA7,0
MYO9A,-1
NPTX2,-1
ZBTB43,0
TRPM8,-1
HNRNPUL2,0
GLI1,1
OR2M7,-1
ATP8B2,-1
RNF112,-1
LRRC8D,-1
VCAN,-1
KIAA0586,-1
NFXL1,0
PRDX6,-1
FGD5,-1
RAPGEF1,-1
USP24,-1
FES,1
NUDT10,-1
ZP2,-1
NELL1,-1
CCAR1,-1
TEX10,-1
SGTB,-1
MYO1A,-1
IL1RL2,-1
ZMIZ1,-1
DOCK6,-1
DNAJB6,-1
SLC39A7,-1
HCFC1,-1
RGL1,-1
LAMC2,-1
SYNGAP1,-1
SCN10A,-1
NAA50,0
ARFIP2,-1
LILRB1,-1
ZNF253,-1
IL27RA,0
ZNF20,-1
LRWD1,-1
PLXNA4,-1
RAD51B,1
UVSSA,-1
ZKSCAN1,0
ANKLE2,-1
IL6ST,1
LEO1,-1
EPHB1,-1
PDCL,-1
OR11A1,-1
CETP,-1
LEFTY1,0
ZNF136,-1
TWF1,-1
CDH18,-1
EXOSC10,-1
BNC1,-1
NRG1,1
AKAP11,-1
MAPKAP1,-1
ATF7IP2,-1
FLG,-1
PWWP2A,-1
ELK1,-1
SCN11A,-1
IGFBP4,-1
TESK1,-1
KXD1,-1
RXRA,-1
ZNF697,-1
OTUD4,-1
ADORA2A,-1
CAPN11,-1
SEC16A,-1
OR5V1,-1
RPL3,-1
ESYT3,-1
WDR36,-1
KIF2B,-1
IRF2BP1,-1
SLK,-1
MSTN,0
PIKFYVE,-1
GART,-1
OGFOD1,-1
DPP9,0
ERC2,-1
ZNF649,-1
ZNF622,-1
ZNF408,-1
KSR1,0
EIF2D,-1
TULP4,0
PIK3C3,-1
ACAP2,-1
SMARCA4,1
TFAP2A,-1
LHX5,-1
MUC3A,-1
SYCP1,-1
CNPPD1,0
ISY1,-1
CLCA1,-1
ADARB1,-1
MLLT1,-1
MKRN2,-1
PKD1L1,-1
MAPKAPK2,-1
CDHR5,-1
STEAP4,-1
KIF13B,-1
NCKAP1,-1
POLR2K,-1
VDAC2,-1
ZNF771,0
HDAC8,-1
FAM111B,-1
MED1,-1
SLC7A5,-1
HACE1,-1
KCNJ2,-1
NCF2,-1
AMOTL2,-1
SCN8A,-1
RBMS2,-1
HSPA13,0
MYH2,-1
AHR,-1
OR5M10,-1
LTBP1,-1
NFIC,-1
CDSN,-1
ANKRD50,-1
GPC6,-1
KLHL3,-1
TTLL4,0
CABLES2,-1
ZNF709,-1
DDX41,-1
PRRT2,-1
MATN3,-1
TRIM65,-1
CAPRIN1,-1
MYH8,-1
PAN2,-1
TCF12,-1
AP3D1,-1
LRP1B,1
POM121C,-1
OR4K17,0
SURF2,-1
AVIL,-1
COX8A,-1
MUC21,-1
KTN1,-1
COQ6,-1
GYG2,-1
PCDHGB2,-1
MN1,1
NXF5,-1
IFNA2,-1
SUN2,-1
ZFC3H1,-1
TMEM9,-1
MRPL38,-1
INSRR,-1
PABPC4,-1
SH2B3,1
PHAX,0
CPT1B,-1
AMIGO2,-1
ERCC6L,-1
MCCC1,-1
ATG2B,-1
ASPH,-1
OXSM,-1
RBM26,-1
UBE2I,-1
KHDRBS1,-1
STAT1,-1
OR10AD1,-1
SPAG6,-1
SSBP2,-1
ETFB,-1
FZD1,-1
LPAR6,-1
ZNF616,0
METTL16,-1
RPA4,-1
TNFAIP3,1
SLC30A3,-1
EIF4H,-1
BMP5,1
ROPN1B,0
IL9,-1
TGIF1,-1
CACNA1A,-1
GOLT1B,-1
MSI2,1
PKN3,-1
ORC2,-1
PHF20L1,-1
INSM2,-1
RC3H1,-1
L3MBTL2,-1
BMP1,-1
RPH3AL,-1
PSMB11,-1
METTL3,-1
TRIP12,-1
TKT,-1
TOM1,-1
IFNL3,-1
RGL2,-1
ACKR4,-1
HYAL2,-1
ZRANB2,-1
AMH,-1
AMBP,-1
ERLEC1,-1
DDI2,-1
TBP,-1
ABCC4,-1
OSR1,-1
HEBP1,-1
ELP5,-1
MAPK15,0
GAPDHS,-1
KIAA0319,-1
FIG4,-1
GGA3,-1
ZNF101,-1
MRPS15,-1
TIMM44,-1
SCN1A,-1
PITRM1,-1
KIF14,-1
OR5M3,-1
PYCR2,-1
ESRP2,-1
TMED4,-1
FAT2,-1
RGS17,0
