genename,label
NCKAP1L,0
GSTA3,-1
OR2G6,-1
FREM2,-1
DCTN2,-1
RFC1,-1
RP1L1,-1
CYP2A7,-1
EML4,-1
MAP3K4,-1
TSHZ2,-1
LRP2,-1
STXBP5L,-1
ZNF560,-1
GRIN2A,1
LPP,1
CHD2,1
IL1R1,-1
FASTKD3,-1
SPATA16,-1
CYP2U1,-1
LCP1,-1
GCC2,-1
PUS7L,-1
CD14,-1
ZFYVE16,-1
IGHA1,-1
HNRNPD,0
NEFM,-1
SCRIB,-1
SLC39A10,0
ASIC5,-1
HELB,-1
NPLOC4,0
DNAH7,-1
MED13L,-1
HIVEP2,-1
OR2T4,-1
RIN2,-1
RNF181,-1
ENPP2,-1
ALOX15B,-1
RANBP17,-1
MAP4K2,-1
NCF1,-1
PASK,-1
FOXN3,-1
NPC2,-1
ARHGAP11A,-1
CUBN,-1
KLC1,-1
MYH9,1
PLK3,-1
U2AF1,1
ASZ1,-1
KDM6A,1
AMER1,1
OR8D1,-1
SCUBE2,-1
SPTAN1,-1
LCE2C,-1
GPRC5A,-1
KCND3,-1
XPO6,-1
HOXC13,1
NR3C2,-1
IRS1,-1
DAAM1,-1
UGDH,-1
HGF,-1
TRAPPC11,-1
CDH9,-1
COG4,-1
ZNF574,0
USP31,-1
RFC4,-1
ADAMTS3,-1
OR5D14,-1
PRICKLE3,-1
SPATA5,-1
TTN,-1
NOA1,-1
ACACA,-1
ABR,-1
MRPS7,-1
OR6C2,-1
ACTL9,-1
MYPN,-1
ATL3,-1
EYA4,-1
TNRC6C,-1
C2,-1
PRDM5,-1
HLA-B,-1
ARFRP1,-1
VPS4B,-1
NOP2,0
APP,-1
VAT1L,-1
ZNF680,-1
RYR3,-1
ARHGEF3,-1
CTBP2,-1
MMS22L,-1
PCDH9,-1
PLEKHA2,-1
SLC16A11,-1
TNIP1,-1
TRMT10A,-1
ARVCF,-1
EPB41L2,-1
PRKD2,-1
TRIM17,0
RLIM,-1
MSRB3,-1
PHF19,-1
FARSB,0
INTS10,-1
PLAG1,1
SUPT5H,-1
ABCD2,-1
ARSB,-1
ZNF444,-1
SPCS2,0
NFAT5,-1
GABRA4,-1
CEP41,-1
HSPB1,-1
ZFP82,0
STX7,-1
HUS1,-1
CST2,-1
UNC5D,-1
RPRD2,-1
ACTN4,-1
PRR5L,-1
EFR3A,-1
APEX1,-1
CCNE2,-1
OR4C6,-1
MET,1
ARHGAP5,1
PREX1,-1
CNGA3,-1
LRIF1,-1
MPO,-1
RHCG,-1
SBF1,-1
PRRC2A,-1
ACSL4,-1
CRB1,-1
NAA15,-1
SULT2A1,-1
NPEPPS,-1
UGT1A6,-1
GMCL1,0
FPR2,-1
TPO,-1
ASNS,-1
MBIP,-1
AGA,-1
PPFIA2,-1
PTPRT,1
GPR39,-1
GLCE,-1
KRT72,-1
MYBPC1,-1
PAK4,-1
HTRA4,-1
TCHH,-1
ZNF749,-1
PI4KB,0
HTR1E,-1
ZNF142,-1
MC3R,-1
SORCS2,-1
UBXN10,-1
ZNF571,0
ILF3,-1
EPS15,1
WNT9B,-1
PGAM1,-1
RARG,-1
EPPK1,-1
HM13,-1
GABRR2,-1
PCDH11X,-1
DNAJB12,-1
HLA-DRA,-1
HTR3E,-1
CREBBP,1
TDRD1,-1
ZNF33A,-1
HP1BP3,-1
DMD,-1
PPP2R1A,1
DARS2,-1
RAD52,-1
HHIP,-1
LUM,-1
PLCB3,-1
KAT2B,0
CACNA2D3,-1
USP10,-1
TLN2,-1
TNKS,-1
LGR6,-1
TMUB2,0
SCN3A,-1
ARID5A,-1
ADIPOR1,-1
MATN4,-1
ERGIC2,-1
DNLZ,0
SIGLEC10,-1
SMARCC2,-1
SLU7,0
FLNA,1
CASQ1,-1
BRD1,0
PIK3CA,1
MXD1,0
ZIC2,-1
CD80,-1
DAB2IP,-1
TRHR,-1
GTF3C2,0
PALLD,-1
INHBA,-1
RTP2,-1
OR2T1,-1
DISP1,0
PABPC1,1
APOB,-1
MAP3K15,-1
AGAP4,-1
MYF6,-1
IQGAP2,-1
ARID4A,-1
COL17A1,-1
ENO3,-1
PLXNA3,-1
STMN4,0
DISC1,-1
ZZZ3,-1
TBC1D9,-1
CTU2,-1
ZNF479,1
CALR,1
CLEC12A,-1
SLC14A2,-1
LEPR,-1
NPY,-1
MAP3K5,-1
SF3B1,1
EDNRB,-1
VN1R2,-1
ADAMTS2,-1
LRRC8E,-1
RSF1,0
SLC15A3,-1
ATP6AP1,-1
CP,-1
TBC1D8,-1
ACE2,-1
MACF1,-1
MYO3A,-1
ACVR1B,1
IP6K1,0
MAN1B1,-1
CYP1A2,-1
DLGAP4,-1
RASSF5,-1
ZMYM6,-1
B4GALT4,-1
SPCS3,0
KANSL3,-1
OR4D9,-1
TLR1,-1
ADAMTS16,-1
RAPGEF3,0
DHPS,-1
PARD3,-1
DHH,-1
MUC2,-1
TAS2R30,-1
TAF7L,-1
FER,-1
KEL,-1
ZNF71,-1
PKN1,-1
RGS22,-1
DOCK5,-1
PCDHB2,-1
KIR3DL1,-1
ASB5,-1
PCDHB10,0
TECPR2,-1
RPS6KC1,-1
CHST12,-1
ZFHX3,1
RXFP2,-1
ZNF19,-1
ZNF254,-1
KCNIP4,-1
ELAVL2,-1
FANCC,1
HOXD10,-1
LRP3,-1
PCDHA7,-1
SLC2A14,-1
AEBP2,-1
RPS2,-1
TIMELESS,-1
HSPA6,-1
GNAI3,-1
ZC3H18,0
NUP205,-1
UBXN1,-1
DHX35,0
SPTA1,-1
ABCC10,-1
KMT2D,1
COL3A1,-1
VNN2,-1
B4GALT3,-1
TBX1,-1
ZMAT3,0
KIF4A,-1
LGI4,-1
UBA1,-1
SLC44A4,-1
MS4A7,-1
PYGM,-1
SEMA6D,-1
TELO2,-1
ROBO1,-1
REV3L,-1
DNAH11,-1
DSCAM,-1
HEPH,-1
HIGD1A,0
GSPT2,-1
MYBPC3,-1
TBC1D1,-1
NFIB,-1
ALAS2,-1
BRWD1,-1
TECR,-1
TOX,-1
HSPG2,-1
ESF1,0
PAPPA2,0
TSR1,-1
ZNF841,-1
PCDH8,-1
NME9,-1
ZNF610,-1
TBC1D9B,-1
LPAR4,-1
ASGR2,-1
OR10G7,-1
CTSZ,-1
HMGCL,-1
EXOC7,0
OR5D18,-1
ERBB3,1
TNKS1BP1,-1
MED12L,-1
FCRL5,0
FASN,-1
VPS13B,-1
MUC5AC,-1
SORBS3,-1
PEX14,-1
BMS1,-1
TTC7B,-1
LYST,-1
MCM3,-1
LILRA4,-1
EGF,-1
DNAH17,-1
ZNF667,-1
IWS1,-1
ENPEP,-1
OR2T27,-1
RHD,-1
SLC25A28,-1
ITGA1,-1
FAT4,1
HNRNPUL1,-1
RERE,-1
CDK5RAP2,-1
C1QTNF9,0
ATG9B,-1
DCLRE1A,-1
CASP4,-1
OR5I1,-1
OXTR,-1
GJB3,-1
EIF3B,-1
COL5A1,-1
CRY1,-1
PCMTD1,0
UBR4,-1
NOD2,-1
LHCGR,-1
CREBRF,-1
BRCC3,-1
PTPRB,1
ZP3,-1
ARMC8,-1
FGFR3,1
PIWIL3,-1
WFS1,-1
ZNF808,0
SLC11A1,-1
NDUFA13,-1
ZNF700,-1
POLQ,1
FBXO24,-1
PREX2,1
ICAM4,-1
BRPF1,-1
USP19,-1
SYT17,0
GTF3C1,-1
CCDC141,-1
OR4C3,-1
GEMIN5,-1
TACC2,-1
NLRC3,-1
FRAS1,-1
KLRB1,-1
SAP130,-1
LIG4,-1
DGKA,-1
SSTR4,-1
TSG101,-1
TSFM,-1
PFKP,-1
BMP15,-1
TRIM33,1
OR1N2,-1
KDELR2,0
DICER1,1
TAB3,-1
DSC1,-1
OSBPL6,-1
COL24A1,-1
CAP2,-1
PLS3,-1
LARP4,-1
CAD,-1
SOX3,-1
ARHGAP31,-1
OR5T1,-1
CCR3,-1
UQCRC1,-1
CAPN3,-1
TRIM5,-1
UGGT1,-1
FUCA1,-1
CDKN2B,-1
GALNT3,-1
HIP1,1
KLB,-1
DUOX1,-1
ROCK2,-1
KLHL13,-1
EXOC4,-1
PLEKHG1,-1
OR6C6,-1
ZNF267,-1
STK32C,-1
OR6A2,-1
OR5AS1,-1
DRD3,-1
DMTN,0
KIF1A,-1
PNMA5,-1
PCDHA3,-1
FCHO1,-1
RAD54B,-1
RASGRP4,-1
NAA35,0
SLITRK5,-1
DOCK2,-1
CSPP1,-1
TYR,-1
STK3,-1
CNOT4,-1
TRPC4,-1
DYNC1H1,-1
CORO6,0
RBBP6,-1
SRP19,-1
KRT76,-1
ZNF326,-1
GRM6,-1
COG6,-1
CNKSR2,-1
MYH1,-1
KCNQ3,-1
BMF,-1
HEATR1,0
TGIF2,-1
PAQR7,-1
GTF3A,-1
DYNC2H1,-1
CERS6,-1
ILKAP,0
NLRP1,-1
CSRNP1,-1
RLF,-1
OR4A47,-1
OR2M2,-1
COL22A1,-1
PDPR,-1
CPA4,-1
TLR2,-1
PDK2,-1
DIAPH2,-1
TUBGCP5,-1
RFX1,-1
LARS2,-1
NPC1L1,-1
ABCA7,-1
CD86,-1
OGT,-1
ADAMTS13,-1
FGB,-1
SOX8,-1
FCRL1,-1
TRMT6,0
OR9Q2,-1
ADCY2,-1
MCM7,-1
KMT2B,-1
RELN,-1
WNT4,-1
IQGAP1,-1
GPR15,-1
SLC10A2,-1
WNK1,-1
STAG1,1
UMOD,-1
IPO8,-1
MAT2A,-1
KCNA4,-1
ZBTB7B,-1
GPR182,0
PARP9,-1
DHX9,-1
CYTH1,-1
CUX2,-1
TGFB1,-1
ZNF662,0
ADAM17,-1
NPY4R,-1
HLA-C,-1
CELSR1,-1
SP5,-1
SGK1,1
CD300A,0
CRTC2,-1
MMP25,-1
BCLAF1,1
FUT3,-1
PLK1,-1
PRAM1,-1
DYSF,-1
ECE2,-1
ABCC2,-1
NHS,-1
RBBP7,-1
EPS8L1,-1
CASZ1,-1
ROS1,1
CBX5,-1
VSIG4,0
NOVA1,-1
FGD6,-1
ACTR3,-1
PDE1B,0
L1CAM,-1
RHBDL3,0
ZNF638,-1
PTPRG,-1
YME1L1,-1
ZNF780A,0
PLAA,-1
PTPRF,-1
OR4C16,-1
NDN,-1
WNT10A,-1
CHD1,-1
SNED1,-1
SLIT1,-1
IL5RA,-1
CHST3,-1
MSH6,1
TRIM56,-1
OR9G4,-1
NET1,-1
EIF4B,-1
DCTN5,-1
ZSWIM7,-1
ARID1A,1
CLTCL1,1
FBXO30,-1
DHX8,-1
PRDM9,-1
TFAP2E,-1
PUM1,-1
LCT,-1
WDR35,-1
ULBP2,-1
PSME3,-1
STK16,0
CHI3L1,-1
DVL1,-1
KRIT1,0
SNRPC,-1
ADCY9,-1
ITGB4,-1
TNIK,-1
KDM4B,-1
NIPBL,-1
TGFBR3,-1
BCOR,1
TNRC6B,-1
ABCB7,-1
EPHB2,-1
CCAR2,-1
CLASRP,0
MAML2,1
UNC119,-1
CPNE4,-1
DDX51,-1
HOXA4,-1
AMY2A,-1
GAS2L2,-1
GRID1,-1
RAD9A,-1
TMF1,-1
AKAP3,0
CAND2,-1
OR4L1,-1
OR52I2,-1
KAT7,1
RB1,1
STAMBPL1,-1
KIFC1,-1
RAB33A,-1
ACOT2,-1
RXFP1,-1
ST6GALNAC3,-1
MGAT5,-1
SAMHD1,-1
MYSM1,-1
PHLPP2,0
LPA,-1
CYP2S1,-1
ZNF234,-1
GRXCR1,-1
PYY,-1
CX3CR1,-1
PJA1,-1
BLOC1S1,0
CYP1A1,-1
HIVEP3,-1
SLC12A3,-1
RIPPLY3,0
ARAP3,-1
FBXW7,1
TH,-1
LSS,-1
JAK3,1
MAPK8IP3,-1
ASH2L,-1
PLCL1,-1
SERPINB4,-1
IRX2,-1
SRSF9,-1
MYH7B,-1
NCOA6,-1
ZSWIM8,-1
AFF3,1
CHD7,-1
GAL3ST3,-1
KMT2C,1
EPAS1,1
B3GAT1,-1
ADAMTSL1,-1
VPS16,-1
ZNF418,-1
STK10,-1
GMIP,-1
PKDREJ,-1
ANXA13,0
ABCA12,-1
RD3,-1
NFATC2,1
MYO1B,-1
OR4K2,-1
COL14A1,-1
DTNA,-1
SULF1,-1
HPX,-1
FBLN1,-1
AMY2B,-1
SEMA6A,-1
SERPINB10,-1
ZNF407,-1
GLRA3,-1
TPX2,-1
BCL11A,1
FCRL3,0
FDX1,-1
TBX2,-1
SARM1,0
RALGDS,-1
CDK11A,-1
AFTPH,0
CYFIP2,-1
SLC16A2,-1
FMN2,-1
L3MBTL3,0
PRDM1,1
UACA,-1
DNAH8,-1
CCDC22,-1
GRM4,-1
RPTN,-1
KRT18,-1
CRHR1,-1
SIPA1L3,-1
NID2,-1
MYO16,-1
NR4A1,-1
DOCK10,-1
CDK5RAP3,-1
KIFC3,-1
PLXNA1,-1
IPO11,-1
UGT1A7,-1
OR5F1,-1
RPN2,-1
SYCP2,-1
PCDHB5,-1
RAET1E,0
PKN2,-1
OS9,-1
AMPH,-1
CELA2B,-1
RPS6KA6,-1
ZNF283,0
EXO1,-1
KCNK5,-1
CWF19L2,-1
SLC16A13,0
KIF21A,-1
IMPG1,-1
PGM3,-1
LRRK2,-1
MAEL,-1
DENND4C,0
FERD3L,-1
POLE,1
ANK1,1
OGDHL,-1
F12,-1
CCL13,-1
ZFP90,-1
MYO7A,-1
GLB1L3,-1
SEMA5A,-1
IGHV3-13,-1
RALGAPB,0
NPNT,-1
SORCS3,-1
AHNAK,-1
BRINP3,-1
FZD2,-1
GIGYF1,-1
GOLGB1,-1
OLAH,-1
SLC8A3,0
ALDH3A1,-1
PPP2R5E,-1
ARFGEF2,-1
SSRP1,-1
MPDZ,-1
CDHR1,-1
TAF7,-1
PDZD7,-1
PI4KA,-1
MAGEA3,-1
ZNF831,-1
ERBB2,1
F9,-1
CRLF1,-1
TPH2,-1
NACA,-1
AP5M1,-1
DSP,-1
EEPD1,-1
CHMP4A,-1
IGKV6-21,-1
BFSP2,-1
ITPR1,-1
ZNF585B,0
DNAH2,-1
FLG2,-1
FASTKD5,-1
ITIH3,-1
CLIC1,0
SLC1A6,-1
REPIN1,0
EEF2K,-1
PCDHA6,-1
PML,1
DHX57,-1
ZFP36L2,-1
PHC1,-1
TOPORS,-1
LARP1B,-1
HECW1,-1
LSG1,-1
VPS13D,-1
NCOR2,1
ZNF77,-1
PLD3,-1
ARHGEF18,-1
LRP5,-1
NRXN2,-1
INSC,-1
SH3GL3,-1
ZNF676,0
GNRHR,-1
TBK1,-1
STAT3,1
SSTR5,-1
PFAS,-1
ECEL1,-1
IGF2R,-1
IGKV1-33,-1
COL4A4,-1
TRPV4,-1
ZNF780B,-1
STAB2,0
ATP8B3,-1
SORCS1,-1
AKR1B15,-1
IGKV1-17,-1
ITGA11,-1
LNPEP,-1
CSTF2,0
IRAK4,-1
KCNH7,-1
CDH26,-1
NRAP,-1
MAGEB2,-1
KCNJ9,-1
CLTC,1
SRM,-1
LRCH1,-1
TSHZ3,-1
CD1D,-1
EBF2,-1
SLC7A3,-1
HEATR5B,-1
SCNN1A,-1
OR51Q1,-1
NOSIP,-1
NLGN1,-1
SLC26A1,-1
TLR7,-1
SUPT6H,-1
VWF,-1
ITGA10,-1
PPP6R3,0
PLEC,-1
DPY19L2,-1
TUFM,-1
RSPH6A,-1
DCT,-1
ZNF567,0
RASA1,-1
DCST1,-1
CTSC,-1
MEOX2,-1
PSMG2,-1
NYAP2,-1
TBC1D25,-1
GATA3,1
PRPF8,-1
IRS4,1
PTPN3,-1
SYNJ1,-1
OR4X1,0
HSPA4L,0
MTR,-1
AGAP5,-1
IGHG4,-1
LARP4B,1
CEP70,-1
COL15A1,-1
GALNT2,-1
PABPC3,0
WDFY3,-1
SNRPA,-1
SVIL,-1
PEPD,-1
PEG3,-1
LTBP4,-1
DHX58,-1
CASR,-1
SH3BP4,-1
SND1,1
NOTCH1,1
LAMA5,-1
ALCAM,-1
EBF1,1
SLCO1C1,-1
OTUD7B,-1
FUT1,-1
ANKRD52,-1
BCAT2,-1
SOX4,-1
SETDB1,1
RNF43,1
KCNAB1,-1
FKBP3,-1
NRK,-1
SMC1A,1
ELF1,-1
MDN1,-1
ABCB1,-1
CDH16,-1
IL4I1,-1
GCK,-1
SLC25A13,-1
MKI67,-1
GPR45,-1
IFIT1,-1
MMP1,-1
FAT1,1
C1QBP,-1
DUOX2,-1
VPS53,-1
ZNF711,-1
NFE2L2,1
ACTA1,-1
OR51G1,-1
PRKCQ,-1
SEC31A,-1
ABCA13,-1
UTRN,-1
RYR1,-1
CPXM1,-1
COL6A6,-1
PDCD5,-1
CHD4,1
PCDHGA11,-1
LRRC4B,0
INO80D,0
ATP13A2,-1
MBD1,-1
STX3,-1
SMC4,-1
GIT2,0
SLC16A5,-1
ZFP14,0
PPL,-1
PBRM1,1
SLITRK3,-1
FTL,-1
ARFGEF1,-1
MRC2,-1
SERPINB2,-1
RIMS2,-1
USP43,-1
ANK3,-1
MAN2A1,-1
PRPF4B,-1
CLDN4,-1
DHRS4L2,-1
SNCAIP,-1
COL6A2,-1
MTHFD2L,-1
CELSR2,-1
IL2,-1
MATR3,-1
PIK3CG,-1
PDCD4,-1
SIAH1,-1
LMO3,-1
ZNF716,0
CHRNA2,-1
HFE,-1
SPTBN4,-1
RAD54L,-1
KDM1B,-1
CDH2,-1
GLI3,-1
RP1,-1
GDF6,-1
PPAN,-1
CATSPER1,-1
DAB2,-1
DLEC1,-1
HKDC1,-1
GPR63,-1
CIC,1
UQCC1,0
PPP1R3F,0
OR9K2,-1
COL20A1,0
PHRF1,-1
OR10K1,-1
NRN1,-1
SALL3,-1
SLCO2A1,-1
CUX1,1
ECSIT,0
PDIA4,-1
SQSTM1,-1
HIVEP1,-1
RNF213,-1
VCX,-1
ARHGAP36,-1
DIRAS2,-1
MAPK6,0
ATP6V0A4,-1
PRKCG,-1
IL1R2,-1
ALPK2,-1
MAPK4,-1
KRT6C,-1
KLHL22,-1
PCDHA11,-1
OR2T2,-1
IGKV2D-28,-1
UBL4A,-1
NRXN1,-1
GRM3,1
MUC16,-1
ULK1,-1
ZNF462,-1
ARSJ,-1
GPR20,-1
IL36G,-1
GRIK3,-1
GLRX2,-1
NOS2,-1
MRPL37,-1
GP2,-1
PDK3,-1
TUBAL3,0
ORC3,-1
KLKB1,-1
ADAM22,-1
DMBT1,-1
SEC23A,-1
RGPD8,-1
ZFAT,0
CCR6,-1
POTEF,0
BNC2,-1
SDE2,-1
RAC1,1
NPR1,-1
CHRM3,-1
DMP1,-1
BFAR,0
RGS12,-1
PTPN5,-1
ZNF615,0
BRCA2,1
ACTN2,-1
QRFPR,-1
PARP14,-1
METTL14,-1
NLRP5,-1
TYMS,-1
ZBTB3,0
CHEK2,1
SYMPK,0
OR51A7,-1
CTHRC1,-1
CCDC39,-1
NOB1,0
SCN7A,-1
PTPRM,-1
CLCNKA,-1
COL7A1,-1
PIP4K2A,-1
PTP4A3,-1
ATXN2,-1
MRPL11,-1
KCNH2,-1
SGIP1,-1
CD74,1
LMOD2,-1
MAP1A,-1
TRPC6,-1
PPHLN1,-1
SFPQ,1
GRM7,-1
FNDC5,-1
ZNF513,-1
CYP7B1,-1
DSC3,-1
AP3M1,-1
NCBP1,-1
DENND3,-1
RRP1,0
AXL,-1
ADAM12,-1
OBSCN,-1
HLF,1
PCDHGA2,-1
DMRT3,-1
NAPG,-1
ZNF383,0
RNF128,-1
DGKB,-1
PCDHGB1,-1
GMPPA,-1
DPPA3,-1
ZNF736,-1
ADAMTS12,-1
DDX56,-1
POLR2A,-1
HCFC2,-1
FGF13,-1
TSNAX,-1
RGS7,1
ADAT3,-1
FOLR3,-1
SRRM1,-1
SPTB,-1
REG3G,-1
RILPL1,-1
GRIA3,-1
RHOBTB1,-1
MYO7B,-1
NAP1L2,-1
TCF20,-1
UBE2NL,-1
MAGI2,-1
OTOF,-1
ALDH4A1,-1
AGRN,-1
PSMD11,-1
ZNF446,0
TGM4,-1
FLT1,-1
NR4A3,1
CYP4F3,-1
MAP7,-1
NTRK1,1
ZNF37A,-1
COL9A1,-1
DST,-1
IGKV2D-30,-1
OTOGL,-1
WDR45,-1
ITGB1,-1
EPB41L3,-1
CHRM2,-1
CTNNBL1,-1
ZNF536,-1
RNF182,0
TRPC1,-1
TASP1,-1
ARHGEF10L,1
SPTBN5,-1
WDR7,-1
ZNF470,-1
ARHGEF2,-1
PLEKHA8,-1
CRBN,-1
TRRAP,1
VSX2,0
RNF111,-1
PURB,-1
SCD,-1
ITPKA,-1
EP400,-1
HS3ST6,-1
ANXA6,-1
TRPM2,-1
KDM2B,-1
PROKR2,-1
PSG8,-1
RTF1,-1
NSL1,-1
EDAR,-1
ALG12,-1
JUP,-1
HLA-E,-1
CD55,-1
CSF2RB,-1
OR10Z1,-1
F10,-1
NDRG3,-1
ABCA9,-1
CARD11,1
BCL2L13,0
SLC1A3,-1
KIAA0753,-1
DDX31,-1
ECM1,-1
PROCR,-1
SV2B,-1
CCT3,-1
GPATCH1,0
ZNF572,-1
DNAH5,-1
FXR1,-1
MEMO1,-1
RRAGB,-1
WRN,1
ADCY6,-1
HERC1,-1
AKAP4,-1
TRA2B,-1
XYLT2,-1
MYRIP,-1
MGLL,-1
HP,-1
PLXNB3,-1
OR4C12,-1
IFI44,-1
SUV39H1,-1
NCAPH2,-1
NR6A1,0
ZNF473,-1
RPS28,-1
SBK1,0
TSC22D1,-1
PNPT1,-1
SPTBN1,-1
COL27A1,-1
DLST,-1
COL19A1,-1
KCNA3,-1
UST,-1
CNTN4,-1
PODXL2,-1
NOS1,-1
MLLT4,-1
OR2S2,0
HDAC10,0
KRAS,1
TRIO,-1
HR,-1
F8,-1
BCHE,-1
PCDHB13,-1
PUS3,-1
CNTN5,-1
ARID1B,1
LIPT1,-1
LAMA1,-1
SYNE1,-1
RIMS1,-1
SFRP4,1
ALG1,-1
MTMR6,-1
TBXAS1,-1
MX2,-1
APAF1,-1
SALL4,1
CLASP2,-1
PDZD3,-1
MFN1,0
PTPN13,1
MYL10,-1
TICRR,0
POLR1A,-1
ITPKB,-1
GAST,0
CYSLTR1,-1
EPHA5,-1
COL11A1,-1
ZRANB1,-1
TUBB1,-1
NF1,1
PADI1,-1
DROSHA,1
USP1,-1
KLHL25,0
ZFP28,-1
AIP,-1
NLGN4X,0
SMC2,-1
RANBP2,1
HNRNPA2B1,1
CCDC6,1
PTPRD,1
SAMD4B,-1
HDAC7,-1
DNMBP,-1
HMGCS2,-1
HECW2,-1
NCAPD3,-1
PHKA2,-1
MYBPC2,-1
PIBF1,-1
PCNT,-1
SPG7,0
FGF6,-1
DPP10,-1
PIGC,-1
OR4D2,-1
OMA1,-1
MIOS,-1
TIAM1,-1
AKAP9,-1
ZNF518B,-1
SPOP,1
SPON2,-1
LRRC7,-1
TIGIT,-1
PKM,-1
OTUB1,-1
UBP1,-1
REXO1,-1
SIN3A,-1
GLYCTK,-1
SIX4,-1
MZF1,0
SPIRE2,0
CYP26A1,-1
C2CD3,-1
SSX7,-1
SGSH,-1
MMP2,-1
MYOF,-1
TDRD9,-1
LCE1A,-1
HCN4,-1
TRAK2,-1
DLGAP2,-1
NEB,-1
HLA-DQA1,-1
GRIA1,-1
CD1B,-1
ADAM9,-1
FAM50B,0
P2RY10,-1
PELI2,-1
CACNA1H,-1
AQP5,-1
RAB38,-1
ABCC1,-1
CHM,-1
AP1S2,-1
HERC2,-1
PCSK9,-1
ZP1,-1
KIF11,-1
MYH7,-1
CHRNA1,-1
SHPRH,-1
LZTFL1,-1
SCP2,-1
MAEA,-1
MERTK,-1
TRPM6,-1
BRD3,1
ARHGEF11,0
LYZL2,-1
CNTN2,-1
OR4A16,-1
USP51,-1
PGAM4,-1
ZFX,-1
MAP2,-1
ZFPM2,-1
LGR5,-1
FNIP1,-1
GET4,-1
CHD5,-1
CAMK2B,-1
SMYD1,-1
PRSS58,-1
PCDHGA6,-1
PABPC5,-1
TNXB,-1
RASEF,-1
SCLT1,-1
GPR37,-1
ZNF251,0
CPSF1,0
CRTAM,-1
RAP1A,-1
HOMEZ,-1
POMT1,-1
SLC35A2,-1
LIN7A,-1
BTN3A3,-1
SLC6A9,-1
POU2F1,0
LRRCC1,-1
KLK2,-1
OR14I1,-1
ZBTB38,-1
GARNL3,-1
NOTCH4,-1
KDR,1
MAGEC2,-1
NLRP10,-1
PDE4D,-1
PRKCE,-1
HTT,-1
LRP1,-1
GPC3,1
GAS8,-1
EXOC6,-1
PPIG,-1
CDH4,-1
SULF2,-1
GOLGA7,0
ABCA2,-1
DACH1,-1
CEP170,-1
PROS1,-1
CEP135,-1
TP53,1
UNC13B,0
ABCA8,-1
TSPAN33,-1
CPOX,-1
TNNT1,-1
PSMD2,-1
PXDN,-1
ZFP57,-1
OR8A1,-1
CDC27,-1
PACS1,-1
DCHS1,-1
MUC17,-1
MEIS2,-1
CPA6,-1
NTRK3,1
CD36,-1
PTPN18,-1
AIFM1,-1
ELN,-1
CTCFL,-1
PPRC1,-1
ZKSCAN7,0
FCRL4,1
ARHGEF25,-1
CALCR,-1
PPP1R3A,-1
ZNF683,-1
PPOX,-1
GRN,-1
IFNA16,-1
HSPA1B,-1
PIK3R1,1
WDR62,-1
COL4A6,-1
MYO1G,-1
SFTPB,-1
NELFE,0
RASGRF2,-1
ZFP36L1,-1
MID1,-1
MYO1F,-1
SON,-1
NSD1,-1
CNR1,-1
ZNF585A,0
MCF2L,-1
CACNA1E,-1
ALDH6A1,-1
MYO15A,-1
ANXA5,-1
LAMTOR5,-1
SDF2,-1
SCML2,-1
GEM,-1
CYLC1,-1
ENC1,-1
GLI2,-1
FAP,-1
ATG4A,-1
OR11H6,-1
CLIC4,-1
TRPM8,-1
ASB13,-1
TONSL,0
PWP2,0
C1QTNF1,-1
ATP8B2,-1
RGS14,-1
CD3E,-1
BTRC,-1
ADAMTS8,-1
TSEN2,-1
RYR2,-1
AKAP8,-1
HTR5A,-1
PTEN,1
TMPRSS11F,0
PTPRZ1,-1
MAN2C1,-1
TEKT1,-1
NCK1,0
PLXNB2,-1
TEX10,-1
CKM,-1
ZMIZ1,-1
EXPH5,-1
HCFC1,-1
ASAP1,-1
TRPM4,-1
SYNGAP1,-1
CTNND2,1
RALGAPA1,-1
SEC11A,-1
GABRB2,-1
KCNMA1,-1
SCN10A,-1
HIF1AN,-1
BAZ1B,-1
SH3GL1,1
PCDHA4,-1
CRTC3,-1
LGALS7,-1
FOXA2,-1
RIF1,0
DLG3,-1
EFNB3,-1
CNOT1,-1
FCRL2,0
ZKSCAN1,0
ANKLE2,-1
IL6ST,1
MST1,-1
OR12D3,-1
USP11,-1
PHOX2A,-1
SAV1,-1
CDC42EP2,-1
EPHB1,-1
PDCL,-1
MFSD8,-1
SLC5A1,-1
IFT74,-1
MAD1L1,-1
TNPO3,-1
ZXDB,-1
PHLPP1,-1
OR4N5,-1
ITSN2,-1
ZNF792,0
NRG1,1
ADAMTS7,-1
OR51A4,-1
ZNF384,-1
MED12,1
INPP5F,-1
FLG,-1
GTF2H1,-1
ZC4H2,-1
IPO13,-1
DCTN1,-1
OR2W1,-1
UGT3A1,-1
COLGALT2,-1
IGHMBP2,-1
MPV17,-1
SCN11A,-1
ABCA4,-1
OTUD7A,-1
WAC,-1
NYNRIN,-1
CEACAM21,-1
ARHGAP9,-1
PPFIBP1,-1
ABCC8,-1
CAPN11,-1
CACNB4,-1
PLA2R1,-1
COPB1,-1
FFAR3,-1
PICK1,-1
NTN3,-1
KIF2B,-1
IFI16,-1
GART,-1
SORL1,-1
ZEB1,1
SOX6,-1
ABCA3,-1
ZNF622,-1
USP25,-1
PCDHA2,-1
KIF5A,-1
CYP2F1,-1
DNMT3B,-1
TULP4,0
TTC30B,0
PIK3C3,-1
HCRTR2,-1
SMARCA4,1
ZKSCAN3,-1
LILRB5,-1
CDHR2,-1
JPH4,0
HDAC6,-1
GAA,-1
TMEM63A,0
NME1,-1
MTSS1,-1
ARHGAP30,-1
KRT6A,-1
MLLT1,-1
PKD1L1,-1
CDHR5,-1
STEAP4,-1
ALS2CL,-1
NCKAP1,-1
ACIN1,-1
KANSL2,-1
MAG,-1
PARP2,-1
APOBEC1,-1
HDAC8,-1
FBLN2,1
TNFRSF6B,-1
RHOXF1,-1
PCDHB6,-1
BSN,-1
NCF2,-1
SCN8A,-1
VPS18,-1
ATP7A,-1
ZC3H13,-1
EXOC3,-1
ESRP1,-1
MYH2,-1
ROBO2,1
COL11A2,-1
AHR,-1
MDGA2,-1
PJA2,0
ANKRD50,-1
MCAM,-1
TTLL4,0
SPIDR,-1
PCDHA12,-1
SULT1A1,-1
LRRC4C,-1
G3BP2,0
GABRA6,-1
USP42,-1
DCP1A,-1
CDH10,1
PCDHGB3,-1
PCLO,-1
LRP1B,1
TAF5,-1
PTPN23,-1
DNAH9,-1
ARHGAP35,-1
DUSP22,-1
AVIL,-1
CNTN3,-1
ZNF284,0
CCL1,-1
F2RL1,-1
KCNS2,-1
DCC,1
MAML1,-1
NXF5,-1
SHQ1,-1
AARS2,-1
ZFC3H1,-1
TPSG1,-1
IFNLR1,-1
HBA1,-1
MYC,1
SLC8A1,-1
ASXL3,-1
SLCO1B3,-1
SMARCA5,-1
INSRR,-1
PRKAR1A,1
MCC,-1
GNB1,-1
MYCBP2,-1
RRAS2,-1
OR51T1,-1
TRIP11,-1
ZNF404,0
KDM6B,-1
PRDM15,-1
ATP11B,-1
GIMAP1,-1
RBM26,-1
PCDHA9,-1
STAT1,-1
DNAH1,-1
RIC8B,-1
TNFRSF14,1
FANCM,-1
MYO5C,-1
VPS72,-1
SLC4A5,-1
GAPDH,-1
CORIN,-1
PGLYRP4,0
TNFAIP3,1
CEP89,-1
EIF4H,-1
ZNF107,-1
TGM5,-1
CACNA1A,-1
SLC22A3,-1
XDH,-1
PDGFRB,1
ESX1,-1
RC3H1,-1
SLC5A7,-1
LZTS1,-1
EFNB2,-1
NR1H3,-1
SLITRK2,-1
NFATC1,-1
IRX6,-1
PTCRA,-1
ZBTB11,-1
CREB5,-1
TPTE,-1
CD247,-1
TRIP12,-1
MAGEA11,-1
DZIP3,-1
IDE,-1
DEF6,-1
HYAL2,-1
PHF1,-1
MICAL1,-1
SERPINH1,-1
GJA1,-1
SRRM2,-1
CACNA1B,-1
CDC42BPB,-1
MED4,-1
KLF5,-1
FHOD3,-1
DPF1,-1
PXN,-1
GINS2,-1
TAF1,-1
MSMO1,-1
MYT1L,-1
NUP153,-1
XYLT1,-1
ASPM,-1
MGAT4A,-1
ATR,1
MAGEB1,-1
SLCO4A1,-1
FIG4,-1
ZNF33B,-1
TADA1,0
SCN1A,-1
HUWE1,-1
RNF216,-1
KBTBD7,-1
UBXN7,-1
FSCN3,-1
SCN2B,-1
MOGAT2,-1
ATP4A,-1
ARHGAP4,-1
FAT2,-1
