genename,label
NCKAP1L,0
ZBTB17,-1
FREM2,-1
POTEE,-1
STIL,1
SIGLEC1,-1
RP1L1,-1
ALMS1,-1
CYP2A7,-1
GALNT5,-1
HJURP,-1
HAGH,-1
MAP3K4,-1
HNRNPCL1,0
TSHZ2,-1
VGLL2,-1
OR2L8,-1
GORASP2,0
LRP2,-1
STXBP5L,-1
VAX1,-1
ZNF560,-1
GRIN2A,1
LPP,1
PPIP5K1,-1
TNFRSF1B,-1
PKDCC,-1
SPATA16,-1
NPFFR1,0
LCP1,-1
HSF4,-1
CNOT3,1
GCC2,-1
MMRN2,-1
ZFYVE16,-1
IGHA1,-1
GRIK5,-1
GPR83,-1
SCRIB,-1
YAP1,-1
THBS1,-1
CXCR1,-1
DNAH7,-1
OR8U1,-1
MED13L,-1
PWP1,0
RPP14,-1
DDC,-1
ACSM4,-1
NPC1,-1
OR2T4,-1
RIN2,-1
TUBA1B,-1
INTS9,-1
OR10G9,-1
TBX20,-1
ENPP2,-1
MICU3,-1
ZNF772,-1
RUNX3,-1
TAOK1,-1
ZNF441,0
TRIP6,-1
MAP4K2,-1
RBM10,1
GALNT14,-1
DPYS,-1
PRAME,-1
CEP350,-1
TCERG1L,-1
CD72,-1
LCE2B,-1
FBXL5,-1
MAP4K1,-1
OR6Y1,-1
PASK,-1
SLC26A7,-1
AGAP1,-1
HDAC9,-1
ZBTB45,0
SMCR8,-1
CUBN,-1
MYH9,1
U2AF1,1
ABCC9,-1
HNRNPC,-1
KDM6A,1
EXOC3L1,-1
ZNF320,-1
AMER1,1
COL18A1,-1
KCNB2,-1
THBS4,-1
SPTAN1,-1
LCE2C,-1
FZD3,-1
CDC42,-1
POU5F2,0
OR8G5,-1
KCND3,-1
IRS1,-1
DAAM1,-1
UGDH,-1
PFKFB4,-1
KIF5C,-1
MDGA1,-1
OR51I1,-1
UBA2,-1
MAP1B,-1
CDH9,-1
GABRA2,-1
NLRC5,-1
UBL7,-1
ZNF814,-1
COL12A1,-1
USP31,-1
STAG2,1
CD96,-1
ADAMTS3,-1
TTN,-1
MLXIPL,-1
CYP26B1,-1
DHX15,-1
TPTE2,-1
HAUS5,-1
BEND3,-1
DYRK1A,-1
NUDT21,-1
PDE4C,-1
SEC31B,-1
PLCD4,0
ACTL9,-1
CDH8,-1
NLRP4,-1
APLF,0
CLEC1B,0
CAPN9,-1
DTL,-1
OR5T3,-1
TLE3,-1
TTBK1,0
PYGL,-1
GNS,-1
TNPO2,-1
ZFHX4,-1
ZNF184,-1
TNRC6C,-1
ITFG2,-1
PRDM5,-1
KRT15,-1
NUP50,-1
STRIP2,-1
KRT6B,-1
DNAH10,-1
NOP2,0
RND3,-1
C1QB,-1
CUL4B,-1
FFAR2,-1
RYR3,-1
RPL28,-1
PARD6A,0
ARHGEF3,-1
RASAL3,-1
NRXN3,-1
UNC13C,-1
FLT3,1
PCDH9,-1
RHCE,-1
ZEB2,-1
SCAP,-1
DOCK9,-1
WIPI2,-1
YTHDF1,-1
SYNJ2,-1
TLX2,-1
NBEA,1
PRKD2,-1
ZNF354A,0
MLLT11,-1
SHANK1,-1
MSRB3,-1
FMO1,-1
KRT4,-1
KRT34,-1
ZC3H12C,-1
CFTR,-1
PCDHGA4,-1
CDON,-1
FARSB,0
TOR1AIP1,-1
NFAT5,-1
GABRA4,-1
RNF40,-1
CELF6,-1
PKD2,-1
DDO,-1
WLS,-1
SRGAP1,-1
AXIN1,1
FGFR4,1
UNC5D,-1
SCNN1G,-1
RALGAPA2,0
RPRD2,-1
PRR5L,-1
EPHA2,-1
RBM45,-1
ZNF141,-1
MYO10,-1
OR4C6,-1
BAHD1,-1
ZNF180,-1
ARHGAP5,1
RPS11,-1
TYW1B,-1
PREX1,-1
SEC24C,-1
BIRC6,1
NIPA1,-1
CNGA3,-1
LRIF1,-1
MPO,-1
NRROS,-1
EFTUD2,-1
DOCK8,-1
XPO7,-1
LAMB2,-1
ATP2A2,-1
PPP4R2,-1
ACSL4,-1
WDR3,-1
ATAD2,-1
NPEPPS,-1
TRADD,-1
ATXN2L,-1
LMX1B,-1
MMP3,-1
TPO,-1
KBTBD2,-1
GLRA1,-1
PCDHGB7,-1
IKZF2,-1
TECTA,-1
HMGB2,-1
PPFIA2,-1
PTPRT,1
GPR39,-1
GLCE,-1
GAD1,-1
MYBPC1,-1
CDKN2A,1
SIM1,-1
CDC14A,-1
ARHGEF12,1
CHST11,1
PI4KB,0
TOX2,-1
JMY,-1
COLEC11,-1
ZNF142,-1
PPWD1,-1
MC3R,-1
SORCS2,-1
ATG2A,-1
GPRC6A,-1
ZNF224,-1
ZNF496,-1
MTM1,-1
KIF1B,-1
NEK4,-1
WDR48,-1
ALX3,-1
ERCC2,1
OR5M8,-1
MEF2D,-1
CBLN1,0
APBA2,-1
RARG,-1
OR12D2,-1
GBA2,-1
TPM1,-1
RTN4,-1
KCNG3,-1
TMPRSS11D,-1
EPPK1,-1
HM13,-1
MED14,-1
SNTG1,-1
SRGAP3,-1
RAB40B,0
STXBP1,-1
NEK9,-1
PCDH11X,-1
ELOVL4,-1
CREBBP,1
ERI1,0
GPC4,-1
TDRD1,-1
ZNF43,-1
DMD,-1
PPP2R1A,1
POU4F3,-1
OR51E1,-1
TMPRSS6,-1
LUM,-1
NUP98,1
CYB5R1,0
DCHS2,-1
CPS1,-1
IFT88,-1
CACNA2D3,-1
USP10,-1
TLN2,-1
ZSCAN25,0
MCOLN2,-1
LGR6,-1
PPP1R12C,-1
PARVB,-1
CLIP1,-1
KLK1,-1
NEU4,-1
RPL14,-1
FLII,-1
STIP1,-1
SCN3A,-1
MAST2,-1
ZNF28,-1
NLRP12,-1
NPAT,-1
TRIM26,-1
TEX14,-1
ZNF292,-1
MATN4,-1
ME2,-1
CPSF2,0
FLNA,1
MAGED2,-1
SLC6A20,-1
KIRREL3,-1
PIK3CA,1
POMC,-1
ZIC2,-1
CAMK4,-1
USP48,-1
FOLH1,-1
MYBBP1A,-1
DAB2IP,-1
TRHR,-1
PALLD,-1
DENND5A,-1
INHBA,-1
PCDHB12,-1
TAOK2,-1
OR2T1,-1
DISP1,0
TNR,-1
ANKK1,-1
SF3B2,-1
IGFALS,-1
APOB,-1
MAP3K15,-1
HTR1A,-1
TMEM30A,-1
PUS1,-1
APC,1
PAQR3,-1
CISH,-1
PRKCA,-1
MYF6,-1
SUN1,0
PCNA,-1
ZNF497,-1
DDX46,-1
XCR1,-1
IZUMO1,-1
GTF2IRD2B,0
ATXN10,-1
SHROOM2,-1
SLTM,0
F5,-1
KHSRP,-1
OR1C1,-1
PCDH10,-1
SLC12A2,-1
SLC30A1,-1
KCNH6,-1
KPNA4,-1
AP4B1,-1
HIF3A,-1
PCDHB7,-1
FCER1G,-1
DISC1,-1
ZNF562,0
ZZZ3,-1
UGT1A4,-1
SLC6A4,-1
CYLD,1
TBC1D9,-1
WEE2,-1
TAF4,-1
PC,-1
CCNF,-1
LEPR,-1
HTR2A,-1
OR10A6,-1
SCAF1,-1
SYT1,-1
MAP3K5,-1
ATP2B3,1
SF3B1,1
DYNC1I1,-1
TBX22,-1
PF4V1,-1
ADCY10,-1
NCAPG,-1
ADAMTS2,-1
CDH23,-1
MYO18B,-1
PIGO,-1
ZNF471,-1
GDI1,-1
PLRG1,-1
IGFLR1,-1
TBC1D8,-1
ASIC3,0
ACE2,-1
HUNK,-1
ROBO4,-1
VAV1,1
MC5R,-1
SLC36A3,0
SEL1L,-1
MACF1,-1
P2RY4,-1
TYK2,-1
MYO3A,-1
SLC2A9,-1
PCDHA8,-1
SLC7A7,-1
KCNQ2,-1
CYP1A2,-1
DCST2,-1
IRF7,-1
ZC3H15,0
HSP90AA1,-1
ANO3,-1
LAMP2,-1
DLGAP4,-1
COX4I2,-1
FOXQ1,-1
HOXC4,-1
CEBPZ,-1
FCER1A,-1
OR4D9,-1
ETV5,1
CCNO,-1
TLR1,-1
OSMR,-1
BAP1,1
ATP2C2,-1
ADAMTS16,-1
EML3,-1
FLNC,-1
HADH,0
PLXNC1,0
PARD3,-1
MUC2,-1
CLVS1,-1
EIF3D,-1
GFPT2,-1
ZNF70,-1
ZNF317,-1
EIF2B2,-1
KEL,-1
ZNF71,-1
MUS81,-1
ITGA2,-1
ST3GAL2,0
ANO5,-1
NOX1,-1
PKN1,-1
SRFBP1,-1
DDHD2,-1
SORT1,-1
ENGASE,0
USP5,-1
RGS22,-1
DOCK5,-1
PCDHB2,-1
OR2M4,-1
KIR3DL1,-1
VPS25,-1
OR11L1,-1
SLC6A17,-1
CDHR3,-1
MLH3,-1
AOC2,-1
SOX14,-1
ZNF484,0
LIFR,-1
CHST12,-1
MAP7D1,0
SEMA4G,0
EVPL,-1
DLG4,-1
ZFP42,-1
ZFHX3,1
CREB1,1
WIPF1,-1
ABCA10,-1
ADD3,-1
CHGB,-1
OR14A16,-1
ELAVL2,-1
SMAD2,1
ATP2B1,-1
KLC3,-1
FANCC,1
LRP3,-1
KDM3A,-1
F13A1,-1
PCDHA7,-1
METTL21C,-1
FBXO3,-1
B3GAT3,-1
CDK20,-1
MLKL,-1
TIMELESS,-1
OR4S1,-1
WNT2,-1
HSPA6,-1
LAMB3,-1
DDX55,-1
DNASE1L1,-1
NUP205,-1
DHX35,0
EPHX1,-1
SPTA1,-1
ASCC3,-1
LIN28B,-1
MYH13,-1
ABCC10,-1
ZC3H4,-1
ACHE,-1
KMT2D,1
PIGQ,-1
COL3A1,-1
ZNF750,-1
GBX1,-1
AMER3,-1
PCDHB11,-1
KANK2,-1
MRPL15,-1
ALDH1A3,-1
KIF4A,-1
PRUNE2,-1
SERPINA7,0
KIF27,-1
SSBP4,-1
UBA1,-1
ABCG1,-1
EPS8L2,-1
EPHA4,-1
ZNF274,-1
CTR9,0
ROBO1,-1
REV3L,-1
CACNA1C,-1
LRP4,-1
DNAH11,-1
GJC1,-1
TARBP2,-1
DSCAM,-1
ADAMTSL4,-1
POLA1,-1
NUP54,-1
FPR1,-1
HEPH,-1
FOXG1,-1
ROCK1,-1
PDE2A,-1
GPT2,-1
NUDT6,-1
TBC1D1,-1
PASD1,-1
ALAS2,-1
BRWD1,-1
RAX2,-1
TECR,-1
ASPSCR1,-1
C1R,-1
LHX3,-1
MED18,-1
DPP4,-1
FYCO1,-1
HSPG2,-1
PACRG,-1
POU4F2,0
ZNF382,-1
OR7G2,-1
PAPPA2,0
PCDH8,-1
CAND1,-1
MAK,-1
CACNA1D,1
FCGR2B,1
NPAS4,-1
ZNF212,-1
NPAS3,-1
CAMK1D,-1
RNPEP,-1
CYP2A6,-1
CARD9,-1
APLP2,-1
APOH,-1
ACSS1,-1
CYP2R1,-1
ASGR2,-1
OR5K3,-1
OR10G7,-1
RCOR2,-1
CXCR4,1
CHD3,-1
WTAP,-1
HSPA5,-1
IGKV1-12,-1
NDUFV3,-1
BPTF,-1
KCNN1,0
EXOC7,0
ZNF507,0
RADIL,-1
ASS1,-1
SLC7A10,-1
ZNF175,-1
GPD2,-1
MED15,-1
RAB39A,-1
TNKS1BP1,-1
MED12L,-1
LGALS1,-1
ZNF491,0
OSGEP,-1
PPP1R9A,-1
VPS13B,-1
MUC5AC,-1
SHKBP1,-1
P2RY6,-1
GABRG2,-1
SLC45A2,-1
PANX1,-1
SPINK5,-1
GABRG3,-1
SPTBN2,-1
VSNL1,-1
TRDN,-1
MECOM,1
TUB,-1
STK31,-1
MBTD1,0
AK7,-1
KCNV2,-1
NDUFA4,-1
ZSCAN21,0
PCDH15,-1
ONECUT2,-1
RMND5B,-1
RND1,-1
OR2L13,-1
EGF,-1
DNAH17,-1
ACOT12,-1
ADRB2,-1
ZNF667,-1
CWH43,-1
MIA3,-1
CHGA,-1
NCKIPSD,-1
SENP7,-1
AGER,-1
DCLRE1C,-1
E2F3,-1
RBM24,-1
OR4Q3,-1
ENAM,-1
TRPC3,-1
UBR2,-1
SH2B1,-1
ZNF256,-1
ITGA1,-1
GAB3,-1
FAT4,1
NCOR1,1
RERE,-1
CDK5RAP2,-1
GRAMD1C,-1
SLC9A9,-1
PTGS1,-1
CABP5,-1
OR5I1,-1
EXOC5,-1
IGHM,-1
OXTR,-1
CLEC4M,-1
COL5A1,-1
ANXA11,-1
HOXD13,1
BEX2,-1
OR2Y1,-1
UBR4,-1
CAPNS1,-1
DIXDC1,-1
NOD2,-1
DNAI2,-1
LHCGR,-1
PRL,-1
TDG,-1
FAR1,-1
EPHA7,1
PTPN21,-1
OPRK1,-1
PTPRB,1
NHLH1,-1
DIAPH1,-1
ZNF528,-1
PLEKHH3,0
PIWIL3,-1
DBT,-1
TAF2,-1
SLC6A11,-1
TDRD5,-1
ROBO3,-1
SLC11A1,-1
ATRIP,-1
ETV6,1
ZNF700,-1
DGKQ,-1
PREX2,1
MATN1,-1
NEFH,-1
XIRP2,-1
OR2K2,-1
KIF17,-1
ZNF155,-1
SYTL4,-1
PADI3,-1
GTF3C1,-1
UCP3,-1
ZNF318,-1
NODAL,-1
INTS3,-1
CARM1,-1
TACC2,-1
PRR11,-1
PSG7,-1
C5AR2,-1
ZMIZ2,-1
NLRC3,-1
SRMS,-1
TRAPPC9,-1
KRT83,-1
PLK2,-1
OR7D4,-1
RAG1,-1
NFS1,-1
OPN1LW,-1
MYOT,-1
IFT46,0
PRTFDC1,-1
MRPS36,-1
COL4A5,-1
RGS2,-1
TRIM33,1
MBD3L1,-1
MMRN1,-1
HMG20B,-1
ZC3H12B,-1
LRRC4,-1
SLC36A2,-1
OR1N2,-1
OR52N5,-1
PRKDC,-1
DICER1,1
EIF2B5,-1
CORO2B,-1
DSC1,-1
DOCK1,-1
OSBPL6,-1
COL24A1,-1
SIGLEC5,-1
LARP4,-1
CAD,-1
NAIP,0
HIPK3,-1
MGAT3,-1
NLK,0
ARHGAP31,-1
LAMA4,-1
DRD1,-1
KCNJ4,-1
SETD2,1
FMO2,-1
EPHA8,-1
MPC2,0
CAPN3,-1
SP140,0
RECQL5,-1
EPS8,-1
GABARAPL3,-1
CYP27A1,-1
ABCA1,-1
OR51I2,-1
VAC14,-1
DUOX1,-1
TAS2R42,-1
NELFA,0
TOMM40L,0
BTAF1,-1
CCDC18,-1
OR6C6,-1
FOXP3,-1
ZNF267,-1
ZNRF3,1
AGBL5,-1
GPR50,-1
KIF1A,-1
ZNF658,-1
PNMA5,-1
GPSM1,0
CLCN5,-1
PCDHA3,-1
KIAA1549,-1
DPYSL5,-1
HERPUD1,-1
FOXP2,-1
FBXW5,-1
TRPV6,-1
OLFM1,-1
LPXN,-1
DOCK2,-1
CSPP1,-1
ADAMTS10,-1
SRSF4,-1
TYR,-1
AREL1,-1
JAK2,1
ZNF75A,-1
TRPC4,-1
OR6F1,-1
MTNR1B,-1
ARHGAP21,-1
GPI,-1
PLA1A,-1
COL4A1,-1
RBBP6,-1
KCNJ12,-1
CPNE5,-1
KRT76,-1
CD207,-1
BPIFB2,-1
RSU1,-1
NDC1,0
OR1A1,-1
GRM6,-1
PTPRN2,-1
COG6,-1
KCNQ3,-1
MYH1,-1
JAG1,-1
ALOX15,-1
SLC5A2,-1
STAC,-1
MAGT1,-1
ATRX,1
HEATR1,0
DRG2,-1
OR8K5,-1
VGLL1,-1
GTF3A,-1
DYNC2H1,-1
NUF2,-1
KEAP1,1
BCAM,0
SRPK1,-1
POLK,-1
OR4A47,-1
LSM4,-1
USP20,-1
KDM5B,-1
IL27,-1
OR2M2,-1
SERPINB5,0
SMAD4,1
HRC,-1
COL22A1,-1
BTN3A1,-1
PAXBP1,-1
IGHV3-48,-1
LOX,-1
CHST6,-1
CACNA1F,-1
ZNF569,-1
ARHGAP32,-1
SOX11,-1
OR8H2,-1
SEMA5B,-1
PCDH12,-1
ZNF521,1
CDKL4,0
PRKACB,-1
DIAPH2,-1
MUC1,-1
TBC1D2B,-1
PRKCB,1
RASA2,-1
CFB,-1
GRIN2D,-1
GPR174,-1
CKAP2L,-1
SNTG2,-1
PCDHGA9,-1
CPB1,-1
OGT,-1
BTN1A1,-1
XRCC3,-1
BCR,-1
SNRPE,-1
ADAMTS13,-1
RNF152,-1
TOMM22,-1
SOX8,-1
SST,-1
RICTOR,-1
GRHL2,-1
OR9Q2,-1
SNX20,-1
ING1,-1
PRKCD,-1
KIF20A,-1
ANKRD28,-1
IL20RA,-1
PRSS55,-1
ZNF202,-1
SPOCK3,-1
STXBP5,-1
EIF4EBP2,-1
PCDHB3,-1
CABP1,0
KMT2B,-1
SBNO2,-1
FBXL12,-1
NLRP2,0
LAPTM4B,-1
ATP7B,-1
CPA3,-1
SYNRG,0
OSBPL5,-1
IL21,-1
RAB25,-1
AKAP13,-1
RELN,-1
CR1L,-1
MMP16,-1
IQGAP1,-1
OPA1,-1
CHL1,-1
GPR15,-1
CD33,-1
ADCY5,-1
OCA2,-1
PSMD1,-1
MCM10,-1
DNER,-1
DLGAP1,-1
CDIPT,0
UMOD,-1
CYP11A1,-1
SREBF2,-1
CLCN6,-1
TBC1D10A,-1
EPC2,-1
NUP160,-1
KCNA4,-1
ZNF423,-1
IPO7,-1
SOX17,-1
EPHA1,-1
CD8B,0
GPR182,0
FAM9A,-1
RPS6KA1,-1
PARP9,-1
IFNGR1,-1
TCN2,-1
GNAZ,-1
CUX2,-1
SV2A,-1
ZNF662,0
DAGLA,-1
ADAM17,-1
PRRC2C,-1
JARID2,0
NPY4R,-1
TEFM,-1
ZNF208,-1
CELSR1,-1
ARSI,-1
HCN1,-1
IFT122,-1
TRIOBP,-1
ATL1,-1
BCLAF1,1
MST1R,-1
CSTF2T,-1
ADCYAP1,-1
PRAM1,-1
DYSF,-1
KL,-1
PEX16,-1
RASSF2,-1
PLEKHG2,-1
AHRR,-1
PANK4,-1
GRIN2B,-1
SLC5A11,-1
KRT33B,-1
TTI1,-1
ARHGAP44,-1
ABCC2,-1
KIF21B,-1
RRP8,-1
NHS,-1
TNFRSF19,0
PLCD3,0
RBBP7,-1
LINGO1,-1
PTHLH,-1
MBNL2,0
AGPAT3,-1
TUBA8,-1
PCDH19,-1
AVPR1A,-1
ANAPC2,-1
KRTAP6-2,0
SLC5A9,-1
MYH11,-1
DGKI,-1
DIAPH3,-1
L1CAM,-1
ZNF638,-1
TYRP1,-1
PTPRG,-1
PIAS4,-1
PHKB,-1
PLAA,-1
PTPRF,-1
ARHGEF15,0
CUL1,-1
USP28,-1
NDST3,-1
ZNF83,-1
RINT1,-1
ZNF114,-1
KLRC3,-1
SNAP29,-1
SLIT1,-1
PSG6,-1
RAB6B,-1
PAPSS1,-1
AGL,-1
DNAAF1,-1
HERC5,-1
BUB1,-1
S1PR1,-1
CYTH2,-1
NOTUM,-1
FCN2,-1
TUBA3C,-1
ARID1A,1
CLTCL1,1
DHX8,-1
ABCG4,-1
ATF6B,-1
TPR,-1
INSR,-1
GATAD2B,-1
PUM1,-1
FKBP6,-1
CNIH3,0
LCT,-1
RUNX1T1,1
ACTG2,-1
GNAS,1
FMNL3,-1
OGDH,-1
SMO,1
TCF7L1,-1
SLC38A8,-1
ATP12A,-1
NPY1R,-1
ZNF790,0
HEXIM1,0
KRIT1,0
ADCY9,-1
AMFR,-1
ITGB4,-1
TNIK,-1
KIF4B,-1
MIB2,-1
NIPBL,-1
TAS1R2,-1
OR4S2,0
SLC6A2,-1
PTCH1,1
BCOR,1
TNRC6B,-1
MAP4K5,-1
NECAB1,0
LOXL2,-1
PIF1,-1
EPHB2,-1
MAML2,1
SFXN4,-1
SLC6A5,-1
BLOC1S3,-1
IL18RAP,-1
CPNE4,-1
HOXA4,-1
AMY2A,-1
PPARGC1B,-1
PACSIN1,-1
GAS2L2,-1
GRID1,-1
TRPA1,-1
CAND2,-1
GPR21,-1
CELF4,-1
ELF3,1
CTDSP1,-1
BCORL1,1
PAG1,-1
KIFC1,-1
CLK2,-1
ZNF606,-1
CNGB1,-1
CASQ2,-1
PPIL1,-1
GABRD,-1
NELL2,-1
UNC80,-1
DENND5B,-1
OR8K1,-1
CSPG4,-1
HOXA5,-1
PRPSAP1,-1
PACSIN3,-1
ZBTB47,0
HOXB5,-1
FASTK,-1
MGAT5,-1
FZD10,-1
LPA,-1
CACNB1,-1
LTBP2,-1
PLXNB1,-1
EFEMP2,-1
CYP7A1,-1
ERBB4,1
DHRS3,-1
ALPK3,-1
MECR,-1
DRD2,-1
ACSM3,-1
CYP1A1,-1
HIVEP3,-1
SLC12A3,-1
KIR2DS4,-1
KRT31,-1
HS3ST2,-1
U2SURP,-1
RBM38,-1
FBXW7,1
ELOVL2,-1
OR1K1,-1
JAK3,1
CLSTN2,-1
BANP,-1
CLSTN3,-1
NLGN3,-1
MAPK8IP3,-1
ASH2L,-1
TRIM67,-1
MYLK,-1
DDX4,-1
ASIC1,0
NINL,0
IRX2,-1
NCOA6,-1
TEX101,-1
CAMSAP3,-1
CBL,1
BTF3,0
AFF3,1
ZNF600,0
KLK4,-1
OR5M1,-1
GAL3ST3,-1
KMT2C,1
POSTN,-1
MS4A1,-1
NEK5,-1
GDI2,-1
B3GAT1,-1
ADAMTSL1,-1
RIMS4,-1
STK10,-1
FANCD2,1
LIAS,-1
IL34,-1
RASGEF1A,-1
SLC18A2,-1
ERN2,-1
CR1,-1
ABCA12,-1
RAB11FIP1,-1
NFATC2,1
KHDRBS2,-1
MYO1B,-1
KNSTRN,1
EPB42,-1
BECN1,-1
FLT4,1
PRPS1L1,-1
COL14A1,-1
METTL17,-1
GREB1,-1
RGPD3,1
DTNA,-1
NCAM1,-1
FOXA1,1
ZNF407,-1
SNAPC2,-1
LRIG3,1
SEMA6A,-1
ABCC11,-1
SERPINB10,-1
SCN9A,-1
TRPV3,-1
GJA5,-1
DAPP1,-1
RTN4R,-1
KRT38,-1
BCL11A,1
CD209,1
DNMT3A,1
KCNA2,-1
MOGS,-1
ZNF3,-1
TNPO1,-1
NELFB,0
DNAJB14,-1
RRH,-1
SYT5,-1
ZNF688,-1
CYB5R3,-1
FMN2,-1
SIGLEC8,-1
ZFYVE9,-1
SATB2,-1
MYO5A,-1
GRM4,-1
RNF13,0
COL4A2,-1
RPTN,-1
UNC79,-1
GFER,-1
PRPF39,-1
SIPA1L3,-1
OR56A3,-1
IBSP,-1
NID2,-1
CYP2C8,1
MYO16,-1
ZNF619,-1
OSGIN1,-1
OR51B2,-1
KRT1,-1
ARHGAP15,-1
ZFP91,-1
KRT28,-1
ATP2A1,-1
DOCK10,-1
ZNF618,-1
SCN4A,-1
KIFC3,-1
DCP1B,-1
SPAG16,-1
ACADM,-1
ATF5,-1
SEMA3E,-1
OR5F1,-1
PCDHB5,-1
ENY2,0
SRP72,-1
ADH1A,-1
AMPH,-1
IRAK3,-1
LRIG1,-1
PTCH2,-1
RPS6KA6,-1
ZNF283,0
USP15,-1
ADRM1,-1
KIF21A,-1
TMX1,0
GNB2,-1
WNT6,-1
IMPG1,-1
NUDC,-1
MTOR,1
FBXO11,1
LRRK2,-1
CKAP5,-1
NPHS2,0
C9,-1
HCAR1,-1
WWC1,-1
ADAMTS5,-1
MPHOSPH8,-1
TUFT1,-1
POLE,1
ANK1,1
OGDHL,-1
ZNF648,0
OR5A1,-1
GRID2,-1
F12,-1
OAS2,-1
SEMA5A,-1
CNTN6,-1
CATSPERG,-1
NPHP3,-1
SORCS3,-1
KIR3DL3,0
AHNAK,-1
ZDHHC5,-1
BRINP3,-1
SLC8A2,-1
RBBP8,-1
KIF6,-1
OR4F6,-1
FBXO45,-1
PKNOX2,-1
TGFBR2,1
ALB,-1
SLC8A3,0
NOC4L,-1
TEX19,-1
ZNF746,-1
ADCY3,-1
SMCHD1,-1
LGALS3BP,-1
OR13F1,-1
C5AR1,-1
CDHR1,-1
ZC3H12A,-1
EEF2,-1
MBTPS1,-1
DRP2,-1
KMT2A,1
PMEPA1,-1
OR6C76,-1
STC2,-1
MAGEA3,-1
LRP6,-1
ITPR3,-1
IL1RN,-1
ERBB2,1
TOP2B,-1
ZNF831,-1
SCUBE1,-1
HEXB,-1
MEGF8,-1
COL2A1,1
SEPHS2,-1
HK3,-1
NACA,-1
DSP,-1
AKR1A1,-1
EEPD1,-1
NFASC,-1
BFSP2,-1
ITPR1,-1
ZNF585B,0
DNAH2,-1
FILIP1,-1
DNAAF3,-1
NCBP2L,-1
NUP155,-1
ANO1,-1
FLG2,-1
FASTKD5,-1
ITIH3,-1
ATP1A3,-1
PDGFC,-1
CELF3,-1
REPIN1,0
PANK3,-1
PHIP,-1
SLX4,-1
RNF165,-1
KLK11,-1
PCDHA6,-1
STK40,-1
TIAM2,-1
KIF3C,-1
TRUB1,-1
PCDHGA10,-1
KRT78,-1
TLK2,-1
ARC,-1
RTN4RL1,-1
AP2B1,-1
HOMER2,-1
HECW1,-1
FTMT,-1
PCK2,-1
TGFBR1,-1
EVC,-1
VPS13D,-1
POLR1B,-1
PLD3,-1
USP44,1
FGL2,-1
MEOX1,-1
ARHGEF18,-1
PAPOLB,-1
CERK,-1
OR2T3,-1
LRP5,-1
CDH22,-1
EBF3,-1
NRXN2,-1
CDC42BPA,-1
KCNH4,-1
RPH3A,-1
ZNF676,0
BRINP1,-1
CHD8,-1
IPO5,-1
ESAM,-1
KRT17,-1
PFAS,-1
ECEL1,-1
SSTR5,-1
IGF2R,-1
RAVER1,-1
ARHGAP20,-1
HLX,0
DND1,-1
E2F8,-1
TMCC2,0
ORC1,-1
COL4A4,-1
ZNF780B,-1
TRPV4,-1
PLK4,-1
WNT2B,-1
DSG2,-1
PARD3B,0
GATA2,1
OR1L1,-1
TBX5,-1
STAB2,0
ATP8B3,-1
SORCS1,-1
KSR2,-1
PROKR1,-1
PARK2,-1
TEKT4,0
NAA25,0
MYL9,-1
MTMR12,-1
ITGA11,-1
ACVR2A,1
LNPEP,-1
CSTF2,0
KCNH5,-1
KCNH7,-1
SEMA4C,-1
CDH26,-1
MAPK13,0
PAX1,-1
MAGEB2,-1
OR11H12,-1
SAMM50,-1
ZNF628,-1
CLTC,1
SMC5,0
NONO,-1
UQCRC2,-1
LRCH1,-1
TSHZ3,-1
CD1D,-1
LONP1,-1
SLC7A3,-1
PAWR,-1
MRPS5,-1
SPTLC3,-1
LTN1,-1
STEAP3,-1
ANKRD27,0
NAALAD2,-1
NLGN1,-1
SLC26A1,-1
INHBB,-1
ATP10A,-1
ZNF721,0
ZIM2,-1
GRSF1,-1
IGF2BP2,1
VWF,-1
ST6GAL1,0
PLEC,-1
DPY19L2,-1
FARSA,0
B4GALNT1,-1
IMPG2,-1
PCDHB8,-1
TEK,-1
RNF220,-1
ENTPD8,-1
DCT,-1
RASA1,-1
AMOT,-1
C8A,-1
DCST1,-1
NTNG1,-1
LYZL4,-1
NIPA2,-1
CEP97,-1
NYAP2,-1
IFI44L,-1
GATA3,1
USP39,-1
PRPF8,-1
DCPS,-1
TRPC7,0
ALDH3A2,-1
IRS4,1
ZNF613,0
ADAM23,-1
CTNND1,1
IGHA2,-1
SRCIN1,-1
FRMD4A,-1
TAF5L,0
VPS29,0
BRF1,-1
EGR1,-1
CENPJ,-1
CRYBB1,-1
NUAK2,-1
MOS,-1
DKC1,-1
FLRT2,-1
GJB1,-1
FARP2,-1
CHD9,-1
IGHG4,-1
CEP70,-1
RRAGD,-1
NOS3,-1
HSD17B2,-1
FOXS1,-1
OR2A14,-1
SIGLEC7,-1
KIF24,-1
PABPC3,0
CDH11,1
SYT4,-1
SVIL,-1
CEPT1,-1
AGXT,-1
TULP3,-1
ESRRA,-1
PEG3,-1
LTBP4,-1
DHX58,-1
BMPR1A,1
ZNF160,-1
SH3BP4,-1
CSH2,-1
ANXA7,-1
NOTCH1,1
UBE3C,-1
NPY2R,-1
FAM83H,-1
VKORC1,-1
ALCAM,-1
TINF2,-1
PTPN6,1
MELK,-1
MYCN,1
SLCO1C1,-1
DOCK7,-1
OTUD7B,-1
ATP8B4,0
ARF1,-1
GABRB3,-1
LTB4R,-1
DNAH6,-1
CTTN,-1
BCAT2,-1
CCL26,-1
ATPAF1,0
BEGAIN,0
HAUS8,-1
IRS2,-1
PLA2G4D,-1
TERT,1
SETDB1,1
RNF43,1
CDKN2AIP,-1
TRIB2,0
ADAMTSL2,-1
TRAPPC10,0
NRK,-1
UPK1B,-1
FLNB,-1
MAZ,-1
VTA1,0
MDN1,-1
ABCB1,-1
TLR3,-1
SLC19A1,-1
ITK,-1
FN1,-1
NFAM1,-1
SLC25A13,-1
MT1B,-1
TLR8,-1
SCN2A,-1
RREB1,-1
MAGEL2,-1
SIAH2,-1
OR10C1,-1
TANC1,-1
MKI67,-1
GPR26,-1
MMP1,-1
FAT1,1
ZBTB4,-1
ABLIM1,0
USP34,-1
NFE2L2,1
KCNN2,-1
ACTA1,-1
MTG2,0
OR51G1,-1
RANBP9,-1
MSR1,-1
PRKCQ,-1
WSB2,-1
SEC31A,-1
ABCA13,-1
HDLBP,-1
RECK,-1
SLC9A5,-1
TMPRSS11E,-1
RYBP,-1
UTRN,-1
MAPT,-1
KCNK2,-1
LILRA2,-1
SMARCE1,1
CCDC8,-1
RYR1,-1
COL6A6,-1
LTB4R2,-1
ACTBL2,-1
PDZRN3,-1
LRRC4B,0
ZNF821,0
JAK1,1
SLC4A3,0
ADAM7,-1
ZBP1,-1
ECD,-1
DHX40,-1
DDHD1,-1
GIT2,0
PKD2L1,-1
ADAM11,-1
GUCY2F,-1
ADRA2B,-1
METAP1,-1
PBXIP1,0
CSE1L,-1
EML1,-1
PBRM1,1
TCERG1,-1
GDF11,-1
OR5L2,-1
NGF,-1
CDC25B,-1
SERPINB2,-1
RAB11FIP5,0
EDA2R,0
RIMS2,-1
ZNF99,-1
GAS7,-1
BOC,-1
ANK3,-1
SNCAIP,-1
COL6A2,-1
BRINP2,0
PTPRO,-1
CELSR2,-1
PLCE1,-1
PROP1,-1
FANCA,1
PIK3CG,-1
PDCD4,-1
PTPN14,-1
OSBPL11,-1
SLC13A4,-1
ZNF716,0
MYO9B,-1
MYH10,-1
QKI,1
AMPD1,-1
CHRNA2,-1
HNRNPLL,-1
SPTBN4,-1
FBN2,-1
KDM1B,-1
ZSCAN5B,0
CDH2,-1
GLI3,-1
CPM,-1
RP1,-1
GDF6,-1
PHEX,-1
CDC73,1
FOXI2,-1
CHRNB2,-1
INTS1,-1
GNAO1,-1
SLIT2,-1
KCNV1,-1
SPATA20,-1
COL6A1,-1
DAB2,-1
DLEC1,-1
HKDC1,-1
GLRX3,-1
COL28A1,-1
RFX7,-1
KDM4C,-1
CIC,1
L3MBTL1,0
PLEKHG3,-1
MND1,-1
PSG11,-1
TP53BP2,-1
KRT85,-1
ZNF483,-1
COL20A1,0
ADAD2,-1
PLS1,-1
IL2RA,-1
STAU2,-1
NRN1,-1
OR52K2,-1
MAP3K9,-1
ZNRF4,-1
OR10J1,0
URI1,-1
CUX1,1
ZNF675,0
PCDHGA5,-1
SQSTM1,-1
OR2T10,-1
SPTLC1,-1
HIVEP1,-1
CTSG,-1
CELSR3,-1
RNF213,-1
RAB3IP,0
MARK1,-1
PARS2,-1
VCX,-1
GRAMD1A,-1
FXYD3,-1
ARHGAP36,-1
SERPINA3,-1
DHRS4,-1
ZNF671,0
DCAF17,-1
ZFYVE28,-1
ATP6V0A4,-1
SPDYE1,-1
KCNK13,-1
ABCG8,-1
KRT40,-1
ALPK2,-1
SLC22A11,-1
KRT6C,-1
DEF8,-1
PCDHA11,-1
PRIM1,-1
BIK,-1
RDH5,-1
BCAR1,-1
PROZ,-1
INO80,-1
DHX38,-1
NRXN1,-1
KCNH3,-1
MUC16,-1
TACR3,-1
GRK7,-1
ULK1,-1
ARHGAP10,-1
TXK,-1
DCLRE1B,-1
KDM5A,1
OR2M5,-1
LRRC32,-1
GRIK3,-1
RPP40,-1
KRT37,-1
NAT10,-1
THADA,-1
GALNT10,-1
GP2,-1
TUBAL3,0
ORC3,-1
TJP1,-1
ICA1,-1
CHST8,-1
SLC18A3,-1
ADAM22,-1
DMBT1,-1
ADRA1A,-1
OR2B11,-1
OR8J3,-1
SERINC1,-1
HOXC12,-1
RGPD8,-1
CACNA1I,-1
POTEF,0
BNC2,-1
ABCC6,-1
IVL,-1
RPGRIP1,-1
MYOM2,-1
GYS2,-1
PKP2,-1
ARHGAP39,-1
ZNF516,-1
HPS1,-1
PGLYRP3,0
FASTKD1,-1
CACNB2,-1
DMP1,-1
BFAR,0
RGS12,-1
PTPN5,-1
SETD1A,-1
RAPGEF2,-1
COL25A1,-1
TRIM37,-1
MAPK10,-1
ITGA6,-1
LDB1,-1
PCDHB14,-1
METTL14,-1
LATS1,1
NLRP5,-1
DLL4,-1
SEMG2,-1
PCDHA1,-1
IKBKB,1
JAM2,-1
RHOC,-1
ZFYVE26,-1
CAPZA3,-1
FGF23,-1
GPR161,-1
PRKRA,-1
CAMTA1,1
NPY5R,-1
AQR,-1
LRRK1,-1
DAGLB,-1
ZNF215,-1
OR51A7,-1
CHEK2,1
FEM1B,-1
OR2G2,-1
CCDC39,-1
ZNF493,0
PGC,-1
EPHB6,-1
PTPRM,-1
MYLK3,-1
UGT3A2,-1
GOT1,-1
GOLPH3,-1
SRCAP,-1
PLD4,-1
ACTC1,-1
PPP1R3C,-1
OR5P3,-1
BTG2,-1
KCNH2,-1
HDAC4,-1
GRM8,-1
SGIP1,-1
OLIG3,-1
ZNF554,0
OR13C2,-1
HELZ2,-1
NKX2-4,-1
MTG1,0
PTBP2,-1
GJB4,-1
NKRF,-1
UBASH3B,-1
FIP1L1,-1
TRIM40,-1
DOT1L,-1
MAN2B2,0
USP17L2,-1
TRPC6,-1
PRC1,-1
DEPDC1,-1
PRDM10,-1
PPP2CA,-1
TTK,-1
GNB3,-1
RSPO1,-1
INPP4A,-1
NUB1,-1
TTBK2,-1
ZIC1,-1
TSSK1B,0
IDO1,-1
RFPL1,-1
HMMR,-1
ZNF513,-1
DSC3,-1
ZNF280A,0
LRFN1,-1
ACAN,-1
ADCY1,-1
RORB,-1
CUL2,-1
OSTF1,-1
SLC9A3R2,-1
RB1CC1,-1
IL12B,-1
INPP4B,-1
ARHGAP12,-1
AXL,-1
OR4C15,-1
PPP1R9B,-1
SETD5,-1
EIF2AK2,0
TAS2R50,-1
MGRN1,-1
REV1,0
MYH14,-1
DUSP6,-1
ABCG5,-1
COL16A1,-1
WNT7B,-1
OBSCN,-1
WASL,-1
LRRN2,-1
MRPS33,-1
ESPNL,-1
ZNF653,-1
RNF31,-1
GGCX,-1
NLRP7,-1
PCDHGA2,-1
DMRT3,-1
HOXA7,-1
KRT24,-1
NAPG,-1
FRY,-1
HSD3B1,-1
PDCD11,-1
RNF128,-1
OR5B17,-1
DGKB,-1
PCDHGB1,-1
GMPPA,-1
PUM2,-1
NXT2,-1
HTR2C,-1
ALDOB,-1
ADAMTS12,-1
VPS36,-1
POLR2A,-1
GRIN3A,-1
MAP4K3,-1
FGF13,-1
LPCAT3,-1
RBMS1,-1
EPHB3,-1
MCM2,-1
RBM6,-1
BMP7,-1
CATSPERD,-1
CNTRL,-1
SPTB,-1
NUP210,-1
OSBPL1A,-1
MARCO,-1
CADM3,-1
MYO7B,-1
RARS2,-1
PCDHA10,-1
INSM1,-1
COL5A2,-1
GALR1,-1
AZGP1,-1
MAGI2,-1
OR4M1,-1
OTOF,-1
DMRT2,-1
SELL,-1
ALDH4A1,-1
LTA4H,-1
CYBB,-1
ZNF112,-1
COL1A2,-1
TNFRSF10C,-1
B3GALT2,-1
TGM4,-1
ALDH1L2,-1
NKD1,-1
FLT1,-1
RASA3,-1
ARID2,1
TCF4,-1
NTRK1,1
COL9A1,-1
NFE2L1,-1
IGKV2D-30,-1
ATP6V1H,0
DST,-1
OTOGL,-1
ARHGEF17,-1
ERCC4,1
EPB41L3,-1
WNK4,-1
ZNF536,-1
OR2J3,-1
ITGA7,-1
PRSS38,-1
NGDN,-1
OR5H1,-1
TASP1,-1
EXTL3,-1
ITGAL,-1
PMS1,1
EPB41,-1
ALDH1L1,-1
ARHGEF10L,1
NKX2-5,-1
SPTBN5,-1
BCAN,-1
ARAP1,-1
ZNF470,-1
NPTX1,-1
ZNF576,0
PLEKHA8,-1
TRRAP,1
MOK,0
RNF111,-1
CPT1A,-1
VPS33B,-1
RHOA,1
HEATR3,-1
ODC1,-1
EP400,-1
BBS9,0
HS3ST6,-1
OR6K6,-1
CR2,-1
CHML,-1
POLR2B,0
KCNQ5,-1
TRPM2,-1
MAP7D3,-1
SNX27,-1
C7,-1
ARSA,-1
KDM2B,-1
ZNF157,-1
OR52D1,-1
PSG8,-1
TNN,-1
TEP1,-1
NLRP3,-1
BCL6,1
SBF2,-1
LAP3,0
GDF7,-1
ALG12,-1
DCUN1D4,-1
NMS,-1
SGCZ,-1
HNRNPR,0
OSBPL8,-1
RING1,-1
EPHB4,-1
CSF2RB,-1
TEAD2,-1
RTN3,-1
DENND2A,-1
MYH6,-1
TOX4,-1
MUC4,-1
MCTP2,-1
PKD1,-1
CYP3A5,-1
ASH1L,-1
ABCA9,-1
CARD11,1
ZNF582,-1
FGD4,-1
CDYL2,0
ANXA1,-1
UNC13A,-1
SLC1A3,-1
HYDIN,-1
DDX31,-1
CCT3,-1
ALK,1
FOXD3,-1
DNAH5,-1
IMPDH2,-1
THRAP3,-1
POU2AF1,1
DDX43,-1
MVP,-1
KCNU1,-1
WRN,1
FH,1
DCAF8,-1
HERC1,-1
SLC44A5,0
FOXN4,-1
GJA8,-1
PRPS1,-1
SYNE2,-1
DDB1,-1
XYLT2,-1
DUS3L,-1
DUOXA2,-1
SIRPB1,-1
CEP290,-1
BARD1,1
HP,-1
HLCS,-1
EIF4ENIF1,-1
STS,-1
PLXNB3,-1
C3,-1
MRPS2,-1
OSBPL10,-1
PIAS3,-1
DHRS2,-1
NFKBIZ,-1
IGLV2-11,-1
THBS2,-1
NR6A1,0
ITGAX,-1
TSNAXIP1,-1
LMX1A,-1
IGSF1,-1
ZNF473,-1
KAT6A,1
PGAM5,-1
SBK1,0
SLC28A1,-1
ENOX1,-1
PCOLCE,-1
TBX3,1
COL27A1,-1
UVRAG,-1
PLCH2,-1
RPSA,-1
NPHS1,-1
PCBP3,-1
CNTN4,-1
CBLB,1
PYHIN1,-1
NOS1,-1
ZNF451,-1
OMD,-1
FUZ,-1
SDCBP,-1
ZNF486,-1
PSG4,-1
IKZF4,-1
ZAP70,-1
FAM13B,-1
KRAS,1
NR0B1,-1
CDC45,0
ACE,-1
HR,-1
LMAN2L,-1
PCDHGA3,-1
ZSCAN20,-1
PSG3,-1
BCHE,-1
TUSC3,-1
PCDHB13,-1
CNTN5,-1
ZSCAN2,0
REG3A,0
LAMA1,-1
ANAPC7,-1
SYNE1,-1
RIMS1,-1
FBXO10,-1
STX11,-1
ZNF835,0
MX2,-1
EN1,-1
UGP2,-1
ASB4,-1
FURIN,-1
COL6A5,-1
INCENP,-1
APAF1,-1
OR51F2,0
USP9X,-1
ZMYND8,-1
ADAM2,-1
HOOK1,-1
MFN1,0
NFRKB,-1
DBF4B,-1
ETV3L,0
TLL2,-1
PTPN13,1
DLC1,-1
MADD,-1
BEST3,-1
ZKSCAN2,-1
TICRR,0
ARHGAP6,-1
MYBPH,-1
KIDINS220,-1
DHX36,-1
EPHA5,-1
COL11A1,-1
OR4E2,-1
GSDMD,-1
SIGLEC6,-1
CKMT2,-1
SGCG,-1
ESPL1,-1
SURF4,-1
NF1,1
RGMA,-1
PRICKLE2,-1
WWP2,-1
NEGR1,-1
MAP6,-1
APOBEC3B,1
TPCN1,-1
SPSB4,-1
DROSHA,1
PES1,-1
RORC,-1
ARG1,-1
KLHL25,0
NOBOX,-1
NLGN4X,0
NUP62,-1
SMC2,-1
RANBP2,1
DAAM2,-1
RNF38,-1
HS3ST3B1,-1
SORBS1,-1
PTPRD,1
PXT1,-1
DNMBP,-1
ATM,1
USP13,-1
HECW2,-1
NCAPH,-1
NCAPD3,-1
PHKA2,-1
MYBPC2,-1
TUBGCP2,-1
PCNT,-1
RANBP3,-1
FGF6,-1
KCND1,-1
ARHGAP24,-1
CSK,-1
DPP10,-1
SRSF1,-1
FABP12,-1
MLF2,-1
TNNI3,-1
FADS3,-1
PRKG1,-1
TIAM1,-1
BRSK1,-1
BMX,-1
CTNNA2,1
FOXJ2,0
PCDHGA8,-1
SYT3,-1
SPOP,1
LRRC7,-1
KCNN4,-1
DENND1A,-1
CDC20,-1
IGHV1-58,-1
NOTCH3,-1
MARK2,-1
LNX2,-1
GPC5,1
CHST4,0
ZNF480,-1
NALCN,-1
ADNP,-1
SPARCL1,0
CCNL1,-1
PCDHGB6,-1
SEC16B,-1
GRIN3B,-1
SLC6A18,-1
DGKH,-1
FCN1,-1
NCOA2,1
KCNH1,-1
MZF1,0
TRAV17,-1
GPR183,-1
EIF5,-1
PTPRE,-1
MEN1,1
PDS5B,-1
LILRA1,-1
ZNF148,-1
MMP2,-1
GPR132,-1
ZNF74,-1
ZNF302,0
CHMP4C,-1
POLR3A,-1
CORO1B,-1
AHNAK2,-1
XRN1,-1
USP29,-1
CALCA,-1
BRCA1,1
HCN4,-1
TMEM214,-1
GFAP,-1
WIPI1,0
BRD2,-1
NAPSA,0
HECTD2,-1
CPE,-1
ADAMTS4,-1
MOV10L1,-1
ADAMTS15,-1
UNC13D,-1
DLGAP2,-1
NEB,-1
FGF17,-1
GLB1L,0
PAPPA,-1
CD163,-1
GRIA1,-1
CD1B,-1
AGAP2,-1
SIK3,-1
VAX2,-1
MAST4,-1
CFH,-1
CTNNB1,1
CACNA1H,-1
MKRN3,-1
DKK2,-1
ECT2,-1
DNASE1,-1
CTNNA3,-1
IFIH1,-1
NTNG2,0
ULK4,-1
GNA15,-1
SNAPC4,-1
GOLGA1,-1
ABCC1,-1
TNC,1
SPRED1,-1
HERC2,-1
MEF2C,-1
FOXF1,-1
MYH7,-1
OSBPL9,-1
CHRNA1,-1
BMP2,-1
GALNT1,-1
APBA1,-1
TRBV3-1,-1
ZSCAN1,0
ZNF182,-1
RASA4B,0
NR4A2,-1
DMRTA2,-1
LRRC55,-1
YLPM1,0
MMP9,-1
MAEA,-1
MERTK,-1
RSPO3,1
TRPM6,-1
FHOD1,-1
BRAF,1
LRBA,-1
DDX60L,-1
ARHGEF11,0
BVES,-1
RPGR,-1
LSM14B,0
OR4B1,-1
BCL11B,1
CERS2,-1
DTX2,-1
CCR10,-1
ZNF304,-1
USP37,0
HSPA4,-1
MAP2,-1
SYT9,-1
ZFPM2,-1
SNX6,-1
OR5P2,-1
CTSK,-1
HOXB3,-1
CEP85,0
SCD5,0
DSPP,-1
WNT3A,-1
CBFA2T2,-1
PCDHGA6,-1
CTSS,-1
TNXB,-1
LMAN1L,-1
IMP3,-1
TLR6,-1
HDAC5,-1
CREBZF,-1
DEDD,-1
AMZ2,-1
NEO1,-1
PPP1R3D,-1
OVOL1,-1
CPSF1,0
DLGAP5,-1
VPS13C,-1
SLIT3,-1
RGS21,-1
MAGEA8,-1
ATG9A,-1
ZNF217,-1
LIN7A,-1
BARHL1,-1
EP300,1
OR51A2,-1
PHF3,-1
LRRCC1,-1
NEURL4,-1
OFD1,-1
MYH15,-1
LILRA6,-1
ARHGAP18,-1
CASP2,-1
FERMT1,-1
CHRNA7,-1
ANO6,-1
ZBTB38,-1
NOTCH4,-1
KDR,1
NRN1L,0
ATP2C1,-1
SYNPO2L,0
GBF1,-1
RBP3,-1
JPH1,-1
ZNF845,0
PCDH17,-1
MUC6,-1
SLC6A15,-1
RNF114,-1
NLRP10,-1
GLB1L2,0
DLGAP3,0
CIAO1,-1
OR51B5,-1
PDE8B,-1
ZNF608,-1
PRX,-1
LRP1,-1
GAB2,-1
NRBP1,0
DDX60,-1
AMPD3,-1
ZNF773,0
ELAVL4,-1
CDH4,-1
GLB1,-1
STAB1,0
EHMT1,-1
KCTD8,-1
TSSK6,-1
NUAK1,-1
RBM5,0
ABCA2,-1
DACH1,-1
PROS1,-1
OTX2,-1
ANK2,-1
CEP135,-1
TP53,1
FOXC2,-1
CNTNAP2,-1
AURKA,-1
IMPDH1,-1
OR2T34,-1
CD81,-1
CAPZA1,-1
UNC13B,0
PRSS23,0
KALRN,-1
KCNA6,-1
LIN54,-1
CCNA1,-1
TECPR1,-1
SZT2,-1
ZNF280D,0
YY1AP1,-1
GFRA2,-1
UBE2F,-1
CCDC88C,-1
PXDN,-1
ZFP57,-1
MAP2K7,-1
ARHGAP19,-1
RTN2,-1
CDC27,-1
IGSF8,-1
PPEF1,-1
DCHS1,-1
MUC17,-1
ADCY8,-1
NGLY1,-1
CCT8L2,-1
TAS2R8,-1
MORF4L2,0
PDE3A,-1
SLCO3A1,-1
PRSS1,-1
SELP,-1
KRT75,-1
NTRK3,1
SULT4A1,-1
AIFM1,-1
ELN,-1
CNTN1,-1
MYOZ1,-1
KRT39,-1
KRT26,-1
CHPF2,-1
LDB2,-1
RSC1A1,-1
TRIM58,-1
AOC3,-1
APPL1,-1
PPRC1,-1
ZKSCAN7,0
IRF2,-1
CPEB1,-1
ARHGEF25,-1
PCDHB1,-1
PLA2G4E,-1
SAFB,-1
DHTKD1,-1
RDX,-1
PCDH1,-1
PTPRA,-1
HPR,-1
ZNF506,0
PPP1R3A,-1
CABIN1,-1
WASF3,-1
RBM28,-1
ATP8A1,0
SNX2,-1
ADD2,-1
TCP1,-1
PIK3R5,-1
WDR82,-1
HSPA1B,-1
PCDHGC5,-1
MATN2,-1
RBM27,-1
WDR62,-1
UGGT2,-1
THOC5,-1
CPN2,-1
WWC3,-1
WDR33,-1
MYO1G,-1
NISCH,-1
NELFE,0
RASGRF2,-1
TBCK,-1
MYT1,-1
OPCML,-1
ARHGEF7,-1
BACH1,-1
DCSTAMP,-1
PCDH18,-1
CCDC40,-1
CENPC,0
SKP2,-1
DTYMK,-1
MYO1F,-1
SON,-1
NSD1,-1
SLC26A6,-1
DIDO1,0
SGK2,-1
ZNF585A,0
MCF2L,-1
CACNA1E,-1
SIPA1,-1
KCTD19,-1
ZNF90,-1
MYO15A,-1
PHLDB2,-1
SLC12A7,-1
OR2L2,-1
SEMA4A,-1
VRK1,-1
ORAI3,-1
PNLIP,-1
SLC30A8,-1
PCSK2,-1
PIK3R4,-1
FSHR,-1
CYLC1,-1
ENC1,-1
GLI2,-1
CBLL1,-1
NTRK2,-1
UBA7,0
MYO9A,-1
PGM2,-1
NPTX2,-1
LIG1,-1
PCDH11Y,-1
TEX15,-1
SPATA2L,-1
PTPN12,-1
GLI1,1
TONSL,0
NEK10,-1
SPEF2,-1
CSF3R,1
PXK,-1
MYO1D,-1
ATP8B2,-1
LRRC8D,-1
PLXNA2,-1
SVIP,0
BTRC,-1
VCAN,-1
PDYN,-1
ADAMTS8,-1
ZNF561,0
KIAA0586,-1
PIK3C2B,-1
RYR2,-1
CSNK1G3,-1
STXBP4,-1
DLK1,-1
KCNK3,-1
KCNA1,-1
SEMA3A,-1
GPR151,0
TMPRSS11F,0
RPA2,-1
PEX5L,-1
ZP2,-1
BDP1,-1
CHD6,-1
OR10X1,-1
PTPRZ1,-1
NELL1,-1
CCAR1,-1
TIMM10B,0
PLXNB2,-1
TEX10,-1
CLEC4F,-1
ODF1,-1
LSR,-1
ME3,-1
CKM,-1
PSD,-1
EPOR,-1
TRPM4,-1
CTNND2,1
CD226,0
P4HA1,-1
BAZ1B,-1
DSEL,-1
SH3GL1,1
ZSCAN10,-1
LILRB1,-1
COL5A3,-1
PPM1G,-1
PCDHA4,-1
ALS2,-1
ZNF546,-1
CDH20,-1
CACNA1G,-1
SUGT1,-1
IP6K2,0
CNOT1,-1
KCNC1,-1
EIF4E1B,0
PI15,-1
ATP1A2,-1
RPS6KB2,0
GABBR1,-1
HELQ,-1
EPB41L1,-1
MST1,-1
OR5M11,-1
ADARB2,-1
PIWIL1,-1
COL23A1,-1
CYTH4,-1
NOX4,-1
GLIS3,-1
SLC22A23,-1
RBM17,-1
STRN3,-1
SRRM4,-1
TNPO3,-1
CDH18,-1
ZXDB,-1
EPHA10,-1
PHLPP1,-1
SDCCAG8,-1
ATAD2B,-1
SULT2B1,-1
ITSN2,-1
MUC5B,-1
CEP63,-1
BNC1,-1
AKT3,1
INA,0
IL22RA1,0
ATP10B,-1
DACT1,-1
ADAMTS7,-1
AKAP11,-1
RHBDF1,-1
AP1B1,-1
ESR2,-1
CRMP1,-1
ATF7IP2,-1
INPP5F,-1
FLG,-1
TBC1D12,-1
DCTN1,-1
ELK1,-1
CDC25A,-1
MIB1,-1
OR8B12,-1
ZNF777,-1
IFT140,-1
GABRB1,-1
RPTOR,-1
ABCA4,-1
SCN11A,-1
LATS2,1
NYNRIN,-1
C6,-1
ARHGAP9,-1
PDE11A,-1
USP35,-1
HOXA3,-1
RXRA,-1
ZSCAN18,0
ABCC8,-1
OTUD4,-1
CAPN11,-1
EED,1
GRIK4,-1
SEC16A,-1
CDH15,-1
ZNF787,0
GALNT16,-1
KCNC3,-1
IGHD,-1
WDR36,-1
KIF26A,-1
KATNB1,-1
LGR4,-1
SLC16A10,-1
MDM2,1
SPARC,-1
CYP11B1,-1
PSG1,-1
TIE1,0
KLK15,-1
ZNF500,0
SCAF11,-1
SORL1,-1
ZEB1,1
PDHA2,-1
OR2T8,-1
SRC,1
USP25,-1
PCDHGB4,-1
MYH4,-1
PCDHA2,-1
TAS2R4,-1
EIF2D,-1
GNL3,-1
TULP4,0
SERPINA6,0
DNMT3B,-1
DEK,1
SNRPN,-1
NIN,-1
PPP2R5A,-1
IL4R,-1
DMXL1,-1
ACAP2,-1
RPS6KA2,-1
SMARCA4,1
ZKSCAN3,-1
LHX5,-1
LRRFIP2,-1
ATP2B2,-1
CDHR2,-1
MAP2K4,1
PTPRS,-1
ASB9,-1
FBXO15,-1
SLC10A6,-1
PTPRH,-1
GAA,-1
SYCP1,-1
CTSF,-1
CLCA1,-1
ADARB1,-1
PKD1L1,-1
LAMC1,-1
POLR2G,-1
CACNA2D4,-1
STEAP4,-1
ALS2CL,-1
CDK14,-1
ACIN1,-1
KANSL2,-1
VDAC2,-1
FBLN2,1
MED1,-1
CACNG2,-1
GABBR2,-1
KCNA5,-1
UBB,-1
PCDHB6,-1
MAST1,-1
PTPRN,-1
CALD1,-1
HACE1,-1
SOCS5,-1
KCNJ2,-1
ARAF,1
PPP2R1B,-1
HNRNPA1,-1
SCN8A,-1
SOX5,-1
ELP4,-1
PCDHGA12,-1
OR10Q1,-1
MCF2,-1
VPS18,-1
NTF3,-1
LAMB4,-1
ATP7A,-1
BIN2,-1
RAD21,1
BIRC7,-1
CUL9,-1
MYH2,-1
DCLK3,-1
ADAMTS14,-1
PLTP,-1
ROBO2,1
TRPS1,-1
AHR,-1
PSME4,-1
TRMT1,-1
LTBP1,-1
SRR,-1
MDGA2,-1
PAPSS2,-1
MCM3AP,-1
GLMN,0
AP3B1,-1
CASP8,1
ANKRD50,-1
RAP1GDS1,1
RPL10L,0
GPC6,-1
HS3ST3A1,-1
KLHL3,-1
OBSL1,-1
PCDHA12,-1
ZNF709,-1
OR6T1,-1
UBR3,-1
KHDRBS3,-1
NUP107,-1
TFB2M,-1
LRRC4C,-1
PRRT2,-1
LRFN2,-1
GABRA6,-1
USP42,-1
NUDT19,0
COL1A1,-1
NES,-1
CAPRIN1,-1
SCARF1,-1
WIF1,1
CDH10,1
SYT10,-1
PCLO,-1
PCDHGB3,-1
ACOT4,-1
ODF2,-1
EBAG9,-1
SHC4,-1
FTSJ3,0
AP3D1,-1
LRP1B,1
PTPN23,-1
FBN1,-1
FOXI1,-1
CASS4,0
APOBR,-1
FUT9,-1
ITGB1BP1,-1
MAGEC1,-1
DOCK3,-1
DNAH9,-1
CPEB4,-1
FBXW10,-1
TLN1,-1
MPV17L2,-1
AVIL,-1
CNTN3,-1
IFNA10,-1
MUC21,-1
TRAT1,-1
RCVRN,-1
CASKIN1,-1
ZNF174,-1
ITGA4,-1
HSPA8,-1
LOXL1,-1
MN1,1
DCC,1
TNFAIP8L2,-1
BEST1,-1
CADM1,-1
RAD51AP1,-1
RBFOX1,-1
SHQ1,-1
OR10K2,-1
PI16,0
UBQLN2,-1
ANO4,-1
CDCA8,-1
TPSD1,-1
C1S,-1
RET,1
CSGALNACT1,-1
ALOXE3,-1
RNGTT,-1
TBL3,-1
LUC7L3,-1
C1RL,-1
NR2F1,-1
ACLY,-1
DOCK4,-1
SLCO1B3,-1
INSRR,-1
APBB1,-1
DNAH3,-1
KLF4,1
ICAM2,-1
OR6X1,-1
TLR5,-1
BMP3,-1
MCCC1,-1
ATG2B,-1
CLCC1,-1
ALX4,-1
TRIP11,-1
KDM6B,-1
RECQL,-1
BOD1L1,-1
SALL1,-1
ATP11B,-1
GRIK2,-1
HOXC11,1
GIMAP1,-1
SCN5A,-1
PCDHA9,-1
TCP11,-1
SYT2,-1
STAT1,-1
IQSEC1,-1
DNAH1,-1
FANCM,-1
MYO5C,-1
SLC4A5,-1
ZNF276,0
PRPF6,-1
TUBGCP6,-1
TMC3,-1
CORIN,-1
MISP,-1
FZD1,-1
RASGRF1,-1
LPAR6,-1
SPP2,-1
ZNF616,0
OR4D5,-1
TNFAIP3,1
ASB15,-1
IRX4,-1
STK32A,-1
ZC3H11A,-1
BMP5,1
CNGA4,-1
SATB1,-1
CACNA1S,-1
CHRNB4,-1
TGM5,-1
CACNA1A,-1
PKN3,-1
DISP2,-1
OR2F1,-1
TJP3,-1
SEMA6C,-1
PDGFRB,1
PSMA1,-1
CD44,-1
BRWD3,-1
TAGLN2,-1
L3MBTL2,-1
DDR2,1
MVB12B,0
BMP1,-1
LZTS1,-1
WNT7A,-1
ZNF517,0
COG3,-1
PREPL,-1
MYRF,-1
CYB5R4,-1
IRX6,-1
PPP2R2B,-1
CREB5,-1
PLCG2,-1
TPTE,-1
HAND2,-1
TUBGCP3,-1
TRIP12,-1
IFT81,-1
SYNPO2,0
DZIP3,-1
FBXO43,-1
WDR6,-1
PCDHGA7,-1
SSTR1,-1
KCNC2,-1
TSC2,1
NTM,-1
C2CD5,-1
GLT6D1,-1
NCAN,0
ZNF605,0
SLC2A10,-1
PHF1,-1
ARHGAP17,-1
ZNF345,0
BACH2,-1
SRRM2,-1
CACNA1B,-1
CACNG3,-1
ZNF799,-1
SSX2IP,0
XPC,1
AMBP,-1
GK2,0
ZNF646,0
PIK3CB,1
SH2D3C,-1
FHOD3,-1
MEFV,-1
OR2G3,-1
TAF1,-1
MED16,-1
MYT1L,-1
NUP153,-1
GAD2,-1
XYLT1,-1
ASPM,-1
ATR,1
FTHL17,-1
DPY19L3,-1
CYP8B1,-1
FOSL2,-1
MAGEB1,-1
APOA4,-1
LHX8,-1
PDE10A,-1
PRICKLE1,-1
KLHL40,-1
EXD2,-1
MAPK15,0
NOL8,-1
KIAA0319,-1
GABRQ,-1
ARHGEF10,1
GCM2,-1
PRDM13,-1
SPEN,1
ZNF33B,-1
SLCO6A1,-1
ARSF,-1
CCKAR,-1
IP6K3,0
HCK,-1
TIMM44,-1
SCN1A,-1
DPP6,-1
SGCD,-1
IL23R,-1
OR5M3,-1
TAP1,-1
TOPBP1,-1
PPIL2,-1
ALX1,-1
ZNF98,-1
ATP4A,-1
ARHGAP4,-1
CASC3,0
KCNJ6,-1
FAT2,-1
ATAD5,-1
HOXA9,1
NUTF2,0
