genename,label
PRDM14,-1
ZBTB17,-1
POTEE,-1
DDX11,-1
NDUFAF7,-1
RBL1,-1
HELLS,-1
STIL,1
SIGLEC1,-1
RFC1,-1
ACTA2,-1
CDK11B,-1
ITGB5,-1
MNDA,-1
ITSN1,-1
E2F5,-1
GLUD1,-1
PPT1,-1
GRIN2A,1
CHD2,1
SPATA16,-1
PLCB4,-1
PIK3C2A,-1
MMRN2,-1
ZFYVE16,-1
PIP5K1A,-1
GPR83,-1
NKD2,-1
HELB,-1
PKLR,-1
LSM7,-1
ASB1,-1
DOC2A,-1
SLCO1B1,-1
ARHGAP28,-1
TBX20,-1
ENPP2,-1
ALOX15B,-1
DMRTB1,-1
TAOK1,-1
NDRG2,-1
OR52A5,-1
GINS4,-1
SNX13,-1
DCUN1D5,-1
SLC26A7,-1
DCN,-1
ZNF18,-1
FGF7,-1
KATNBL1,-1
TOP1MT,-1
OR8H3,-1
G3BP1,-1
DDX42,-1
THBS4,-1
RAB11FIP4,-1
OR8D2,-1
AKAP5,-1
NCEH1,-1
RABGAP1L,0
HGF,-1
PFKFB4,-1
NAP1L1,-1
MDGA1,-1
MAP1B,-1
NLRC5,-1
NDUFB9,-1
IQSEC2,-1
NOA1,-1
HAUS5,-1
BEND3,-1
GTSE1,0
KLRG1,-1
SERPINB9,0
SEC31B,-1
CYP2C9,-1
EYA4,-1
KRT13,-1
ZFHX4,-1
TNRC6C,-1
CYP27C1,0
GPR75,-1
KRT15,-1
SEC24B,-1
RPL37A,-1
CCT6A,-1
VRTN,-1
VAT1L,-1
RAB12,-1
ATP6V1B1,0
CTBP2,-1
MMS22L,-1
ZNF512B,-1
TINAGL1,-1
RHCE,-1
ZEB2,-1
RGS3,-1
OR5B21,-1
SYCE1,-1
SYNJ2,-1
PRKD2,-1
GMEB2,-1
NNMT,-1
IGHV3-23,-1
SUPT5H,-1
RNF40,-1
PKD2,-1
SRGAP1,-1
FGFR4,1
TRIM3,-1
SCNN1G,-1
ACTN4,-1
C8B,-1
APEX1,-1
SAP18,-1
ARHGAP5,1
FBXO41,-1
FBF1,0
PREX1,-1
KLHL42,-1
NRROS,-1
GRAP,0
PRRC2A,-1
SLC39A6,0
PPFIBP2,-1
RGL3,-1
SWI5,-1
MMP3,-1
TPO,-1
TRMT11,-1
TECTA,-1
HTR1E,-1
ZNF142,-1
PPWD1,-1
GPRC6A,-1
RACGAP1,0
OR5M8,-1
ILF3,-1
ABHD5,-1
NKAP,-1
HNRNPM,0
EIF2S3,-1
HM13,-1
ZNF177,-1
CASP9,1
ABHD17C,-1
EDIL3,0
CCL20,-1
FMNL2,-1
ELOVL4,-1
GRB7,-1
KIR2DL1,-1
HTR3E,-1
OR51E1,-1
OR9G1,-1
DARS2,-1
OVGP1,-1
SLITRK4,-1
PLA2G4B,-1
AKT2,1
CACNA2D3,-1
TLN2,-1
NOTO,0
PDE5A,-1
NR1D1,-1
PPP1R12C,-1
NKX2-6,-1
TFEC,-1
KLK1,-1
NEU4,-1
C4BPA,-1
FLII,-1
STIP1,-1
LRRTM2,-1
GFPT1,-1
EMB,-1
B3GNT5,-1
GCNT1,-1
KRT33A,-1
DNLZ,0
ARRB2,-1
LAMB1,-1
CASQ1,-1
HMGXB4,-1
MRPL13,-1
OR2Z1,-1
BRD1,0
CCT5,-1
POMC,-1
ZIC2,-1
HOOK2,-1
USP48,-1
SLC6A19,-1
DAB2IP,-1
GTF3C2,0
PALLD,-1
ZFHX2,-1
INHBA,-1
TAOK2,-1
RTP2,-1
KRTDAP,-1
PABPC1,1
ANKK1,-1
CPT1C,-1
PGGT1B,-1
ZNF281,0
OR13C5,-1
PDS5A,-1
WDR43,-1
COL17A1,-1
BCKDHA,-1
APOC3,-1
XCR1,-1
ATXN10,-1
F5,-1
HLA-DPA1,-1
PIGW,-1
KCNH6,-1
DISC1,-1
CYLD,1
PUF60,-1
HRH1,-1
CTU2,-1
OR5D16,-1
C3AR1,-1
CALR,1
PLCG1,1
LEPR,-1
MBOAT1,-1
SYT1,-1
TBX22,-1
PSMB3,-1
DYNC1I1,-1
CNOT6,-1
ADCY10,-1
NCAPG,-1
IGKV4-1,-1
ZNF471,-1
NDEL1,0
CDKN1A,1
OR2A2,-1
FSTL1,-1
SLC36A3,0
TEAD4,-1
MTTP,0
SLC26A4,-1
LSM14A,-1
MYO3A,-1
SPHK2,-1
INTS2,-1
LCN1,-1
SCO2,-1
GAS2,-1
HOXC4,-1
TRAPPC4,-1
PIGN,-1
FLNC,-1
KLHL15,-1
ZHX3,-1
HAX1,-1
USB1,-1
PSPN,-1
TAF7L,-1
ZNF737,-1
ZNF70,-1
ZNF317,-1
RGS18,0
KCTD15,-1
PKN1,-1
SRFBP1,-1
NOP14,-1
HTRA3,-1
ADAM28,-1
FGF4,-1
ZNF577,-1
DOCK5,-1
ZNF207,-1
PCDHB10,0
TECPR2,-1
MAP7D1,0
ENTHD1,-1
ZNF132,-1
SMAD2,1
LRP3,-1
F13A1,-1
PCDHA7,-1
FBXO3,-1
JAM3,-1
OR2B6,-1
MLKL,-1
AEBP2,-1
HSPA6,-1
ZC3H18,0
EPHX1,-1
CAPN13,-1
POLN,-1
AHDC1,-1
ZNF296,-1
ACHE,-1
KMT2D,1
NCAM2,-1
KCTD16,-1
RHBG,-1
OR2D3,-1
ZNF492,-1
COL3A1,-1
ZNF750,-1
AMER3,-1
STEAP2,-1
UPF3B,-1
KIF4A,-1
ALPP,-1
IGHV4-61,-1
SERPINA7,0
SSBP4,-1
BCS1L,-1
UBA1,-1
EPHA4,-1
CTR9,0
PCK1,-1
BMP10,-1
IL16,-1
DSCAM,-1
PLEKHM1,-1
MAST3,-1
ROCK1,-1
MICALL1,0
TIAL1,-1
OR10S1,-1
RTP1,-1
LMOD1,-1
TUBB2A,-1
TOX,-1
RRP15,-1
ZNF44,-1
ZNF382,-1
CDKN1C,-1
CAND1,-1
ZNF212,-1
KIF5B,-1
ACSS1,-1
PDE6C,-1
PDLIM1,-1
OR10G7,-1
CHD3,-1
MCL1,-1
CXCR4,1
EXOSC4,-1
NUMBL,-1
ZNF860,0
AHCY,-1
IRAK1,-1
KRT23,-1
FLVCR1,-1
ZNF175,-1
MED12L,-1
SGTA,-1
MARK3,-1
ZNF491,0
LAMA2,-1
MUC5AC,-1
AMBN,-1
SLC45A2,-1
HPGDS,-1
AUP1,-1
HUS1B,-1
GPR141,-1
TUB,-1
MBTD1,0
AK7,-1
LYST,-1
ANAPC13,-1
PCDH15,-1
TJAP1,-1
GALNT12,-1
OR2L13,-1
ATP6V0A1,-1
DNAH17,-1
FOXR2,-1
SMG9,0
TERF2IP,-1
RASSF7,-1
NCOA1,-1
SLC2A4RG,0
JPH3,-1
POGZ,-1
SH2D2A,-1
OR4Q3,-1
CTSD,-1
CCL28,-1
GDF1,-1
WASF2,-1
HNRNPUL1,-1
UBXN4,-1
CDK5RAP2,-1
PRKCI,-1
ATG9B,-1
ZNF230,0
HCAR2,-1
DCLRE1A,-1
CABP5,-1
HPS4,-1
ANXA11,-1
HOXD13,1
UBR4,-1
EIF3J,-1
SOCS4,-1
OR2C3,-1
PRL,-1
OPRK1,-1
HOXA2,-1
PTPN21,-1
SETD4,-1
OR6C68,-1
AQP12A,-1
SETD3,-1
ARMC8,-1
SH2D3A,-1
ZNF528,-1
PYGB,-1
AAK1,-1
SLC4A2,-1
PLSCR1,-1
FNBP1,-1
ROBO3,-1
AP1G1,-1
RAB10,-1
ASIC4,0
USP30,-1
FBXO7,-1
IRF2BPL,-1
CHTF18,-1
PSG7,-1
RAB40AL,-1
C5AR2,-1
NLRC3,-1
ASAH2,-1
CARD18,-1
HOXB2,-1
TSFM,-1
PPP2R2D,-1
ICAM1,-1
AXIN2,1
IL1RAPL1,-1
OR2D2,-1
COL4A5,-1
JADE1,0
PPP4R1,-1
LRRC4,-1
RAP2A,-1
MUC7,-1
HOXC9,-1
DNA2,-1
PRKDC,-1
DICER1,1
NHSL1,-1
TMEM106B,-1
CAD,-1
MECP2,-1
RGS19,-1
RPE,-1
TIMP3,-1
SETD2,1
SPDYC,-1
OR9A4,-1
CAPN3,-1
STX17,-1
HOXB7,-1
KPNA7,-1
DKK3,-1
EXOC4,-1
CCR1,-1
GJB5,-1
SECISBP2,-1
ZNRF3,1
SPAG5,-1
FAM50A,-1
KIAA1549,-1
TCEA2,0
FOXP2,-1
RASGRP4,-1
FBXW5,-1
SRSF7,-1
MCHR2,-1
OLFM1,-1
COX5A,-1
CSPP1,-1
ADAMTS10,-1
UPK3A,-1
TOM1L1,-1
WFIKKN2,-1
LCP2,-1
PIGS,-1
VIPAS39,-1
GPI,-1
PLA1A,-1
RBBP6,-1
STX1A,-1
KCNJ12,-1
KRT76,-1
FZD9,-1
BPIFB2,-1
OR1A1,-1
SCAF4,-1
SPRTN,-1
KCNJ5,1
JAG1,-1
MON1A,-1
STAC,-1
CEP152,-1
LMO1,1
MYO1C,-1
SRPK1,-1
RLF,-1
HNRNPU,-1
IL27,-1
OR2M2,-1
HRC,-1
OR2T11,-1
COL22A1,-1
MAF,1
PRMT5,-1
CDKL4,0
BBS7,-1
GPHN,-1
MSX1,-1
PTPN7,-1
MKNK2,-1
CLK1,-1
PCDHGA9,-1
CASP6,-1
TRIM36,-1
BTN1A1,-1
HPSE2,-1
OR52A1,-1
NOC2L,-1
FGB,-1
WRNIP1,-1
RICTOR,-1
GRHL2,-1
LRP8,-1
GPR139,-1
GNAI2,-1
LAPTM4B,-1
TBL1X,-1
VPS37C,-1
ZNF620,-1
RELN,-1
ZNF341,-1
TWIST2,-1
OPA1,-1
DNER,-1
STAG1,1
UMOD,-1
COPG1,-1
DCAF15,-1
NUP160,-1
RIOK2,-1
IGF2,-1
YWHAQ,0
SLC25A4,-1
DHX9,-1
ANLN,-1
ZNF662,0
NPY4R,-1
CRELD2,0
CD300A,0
HCN1,-1
ZNF564,0
BRD9,-1
TRIOBP,-1
BCLAF1,1
HHAT,-1
FKBP5,-1
PRSS22,-1
PAK1IP1,-1
WDR18,-1
ITGA3,-1
RASSF2,-1
PANK4,-1
ECE2,-1
SEC23B,-1
TTI1,-1
NHS,-1
PLCD3,0
IGKV2-24,-1
TUBA8,-1
NOVA1,-1
COMTD1,0
TRIB1,-1
DIAPH3,-1
ZNF638,-1
ZNF445,0
GPR160,-1
DNAJC11,-1
PTPRF,-1
TRIM11,-1
GIMAP7,-1
NDN,-1
RINT1,-1
PIWIL2,-1
PRPH,-1
IL5RA,-1
RPL3L,-1
CHST3,-1
SPN,-1
MSH6,1
TRIM56,-1
DNAAF1,-1
MMP24,0
EHMT2,-1
DENND4B,-1
CLTCL1,1
SASS6,-1
TPR,-1
CLCN7,-1
CEP250,0
OGDH,-1
ATP12A,-1
HEXIM1,0
KRIT1,0
SNRPC,-1
ITGB4,-1
CCDC59,0
KDM4B,-1
ZNF784,0
KRT36,-1
RBBP4,0
BCOR,1
EMC1,-1
EMILIN2,0
RGS20,0
PIF1,-1
SFXN4,-1
ZNF552,0
B3GAT2,0
PTGER2,-1
DDX51,-1
PPP1R2,-1
RNF6,-1
AKAP3,0
CAND2,-1
LFNG,-1
OR52I2,-1
CTDSP1,-1
TBC1D22A,-1
SLC2A2,-1
LRRC41,-1
C8G,-1
TM9SF2,-1
PODXL,-1
DENND5B,-1
CSPG4,-1
PFKFB2,-1
ACSS2,-1
TCIRG1,-1
SWAP70,-1
SAMHD1,-1
CDH19,-1
LPA,-1
CHST13,-1
ZXDC,-1
ERBB4,1
GRXCR1,-1
ZNF213,-1
GPR84,-1
VWDE,0
PLA2G6,-1
DCAF12,0
P2RX4,-1
SLC12A3,-1
EHD3,-1
ARAP3,-1
FBXW7,1
GDF2,-1
AAR2,-1
SERPINA9,-1
CAPN12,-1
MYLK,-1
NCOA6,-1
HBE1,-1
ZNF600,0
KMT2C,1
EPAS1,1
ZNF559,0
TECTB,-1
LIAS,-1
ERN2,-1
RBM20,-1
PCDHGA1,-1
HTR3C,-1
PGK2,-1
RPS10,-1
LEFTY2,-1
NCAM1,-1
SULF1,-1
ZNF407,-1
ITGA5,-1
SERPINB10,-1
GLRA3,-1
CLN6,-1
SMUG1,-1
CASP14,-1
CERS5,-1
CYP24A1,-1
MYBL1,-1
DNMT3A,1
TNPO1,-1
CLEC4A,-1
ADH7,-1
RRH,-1
SLC16A2,-1
HORMAD1,-1
CATSPERB,-1
STT3B,-1
FMN2,-1
DNAH8,-1
PTGER3,-1
GTPBP10,-1
UBE2N,-1
WNT8B,-1
GPR19,-1
DKK4,-1
COL4A2,-1
ADH6,-1
GPR34,-1
OR51B2,-1
NR4A1,-1
DNAJA3,-1
CHRNB3,-1
SPAG16,-1
UGT1A7,-1
SEMA3E,-1
RPN2,-1
SYCP2,-1
ANAPC1,0
PELI3,-1
TCTN1,0
GABRP,-1
AMPH,-1
URB1,-1
BDNF,-1
CNTROB,-1
ADORA2B,-1
SIN3B,-1
SEMA3D,-1
ZNF283,0
USP15,-1
SLC16A13,0
KLHL8,-1
KIF21A,-1
UBR1,-1
WWC1,-1
FERD3L,-1
ARF6,-1
VNN1,-1
OR7C2,-1
GLB1L3,-1
GPR85,-1
BRINP3,-1
SLC8A2,-1
EMCN,0
KIF6,-1
ZNF436,-1
GIGYF1,-1
GOLGB1,-1
PITPNB,-1
DPH1,-1
CLCNKB,-1
GLRA2,-1
CIPC,-1
PLD6,-1
GPT,-1
ATP13A3,-1
SDC2,-1
KLHL7,-1
ZNF623,0
PI4KA,-1
ERBB2,1
SCUBE1,-1
GNB5,-1
GGT5,-1
F9,-1
MEGF8,-1
NAPB,-1
IGKV3D-11,-1
UTP3,-1
LCE1F,-1
DSP,-1
AKR1A1,-1
SNCG,-1
KRT14,-1
RPL36AL,-1
MARVELD3,-1
BAZ2A,-1
PRSS36,-1
FLG2,-1
FASTKD5,-1
USH1G,0
CDH17,1
AKAP1,-1
SCTR,-1
YBX2,-1
SLX4,-1
RPS14,-1
TMEM199,-1
NEDD4L,-1
ISG20,-1
DHX57,-1
TMPRSS7,-1
GCGR,-1
TIAM2,-1
PHKG2,-1
USP3,-1
ZBTB41,-1
PNKP,-1
PPP3CC,-1
TLE1,-1
HECW1,-1
SFXN5,-1
POU3F2,-1
DPEP3,-1
MEOX1,-1
EOMES,-1
PAX3,1
EBF3,-1
NRXN2,-1
RPH3A,-1
NOXO1,-1
ZNF438,0
IGF2R,-1
ARHGAP20,-1
TTC1,-1
TRPV4,-1
ZNF668,-1
OR4C11,-1
PLK4,-1
TBX5,-1
ZKSCAN5,-1
ATP8B3,-1
KSR2,-1
PARK2,-1
MTMR12,-1
MAP7D2,-1
FGF3,-1
SOS2,-1
ENG,-1
IQSEC3,-1
PAX1,-1
WT1,1
ZBTB48,-1
MAGEB2,-1
LAMC3,-1
ERN1,-1
WDR75,-1
ENPP3,-1
NEU1,-1
PARP3,-1
RBM19,-1
SCNN1A,-1
RAB5A,-1
OR51Q1,-1
FBXL16,-1
DCLK1,-1
INHBB,-1
SLAMF6,-1
PARG,-1
CHAF1A,-1
FBXL4,-1
FGF1,-1
HACL1,-1
FARSA,0
FOXM1,-1
DCT,-1
RASA1,-1
OR8J1,-1
TRIM27,1
CEP97,-1
CHST15,-1
NYAP2,-1
IFI44L,-1
TRPC7,0
LIN7C,-1
IRS4,1
PTPN3,-1
ELFN2,0
ADAM23,-1
ATP1B1,-1
CTNND1,1
FADS1,-1
CAPZB,-1
IGHA2,-1
SRCIN1,-1
FRMD4A,-1
BMP6,-1
B3GNT7,-1
MTR,-1
HRH2,-1
OR51V1,-1
CENPJ,-1
CRYBB1,-1
NUAK2,-1
CHD9,-1
LCE3C,-1
LARP4B,1
ZNF793,-1
NOS3,-1
WDFY3,-1
YBX1,-1
GPR4,-1
AGXT,-1
SH3GL2,-1
PEG3,-1
TOX3,-1
RALGPS2,-1
ZNF100,-1
FAM83H,-1
VKORC1,-1
EBF1,1
MEIS1,-1
OR52H1,-1
MYCN,1
MPL,1
IFIT5,-1
TRERF1,-1
ARF1,-1
RAB3IL1,-1
OR5C1,-1
SLC1A2,-1
TMEM135,-1
BCAT2,-1
THEMIS,-1
DCAF13,-1
RPS6KL1,0
ZYX,-1
DDR1,0
BEGAIN,0
OR4P4,-1
ACTB,-1
TERT,1
KCNAB1,-1
CDKN2AIP,-1
TRAPPC10,0
UPK1B,-1
ZNF257,-1
ABCB1,-1
SLC19A1,-1
INVS,-1
RBL2,-1
RGPD4,-1
APOE,-1
PSG9,-1
CHST9,-1
RFXANK,-1
PTH2R,0
IFIT1,-1
FAT1,1
ACTA1,-1
SERPINI2,-1
MSR1,-1
PRKCQ,-1
FBP2,-1
SEC31A,-1
CD160,-1
HDLBP,-1
ABCA13,-1
PRLR,-1
SLC9A5,-1
KCNK2,-1
PPP1R15A,-1
PDZRN3,-1
SLC17A6,-1
CHD4,1
LMAN2,0
CARD6,-1
IRF5,-1
MAP4,-1
SDAD1,0
SNURF,0
SV2C,-1
MAP3K8,-1
DDAH2,-1
MRC2,-1
SNUPN,0
DACT3,-1
EDA2R,0
TOP1,-1
CLSTN1,-1
CD38,-1
YEATS2,-1
SEMA4B,-1
TUBG2,-1
PIK3CG,-1
OSBPL11,-1
HAUS7,-1
GAS6,-1
OXA1L,-1
TFPI,-1
FBL,-1
TPSAB1,-1
RAD54L,-1
ZNF93,-1
NPR2,-1
EDN3,-1
FBXO9,-1
PITX2,-1
CCL16,-1
RSPO4,-1
APLNR,-1
OR52E2,-1
FOXI2,-1
OR2M3,-1
DLEC1,-1
OLA1,-1
ACSBG2,-1
PSG11,-1
PHRF1,-1
NCAPD2,-1
PLS1,-1
IL2RA,-1
OR52K2,-1
LTF,-1
NFKBID,0
OR6B1,-1
SLCO2A1,-1
CUX1,1
PDIA4,-1
ZNF675,0
CTDSPL,-1
ECI1,-1
IKZF3,-1
HSPB11,0
OR52L1,-1
TWIST1,-1
MXI1,-1
PYGO1,-1
FITM2,0
FUCA2,-1
KPNB1,-1
PELP1,-1
PAK1,-1
KRT6C,-1
MUL1,-1
OR2T2,-1
IGKV2D-28,-1
FDXR,-1
BCAR1,-1
PLOD1,-1
ABL1,1
LDHAL6A,0
RNASE4,-1
CACNG8,-1
CD300C,0
KDM5A,1
TRIM13,-1
LRRC32,-1
ZNF597,-1
IGHV4-34,-1
STOML3,-1
MDFIC,-1
LPIN2,-1
DMBT1,-1
EMC2,-1
CD22,-1
SEC23A,-1
PNMA1,-1
BNC2,-1
DMXL2,-1
ZNF607,0
BRCA2,1
TFF3,-1
PGLYRP2,-1
ZHX1,-1
ASB2,-1
NUDCD1,-1
DBX1,-1
CAMTA1,1
ITCH,-1
ZNF215,-1
ZNF331,1
OR2G2,-1
CCDC39,-1
TCF25,-1
CCDC115,-1
PTPRM,-1
CLCNKA,-1
NOLC1,-1
FLCN,1
UGT3A2,-1
LSM11,-1
EVX1,-1
MRPL11,-1
ZNF554,0
PTGER4,-1
ING5,-1
UBASH3B,-1
MYCT1,-1
MID2,-1
DOT1L,-1
MAN2B2,0
TRPC6,-1
SFPQ,1
PPP2CA,-1
ACO2,-1
INPP4A,-1
ZIC1,-1
CLK3,-1
CTBP1,-1
STOML2,-1
ADCY1,-1
RNASE2,-1
OSTF1,-1
INPP4B,-1
ARHGAP12,-1
FBXO28,-1
AXL,-1
OR4C15,-1
PSTPIP1,-1
MMP13,-1
DDX23,-1
FOXP1,1
STRN4,-1
RFX2,-1
OBSCN,-1
GGCX,-1
CRYGB,-1
RASGRP3,0
CCNL2,-1
PDCD11,-1
ATF4,-1
DGCR8,1
PCDHGB1,-1
GMPPA,-1
CFHR2,-1
DPPA3,-1
ADAMTS12,-1
DSN1,-1
VPS36,-1
CSNK1E,-1
GZF1,-1
RBM6,-1
FOLR3,-1
SPTB,-1
TRAK1,-1
RPL34,-1
PAAF1,0
PCDH20,-1
CTDP1,-1
NR2C2,-1
TRIM22,-1
SNAP91,-1
CCR4,1
COL5A2,-1
HAPLN3,0
SNAI1,-1
PPP6R2,-1
IL1B,-1
TPRN,-1
TMPRSS4,-1
SELL,-1
NFKB1,-1
COL1A2,-1
SERPINB11,-1
AGRN,-1
GLIS1,-1
B3GALT2,-1
ALDH1L2,-1
TCF4,-1
DST,-1
WDR45,-1
EDEM1,-1
WNK4,-1
ZNF280B,0
ITGA2B,-1
SDR16C5,0
CHRNB1,-1
ZNF536,-1
MAP3K1,1
GFRA1,-1
REG1A,-1
PRSS38,-1
OR2V2,-1
KCNA7,-1
PARP8,-1
EXTL3,-1
BCAN,-1
PLEKHA8,-1
OR10A4,-1
MBTPS2,-1
IDH2,1
HMOX1,-1
EP400,-1
PDGFRA,1
CHML,-1
POLR2B,0
CCP110,-1
KRT73,-1
C7,-1
ARSA,-1
PDIA2,-1
TRAPPC12,-1
TNN,-1
NLRP3,-1
SIM2,-1
CHD1L,-1
RNF115,0
KCTD1,-1
ALG12,-1
OR7D2,-1
NPBWR2,0
AGO2,-1
IL1RAPL2,-1
TADA2B,-1
MUC4,-1
FMN1,0
MCTP2,-1
F10,-1
ASH1L,-1
CARD11,1
CDYL2,0
ZNF324,-1
ACTR6,0
SCNM1,-1
STX19,0
MVP,-1
PARP10,0
MYO5B,-1
IKZF1,1
CDC26,-1
HERC1,-1
OR8D4,-1
BBC3,0
DDB1,-1
TUBB8,-1
CEP290,-1
BARD1,1
COL4A3,-1
NOC3L,-1
HLCS,-1
EIF4ENIF1,-1
IGHV7-81,-1
HOXA10,-1
IFI44,-1
RANBP3L,-1
THBS2,-1
CCDC86,-1
LMX1A,-1
MAGI1,-1
TSC22D1,-1
TBX3,1
CALY,-1
COL19A1,-1
BHMT2,-1
FYN,-1
CNTN4,-1
LMO7,-1
ETFA,-1
ZXDA,-1
ALG10,-1
HR,-1
PSG3,-1
ARHGAP29,-1
CNTN5,-1
KIR2DL3,-1
EZH1,-1
ANAPC7,-1
OLFM2,-1
TAF1C,-1
MGAT2,-1
ALG1,-1
STT3A,-1
ZNF835,0
TBXAS1,-1
USP38,-1
FURIN,-1
COL6A5,-1
SALL4,1
SLAMF8,-1
ZKSCAN2,-1
TICRR,0
CYSLTR1,-1
EDC3,-1
DHX36,-1
TBX4,-1
MGST3,-1
OR8B2,-1
CFP,0
PVR,-1
CD2,-1
ESPL1,-1
TUBB1,-1
NF1,1
RGMA,-1
SERGEF,-1
CUL3,1
NOVA2,-1
VPS41,-1
DCAF4,-1
NUP62,-1
ZNF558,-1
CCDC6,1
TFPT,-1
DNMBP,-1
MEPE,-1
ATM,1
OR4C13,-1
CHRND,-1
ITGAM,-1
ZNF197,-1
GID8,-1
SFTPA2,-1
TUBGCP2,-1
PCNT,-1
DDX39A,0
MKNK1,-1
OMA1,-1
MIOS,-1
ZNF563,-1
CTNNA2,1
PRKAG3,-1
PCDHGA8,-1
PEX2,-1
MAP3K13,1
LPIN3,-1
SPOP,1
RAB3GAP2,-1
LRRC7,-1
TIGIT,-1
CDC20,-1
P4HB,-1
ZNF776,-1
SLC26A5,-1
NALCN,-1
YARS2,-1
PCDHGB6,-1
DGKH,-1
SIX4,-1
KIF13A,-1
SLC3A1,-1
MMS19,-1
PTPRE,-1
SPDYE3,-1
PDS5B,-1
CYTH3,-1
ZNF148,-1
MMP2,-1
CHMP4C,-1
KLRF1,-1
UBA6,-1
PMF1,-1
TERF2,-1
OR1S1,-1
PIGG,-1
NAPSA,0
KDM4A,-1
RAB11B,-1
ADAMTS15,-1
NEB,-1
ZMYM4,-1
NUP133,-1
CD163,-1
SIK3,-1
P2RY10,-1
CACNA1H,-1
MRPS14,-1
IGKV1-5,-1
DNASE1,-1
CTNNA3,-1
GTPBP1,-1
NTNG2,0
ZNF211,0
HOXD12,-1
PCSK9,-1
MEF2C,-1
THAP11,-1
KIF11,-1
MYH7,-1
APBA1,-1
SNRNP200,-1
HIBCH,-1
NCAPG2,-1
WDR59,-1
CDH13,-1
ACVR2B,-1
BRD3,1
STYK1,-1
OR4B1,-1
CLK4,-1
CHRM1,-1
CAMSAP1,-1
TCP10L,-1
NDUFS3,-1
HMGN5,0
OR4A16,-1
CCKBR,-1
ZNF335,-1
MRPL1,-1
MAP2,-1
SNX6,-1
OR5L1,-1
FNIP1,-1
CTSK,-1
ZBTB25,-1
CAMK2B,-1
PPP3R2,-1
MORC2,-1
WNT3A,-1
CILP,-1
POLD3,0
LMAN1L,-1
NAB2,1
GCLC,-1
GCFC2,0
TLR6,-1
SUCO,0
CPSF1,0
CRTAM,-1
HOMEZ,-1
VPS13C,-1
KIF2C,-1
GH1,-1
SLIT3,-1
UBE2L6,-1
SRPK2,0
GPLD1,-1
EP300,1
OFD1,-1
BLM,1
MAGEA6,-1
GUCY1A2,-1
ZBTB38,-1
GNG11,-1
NOTCH4,-1
ATP2C1,-1
GBF1,-1
RBP3,-1
ADAM21,-1
TTC21B,-1
MUC6,-1
SLC6A15,-1
STAM,-1
DEPDC5,-1
ACVR1C,-1
CIAO1,-1
OR5H6,-1
PDE8B,-1
MMP14,-1
ATXN3,-1
MGAT4B,-1
ZNF773,0
ELAVL4,-1
KCTD8,-1
KIF15,-1
NUAK1,-1
GOLGA7,0
ABCA2,-1
ANK2,-1
CEP135,-1
GNLY,-1
AR,1
ATPAF2,-1
AURKA,-1
ADRA2A,-1
TSPAN33,-1
SZT2,-1
MAPRE3,-1
GFRA2,-1
PXDN,-1
ARHGAP19,-1
VEGFC,-1
DCHS1,-1
GALNT7,-1
BBS5,-1
GNB4,-1
MEIS2,-1
GAS1,-1
PRSS1,-1
NTRK3,1
ELN,-1
RSC1A1,-1
ZKSCAN7,0
FCRL4,1
SAFB,-1
PCDHA5,-1
ACTR3B,0
FANK1,-1
TBPL2,0
AHSP,0
IL15,-1
HPR,-1
COPS5,-1
CABIN1,-1
PPOX,-1
COL6A3,-1
TCP1,-1
PCDHGC5,-1
RAB2A,0
UGT2B11,-1
COL4A6,-1
PRAP1,-1
NELFE,0
MYT1,-1
PROC,-1
TACC1,-1
MID1,-1
LDHAL6B,0
CDCA5,-1
IQCB1,-1
RP2,-1
NSD1,-1
WDR83,-1
PARP16,0
SGK2,-1
MCF2L,-1
SLC12A7,-1
PRMT8,-1
PRKAR1B,-1
SCML2,-1
SLC30A8,-1
TSSC4,-1
CYLC1,-1
GLI2,-1
SSBP1,-1
CLIC4,-1
CNGA1,-1
EID2B,0
NEK10,-1
USP40,-1
MYL6,-1
TRIP10,-1
PLXNA2,-1
MRPL19,-1
BTRC,-1
PDYN,-1
UCK2,-1
KRT8,-1
TRAF4,-1
FABP4,-1
FIGLA,-1
ZBTB37,-1
CHD6,-1
RNF11,-1
BDP1,-1
OR10X1,-1
FBXO31,-1
DGKD,-1
PLXNB2,-1
GTF2H3,-1
MAP1LC3C,0
NPBWR1,-1
CKM,-1
PFDN2,-1
UBTF,-1
ASAP1,-1
CTNND2,1
NUPR1,-1
P4HA1,-1
TBC1D15,-1
CRTC3,-1
FGG,-1
HSD3B2,-1
RANBP10,-1
EPB41L1,-1
ADARB2,-1
SAV1,-1
GALNT8,-1
EGFL7,-1
NOX4,-1
SMARCA2,-1
TNPO3,-1
FCGR3A,-1
HTRA1,-1
ATAD2B,-1
ITSN2,-1
OTOA,-1
ZNF710,0
NDUFB7,-1
CANX,-1
JDP2,-1
MYO18A,-1
IL22RA1,0
OR51A4,-1
KLHL17,0
LRSAM1,-1
RHOBTB3,-1
ESR2,-1
MED12,1
INPP5F,-1
MUC13,-1
FEZ1,-1
VTI1A,-1
HAVCR1,-1
IPO13,-1
DCTN1,-1
ZNF329,0
NDST4,-1
MAGEA1,-1
DDX5,1
EYA1,-1
OR8B12,-1
GABRB1,-1
ABCA4,-1
WAC,-1
NYNRIN,-1
CEACAM21,-1
PHF8,-1
GTF3C5,-1
ARHGAP9,-1
USP35,-1
ERP27,0
PPFIBP1,-1
LYPD5,0
EED,1
GRIK4,-1
GALNT16,-1
KIF26A,-1
IFI16,-1
BRD4,1
SORL1,-1
UNC5A,-1
LIMK1,-1
ZNF878,0
NAV2,-1
GRP,-1
PCDHGB4,-1
KIF5A,-1
STON2,-1
SLC17A4,-1
APOBEC3G,-1
ZNF200,-1
KLK12,-1
DEK,1
PTGDS,-1
IL4R,-1
TDP2,-1
RPS6KA2,-1
EPB41L4A,-1
GBP1,-1
KRT84,-1
RTKN,-1
ATP2B2,-1
ZNF461,-1
EYA3,-1
PTPRS,-1
FBXO15,-1
PTPRH,-1
GAA,-1
SERPINB13,-1
ARHGAP30,-1
KRT6A,-1
NCK2,-1
PTPRK,1
SPACA1,-1
GJD2,-1
TEX11,-1
LAMC1,-1
ALS2CL,-1
OR2T6,-1
COL9A2,-1
MAG,-1
KANSL2,-1
PRICKLE4,-1
PRPF38A,-1
LSP1,-1
NCOA3,-1
PTPRN,-1
RPL10,1
ARAF,1
CCNK,-1
MED23,-1
NCOA4,1
PPP2R1B,-1
PRPF4,-1
HEY2,-1
THAP5,-1
CUL9,-1
DCLK3,-1
ZNF627,-1
MDGA2,-1
PAPSS2,-1
BST1,-1
AP3B1,-1
LYPD3,-1
CASP8,1
XPOT,0
BABAM1,-1
MICU1,-1
SPIDR,-1
CACNG5,-1
LAIR1,-1
HTR4,-1
G3BP2,0
ICAM3,-1
NES,-1
PHACTR4,-1
WBP4,-1
PCDHGB3,-1
PCLO,-1
SHC4,-1
AUTS2,-1
PSMC4,-1
FCHSD2,-1
FBN1,-1
CASS4,0
SLC44A3,-1
DOCK3,-1
BOLL,-1
OR10R2,-1
ZNF134,-1
OTP,-1
WDR4,-1
CARD10,-1
DPP3,-1
SLC16A9,-1
ITGA4,-1
HSPA8,-1
GRTP1,-1
DCC,1
OR10K2,-1
AARS2,-1
ACVRL1,-1
OR2B3,-1
ANO4,-1
RET,1
TMPRSS11B,0
ZNF844,-1
TBL3,-1
FUT5,-1
OR5B3,-1
TAF1B,0
CHID1,-1
CREB3L1,1
ADCYAP1R1,-1
GCNT4,-1
OR6X1,-1
BMP3,-1
TLE4,-1
CLCC1,-1
TRIP11,-1
PRDM15,-1
BOD1L1,-1
PUS7,-1
HCAR3,-1
SCN5A,-1
TCP11,-1
SYT2,-1
FANCM,-1
TUBGCP6,-1
DNTTIP2,-1
FOS,-1
WNT3,-1
BRSK2,-1
SPRY4,-1
DFFB,-1
IBA57,-1
CNGA4,-1
SATB1,-1
CHRNB4,-1
OR52E8,-1
OR5D13,-1
ESX1,-1
BRWD3,-1
ZNF394,0
PHYH,-1
GEMIN7,-1
SLC22A1,-1
LZTS1,-1
RELA,-1
TFR2,-1
ZBTB11,-1
TPTE,-1
OR2A4,-1
PCDHGA7,-1
NTM,-1
IGKV3D-20,-1
ARHGAP17,-1
SRRM2,-1
SLC1A5,-1
CDC42BPB,-1
DTX1,-1
ARCN1,-1
SSX2IP,0
OR1L6,-1
SH2D3C,-1
ST14,-1
OR1J1,-1
OR2G3,-1
ZNF687,-1
TAF1,-1
SLC9B1,-1
DPY19L3,-1
NCL,-1
PENK,-1
EXD2,-1
ARHGEF10,1
PRDM13,-1
EHF,-1
GCG,-1
OR1L4,-1
SPEN,1
ABCC12,-1
TADA1,0
TESPA1,-1
ARSF,-1
HCK,-1
BCAS3,0
GALNT9,-1
HUWE1,-1
IL23R,-1
YWHAG,-1
PPIL2,-1
MOGAT2,-1
ATP4A,-1
ZNF665,0
NCKAP1L,0
OR10G8,-1
FREM2,-1
SETDB2,-1
NRF1,-1
IGKV1D-8,-1
RP1L1,-1
ALMS1,-1
MTRF1,-1
GALNT5,-1
INPP5E,-1
BIRC2,-1
SEMA3F,-1
IPO4,0
CCDC93,-1
IGHA1,-1
DUSP9,-1
TCF3,1
FOXB2,-1
SCRIB,-1
YAP1,-1
MED7,-1
HIVEP2,-1
INTS9,-1
OR10G9,-1
PCSK1,-1
SERPINA4,-1
PCGF5,-1
ZNF441,0
MAP4K2,-1
RBM10,1
IGHV3-21,-1
DDX17,-1
FBXL5,-1
WNK3,-1
OR6Y1,-1
FOXN3,-1
HERC3,-1
VIM,-1
PLOD2,-1
SMCR8,-1
ADAMTS6,-1
NEIL1,-1
SREBF1,-1
ABCC9,-1
STX6,-1
RAB3GAP1,-1
CDC42BPG,-1
EXOC3L1,-1
ZNF320,-1
FAM83B,-1
SPTAN1,-1
LCE2C,-1
MTHFD1L,-1
PCSK5,-1
GAL,-1
FMOD,-1
ZBTB20,-1
RGL4,-1
STAT4,-1
DPF2,-1
TRAPPC11,-1
TEAD1,-1
COG4,-1
FNTA,-1
COL12A1,-1
MLX,-1
ACAT2,-1
MLXIPL,-1
TTN,-1
FBXO21,-1
POMGNT2,-1
SS18L1,-1
CAMSAP2,0
KIF19,0
CXCR3,-1
CLEC1B,0
DNAH14,-1
ZIM3,0
OR5T3,-1
TLE3,-1
RPS9,-1
GNS,-1
RPL26L1,0
PLEKHM2,-1
BZW2,-1
RABEP2,-1
KRT6B,-1
TEKT2,-1
SLC9A3R1,-1
NOP2,0
TGM1,-1
SMG1,-1
CATSPER2,-1
BLNK,-1
PRDX1,-1
GIPC1,0
FGF5,-1
PARD6A,0
OR8K3,-1
FLT3,1
RBM12,-1
OR10A2,-1
KRR1,-1
TNIP1,-1
CDK2,-1
NBEA,1
TRIM17,0
PIAS1,-1
KRT34,-1
ETS1,-1
PHF19,-1
ATP8B1,-1
ZNF695,-1
PLAG1,1
ABCD2,-1
GABRG1,-1
ARSB,-1
DDO,-1
TNS1,-1
ZFP82,0
NOL6,-1
MUC15,0
SF3B3,-1
TXNDC2,-1
TIPRL,-1
ESYT1,-1
CNGA3,-1
MPO,-1
BNIP2,-1
LUC7L,-1
HMGCS1,-1
ACTR8,0
XPO7,-1
HNRNPDL,-1
ATAD2,-1
PXMP2,-1
ATXN2L,-1
MBIP,-1
PPP1R13B,-1
WNK2,1
TRAV14DV4,-1
IL19,-1
PTPRT,1
ANKRD49,0
UPF1,-1
ADAM19,-1
PAK4,-1
TCHH,-1
SIM1,-1
MMP10,-1
ARHGEF12,1
TOX2,-1
SLC4A1,-1
JMY,-1
SORCS2,-1
ATG2A,-1
IGLL1,-1
ZNF496,-1
MEF2D,-1
CD1A,-1
CYP2E1,-1
OR11H4,-1
IGF2BP1,-1
RUNX2,-1
TDRD1,-1
ZNF33A,-1
DMD,-1
POU4F3,-1
APOA1,-1
SLC26A3,-1
POFUT1,-1
RHBDF2,-1
FDPS,-1
PLCB3,-1
REPS1,-1
SSH2,-1
ZNF28,-1
AHCTF1,-1
TARS2,-1
CPSF2,0
SLC11A2,-1
SIGLEC10,-1
RLN3,-1
TOP3A,-1
KIRREL3,-1
CD1C,-1
FOLH1,-1
SYTL1,-1
SPATA13,-1
OR2T1,-1
MPG,-1
OR6C3,-1
PSMB6,-1
NIP7,0
ZNF354C,0
ICAM5,-1
RTCB,-1
AGAP4,-1
POLR1C,-1
ZNF497,-1
IER5,-1
RHOJ,-1
OR1C1,-1
SLC12A2,-1
VAV2,-1
UNC45B,-1
MED19,-1
KPNA4,-1
PLXNA3,-1
LTBP3,-1
SMPD1,-1
TBC1D9,-1
PRELP,-1
SELENBP1,-1
WEE2,-1
FFAR4,-1
TAF4,-1
SLC12A4,-1
CLEC12A,-1
HTR2A,-1
OR10A6,-1
SCAF1,-1
ZNF223,0
MAP3K5,-1
ENO1,-1
MYO18B,-1
PIGO,-1
PLRG1,-1
ITGAE,-1
ACE2,-1
ROBO4,-1
TTC30A,0
AADAT,-1
HMX3,-1
P2RY4,-1
TYK2,-1
SLC2A9,-1
OPTC,-1
ZC3H15,0
ATP6AP2,-1
TRIB3,-1
DPPA2,-1
LONRF2,-1
KANSL3,-1
MYOC,-1
KIAA0226,-1
OSMR,-1
MYB,1
PSMD12,-1
PRCP,-1
HADH,0
PARD3,-1
ZNFX1,-1
EIF2B2,-1
ZNF71,-1
ITGA2,-1
ST3GAL2,0
ANO5,-1
PAX4,-1
ADORA1,-1
USP5,-1
ZBTB39,0
OR11L1,-1
SLC6A17,-1
JADE2,0
RMND1,-1
ASB5,-1
ZNF699,-1
SLC30A9,-1
FANCI,-1
ZFHX3,1
ATF6,-1
SLC44A1,-1
WIPF1,-1
ABCA10,-1
CHGB,-1
ZNF254,-1
ELAVL2,-1
KDM3A,-1
EIF3A,-1
SRSF2,1
NDUFS1,-1
IDH3B,-1
ZCRB1,-1
LAMB3,-1
LCA5,-1
SPAG8,-1
RAB4B,-1
ZIC4,-1
INO80C,0
DHX35,0
IKZF5,0
ZNF454,0
THAP3,-1
CELA2A,-1
TRPV2,-1
CAPN5,-1
KCNH8,-1
UTP20,-1
TRMU,-1
SNAI2,-1
GGT7,-1
UBE2D2,-1
EBF4,-1
POLL,-1
KIF27,-1
CENPT,-1
FOXO1,1
MS4A7,-1
BBS2,-1
AQP3,-1
ZNF274,-1
ZNF285,-1
DNAJC3,-1
LRP4,-1
DNAH11,-1
CHUK,-1
FPR1,-1
HEPH,-1
FOXG1,-1
BGN,-1
SENP1,-1
PSD2,-1
ZNF853,-1
COPB2,-1
NUP188,-1
MYNN,-1
CARD9,-1
TBC1D9B,-1
TUBA1C,0
OR5K3,-1
SPAG9,-1
E2F2,-1
NDUFV3,-1
FERMT3,-1
BPTF,-1
LIMCH1,-1
APEX2,-1
ST3GAL1,0
EXOC7,0
TGM3,-1
OR5D18,-1
AKR1C4,-1
RAB39A,-1
METAP2,-1
CHRM4,-1
PPP1R9A,-1
VPS13B,-1
OR10W1,-1
FOXD4,-1
GABRG3,-1
ULK2,-1
STK31,-1
PWWP2B,-1
CEP72,-1
PTPN4,-1
PIP5KL1,-1
DDX24,-1
ZNF667,-1
UROD,-1
RND2,-1
SENP7,-1
E2F3,-1
MRPL50,-1
ATIC,-1
PCM1,-1
SIRT3,-1
TAS2R46,-1
NMB,-1
TBPL1,0
CD200R1,-1
DSG1,-1
FAT4,1
NRIP1,-1
ZNF195,-1
IGHV3-64,-1
CYP2D6,-1
NCSTN,-1
TRAV12-1,-1
OR5I1,-1
TAAR8,-1
IGHM,-1
TLE2,-1
NME8,-1
UGT2B15,-1
SLC13A1,-1
EHD1,-1
CTTNBP2NL,-1
HNF4G,-1
LHCGR,-1
CREBRF,-1
NOL9,0
PTPRB,1
PLEKHH3,0
PDCD10,-1
PIWIL3,-1
ABCA6,-1
SLC11A1,-1
ZNF79,-1
NDUFA13,-1
POLQ,1
CATSPER3,-1
NEFH,-1
CERS4,-1
TPH1,-1
KLF12,-1
CSNK2A3,-1
OR2K2,-1
KIF17,-1
ZNF155,-1
ATP6V0A2,-1
GRIA2,-1
SLC16A4,-1
SYT17,0
GTF3C1,-1
UCP3,-1
TBX15,-1
BPIFA1,-1
MSTO1,-1
SRMS,-1
FRAS1,-1
TBC1D4,-1
LIG4,-1
TRAPPC9,-1
UBE2K,0
PRPF18,-1
ART1,-1
PRTFDC1,-1
AFF1,-1
ZNF429,1
RGS11,0
HYOU1,-1
LIPT2,-1
EIF2B5,-1
CELA3A,-1
RERG,-1
PLS3,-1
HIPK3,-1
KLHL6,-1
TMPRSS5,-1
MGAT3,-1
ARHGAP31,-1
LAMA4,-1
OR5T1,-1
ACOX2,-1
ZNF135,-1
PIGB,-1
PDE6A,-1
PSMA5,-1
UGGT1,-1
OASL,-1
ACADVL,-1
VMP1,-1
IQCE,-1
HIP1,1
VAC14,-1
KLB,-1
PIK3R3,-1
RPS19,-1
FXR2,-1
FADD,-1
OR5AS1,-1
DRD3,-1
GPR50,-1
KIF1A,-1
ZNF658,-1
MAP2K5,-1
TF,-1
PCDHA3,-1
RAD54B,-1
ZNF169,-1
SLITRK5,-1
QSOX1,-1
HBD,-1
MMP26,-1
DOCK2,-1
ITGB1BP2,-1
JAK2,1
MAP9,0
RFX5,-1
ARHGEF26,-1
OXSR1,-1
CD101,0
FMR1,-1
MTNR1B,-1
PSMC3,-1
TAL2,1
MTMR1,-1
RIMKLB,-1
POLA2,0
ADAM20,-1
ASB12,-1
COG6,-1
MYH1,-1
ATP9B,-1
HEATR1,0
OR8K5,-1
BCAM,0
EFR3B,-1
OR4A47,-1
KDM5B,-1
PDPR,-1
RMND5A,-1
CHST6,-1
TLR4,-1
ZNF569,-1
OR8H2,-1
PCDH12,-1
ZNF521,1
HBB,-1
ZKSCAN8,0
TRMT112,0
NEIL2,-1
HLA-DQB2,-1
GPR174,-1
BCR,-1
LLGL1,-1
SLA,-1
ACAA2,-1
OR8S1,-1
SPOCK3,-1
STXBP5,-1
FBXL12,-1
F13B,-1
NLRP2,0
CPA3,-1
POP1,-1
MMP16,-1
CAMTA2,-1
CHL1,-1
WNK1,-1
PSMD1,-1
FBXL20,-1
CC2D1B,0
CWC27,-1
PHF13,0
SOX17,-1
LRPPRC,-1
TCN2,-1
CDKL3,-1
DAGLA,-1
RARB,-1
HLA-C,-1
FAM131B,-1
CELSR1,-1
SGK1,1
ELMO2,-1
ING4,-1
ZFP69B,0
CTGF,-1
SIRT1,-1
WDR81,-1
DYSF,-1
GPN1,0
AGPS,-1
ZNF669,0
HDGF,-1
AK8,-1
GRIN2B,-1
KRT33B,-1
KIF21B,-1
NGFR,-1
OR5M9,-1
TNFRSF19,0
SLC25A33,-1
ERC1,-1
ROS1,1
GFM1,-1
SUMO4,-1
FGD6,-1
DGUOK,-1
ANAPC2,-1
KLK5,-1
SFI1,-1
VAPB,-1
KDM7A,-1
DGKI,-1
ZNF543,-1
PDE1B,0
PTPRG,-1
PIAS4,-1
USP28,-1
PLCH1,-1
NDST3,-1
CHD1,-1
GPR55,-1
TAF6L,0
SLIT1,-1
TAAR5,-1
APOBEC3H,-1
GMPS,-1
NEK3,-1
SERPINF1,-1
TUBA3C,-1
CDK19,-1
MAN1A1,-1
RUNX1T1,1
GNAS,1
PSME3,-1
SNTB1,0
SMO,1
SLC38A8,-1
PAFAH1B3,-1
KIF4B,-1
BTN3A2,-1
RFPL3,-1
TGFBR3,-1
PRKD3,0
F2,-1
TMED3,0
MAP4K5,-1
FGF14,-1
CC2D2A,-1
ZSCAN5A,0
SLC6A13,-1
SLC6A12,-1
CPNE4,-1
TRAV29DV5,-1
AMY2A,-1
PTBP1,-1
VCP,-1
TRPA1,-1
MYLK2,-1
ENAH,-1
ZNF606,-1
CNGB1,-1
NELL2,-1
OR2W3,-1
FBXW12,-1
CDKN2D,-1
KCNN3,-1
ZFP30,-1
IGKV1D-17,-1
RIPK4,-1
IGHV1-69,-1
FAM220A,-1
STK32B,-1
PER1,1
ALPK3,-1
DRD2,-1
RBP4,-1
OR52B2,-1
BANP,-1
CGNL1,-1
CD84,-1
CENPO,-1
IL12RB2,-1
ASIC1,0
GHR,-1
MRPS12,-1
RAB36,-1
CBL,1
AFF3,1
OR5M1,-1
IGKV3D-15,-1
ALDOC,-1
B3GAT1,-1
FBXL6,-1
RASGEF1A,-1
GABRA3,-1
MRPS34,-1
CR1,-1
RAB11FIP1,-1
OR52K1,-1
NBAS,-1
MYO1B,-1
EXOC2,-1
DTNA,-1
HPX,-1
PIGK,-1
TPX2,-1
RTN4R,-1
BAG6,-1
TBX2,-1
SARM1,0
PDPN,-1
PRDM4,-1
HSPBP1,-1
CYFIP2,-1
ZNF688,-1
RAP1GAP2,0
PRDM1,1
CCDC22,-1
MYO5A,-1
SLC4A7,-1
KRT18,-1
CRHR1,-1
UNC79,-1
OR56A3,-1
NID2,-1
TRIM4,0
TRAV8-4,-1
TBC1D14,-1
ARHGAP15,-1
TAF1L,-1
ZFP91,-1
KDM1A,-1
NFATC4,-1
CNEP1R1,-1
KCNMB2,-1
ZNF618,-1
OR52E6,-1
SCN4A,-1
PLXNA1,-1
IPO11,-1
GBP5,-1
REN,-1
TCEANC2,0
PTCH2,-1
TRIM31,-1
CAMK1G,-1
ADRM1,-1
CHRNG,-1
KCTD21,0
ADSL,-1
GRAMD1B,-1
ATN1,-1
ZNF460,0
MSI1,-1
KLHL10,-1
NPHS2,0
USP4,-1
ADAMTS5,-1
POLE,1
UFC1,-1
OAS2,-1
SEMA5A,-1
RALGAPB,0
NPHP3,-1
CDK12,1
DDX54,-1
POMGNT1,-1
FBXO45,-1
FZD2,-1
ALB,-1
NOC4L,-1
SHANK2,-1
N4BP1,-1
MT1M,0
KRT35,-1
LITAF,-1
ARFGEF2,-1
RGS8,0
CDHR1,-1
BANK1,-1
DRP2,-1
TAF7,-1
KMT2A,1
LARP1,-1
ROR2,-1
STX10,-1
NUCB2,-1
ZNF831,-1
ITPR3,-1
IL1RN,-1
HK3,-1
SPAST,-1
NPTN,-1
CELF1,-1
AP5M1,-1
ZNF585B,0
DNAH2,-1
TRAPPC8,-1
ROM1,-1
SART3,-1
ATP1A3,-1
PDGFC,-1
MRPL39,-1
SLC1A6,-1
REPIN1,0
PANK3,-1
OR11H1,-1
POU6F2,-1
OPN4,-1
CXCR2,-1
PLXND1,-1
MUC20,-1
PLIN3,-1
PCDHGA10,-1
ARC,-1
PHC1,-1
KATNAL2,-1
EAF2,-1
ZNF77,-1
PHKG1,-1
SSX5,-1
POLR1B,-1
ARHGEF18,-1
PGM5,-1
PAPOLB,-1
MME,-1
NOXRED1,-1
CDC42BPA,-1
SH3GL3,-1
WDFY4,-1
ZNF676,0
CHD8,-1
KDM2A,-1
ZDHHC13,-1
SNRNP48,0
RAVER1,-1
HLX,0
ZNF780B,-1
CAMKV,-1
PARD3B,0
MASTL,-1
STAB2,0
SORCS1,-1
ARHGAP26,1
RABGEF1,-1
ZSCAN29,0
CSTF2,0
IRAK4,-1
ATF7,-1
SEMA4C,-1
MCFD2,-1
CDH26,-1
PPP1R1A,-1
ARID3B,-1
SRM,-1
CTSL,-1
TSHZ3,-1
CD1D,-1
APBB1IP,0
SLC7A3,-1
GTF2IRD1,-1
DTNBP1,-1
PABPN1,-1
MRPS22,-1
WDR5B,-1
NAALAD2,-1
NLGN1,-1
GPCPD1,-1
CCR2,-1
TTLL7,0
MLLT6,-1
VWF,-1
PAK6,-1
ITGA10,-1
DNAJC7,0
GMEB1,-1
ANKRD2,-1
KIF18A,-1
B4GALNT1,-1
SMAD9,0
RNF220,-1
SPTLC2,-1
CTNNAL1,-1
C8A,-1
OR52J3,-1
DPH2,-1
PSMG2,-1
TFDP2,-1
SMG6,-1
TBC1D25,-1
USP39,-1
PSD3,-1
MED13,-1
ZNF613,0
COG5,-1
RPL11,-1
RFX3,-1
HPS3,-1
SEMA4D,-1
ZNF287,-1
FBXL19,-1
FARP2,-1
TNNT2,-1
IGHG4,-1
KPNA2,-1
CEP70,-1
COL15A1,-1
DSG3,-1
GALNT2,-1
KCNJ13,-1
MTHFD1,-1
IREB2,-1
NDUFC2,-1
HGS,-1
PEPD,-1
TULP3,-1
ESR1,1
SH3BP4,-1
ABCD4,-1
HSD17B4,-1
LAMA5,-1
BBS12,-1
SLCO1C1,-1
TRAF3,-1
GABRB3,-1
MTMR10,-1
BRD8,-1
GZMA,-1
SLITRK6,-1
EIF6,-1
USP2,0
MTF2,-1
TCN1,-1
FLNB,-1
PDP1,-1
HPS5,-1
ADAM10,-1
ANKRA2,-1
UBE4B,-1
HEMGN,-1
PKIA,-1
PATL2,-1
DDX19A,0
GPR45,-1
DPRX,-1
MAOB,-1
ZBTB4,-1
HMGN4,0
DUOX2,-1
EEF1G,-1
ZNF598,-1
SYDE1,-1
RASSF4,-1
MAPT,-1
SRP54,-1
COL6A6,-1
SLC25A22,-1
JAK1,1
LARP7,-1
ATP13A2,-1
SLC4A3,0
DHX40,-1
DFFA,-1
ADRA2B,-1
PPL,-1
SERTAD3,-1
POU3F3,-1
CYP2B6,-1
GDF11,-1
ARFGEF1,-1
WWP1,-1
PCYT1B,-1
GAS7,-1
ANK3,-1
BAG2,-1
DLX5,-1
STAG3,-1
SNCAIP,-1
BRINP2,0
PTPRO,-1
F7,-1
ATCAY,-1
PDCD4,-1
SLC13A4,-1
ZNF716,0
KANSL1,-1
FRMD4B,-1
HNRNPLL,-1
SPTBN4,-1
FBN2,-1
CDH2,-1
CCL22,-1
PLAU,-1
GLI3,-1
ING2,-1
GDF6,-1
ACYP1,-1
SLIT2,-1
YWHAB,-1
RCN1,-1
DCK,-1
SAE1,-1
COL28A1,-1
CD34,-1
CIC,1
BCL2A1,-1
PPARGC1A,-1
PER3,-1
GSDMA,-1
KRT85,-1
OR10K1,-1
KRT19,-1
MYCL,1
STAU2,-1
MAP3K9,-1
SALL3,-1
REC8,0
BBX,0
OR6P1,-1
FSTL3,1
PCDHAC2,-1
OR2T10,-1
HIVEP1,-1
RNF213,-1
PPFIA3,-1
IGHV1-3,-1
ARHGAP36,-1
DHRS4,-1
ZNF671,0
MAPK6,0
TAGLN3,-1
LRRC14,-1
SLC7A13,-1
ABCG8,-1
MKKS,-1
KLHL22,-1
PCDHA11,-1
PPA2,-1
FSD1,-1
OR2F2,0
NLRX1,-1
ULK1,-1
PRF1,1
STX18,0
SMC1B,-1
RPS6KA5,-1
TUBB6,-1
GPR20,-1
ZWILCH,-1
EFHD1,-1
NOS2,-1
FGA,-1
RSPO2,1
OR6N2,-1
TJP1,-1
PSKH2,-1
ZFAT,0
CACNA1I,-1
GUCY2D,-1
HIF1A,1
FREM1,-1
RAC1,1
NPR1,-1
PRRC2B,-1
MYOM2,-1
PKP2,-1
ZNF75D,-1
OR6B2,-1
HPS1,-1
STAT6,1
CHRM3,-1
PGLYRP3,0
CRY2,-1
MAP3K10,-1
ACTN2,-1
IGSF6,-1
MAPK10,-1
NLRP5,-1
AOX1,-1
ALDH3B1,-1
CDCA7,-1
SEMG2,-1
IKBKB,1
NEK7,-1
ANTXR1,-1
ACSL5,-1
FGF23,-1
MDH2,-1
FEM1B,-1
ASAP2,0
ZNF493,0
NOB1,0
EPHB6,-1
RECQL4,1
DNTTIP1,-1
SNX5,-1
LIPE,-1
POU5F1B,-1
COL7A1,-1
MYLK3,-1
OR8B4,-1
ATXN2,-1
GLRB,-1
ACOT11,-1
SPSB3,-1
CNOT6L,-1
R3HDML,0
HELZ2,-1
NKX2-4,-1
FEM1C,0
KITLG,-1
KRTAP5-9,-1
CD74,1
IL3,-1
APOL3,-1
MIA2,-1
MAP1A,-1
SDHD,1
PSD4,-1
TTK,-1
GRM7,-1
PTPN9,-1
ZNF485,0
STARD3,-1
DSC3,-1
PATL1,-1
TMED9,0
RORB,-1
MTNR1A,-1
VPS37D,-1
RB1CC1,-1
ZBTB14,0
TAS2R50,-1
MGRN1,-1
ZBTB7A,-1
SPATA7,-1
ADAM12,-1
COL16A1,-1
PRDX4,-1
RANBP6,-1
MRPS33,-1
RNF31,-1
MMP15,-1
PRPS2,-1
ZNF501,0
PRDX2,-1
R3HDM2,0
NACC1,-1
ATG5,-1
DGKB,-1
HTR2C,-1
KLHL2,-1
TRPM7,-1
ZNF836,-1
TGOLN2,-1
RPRD1A,-1
HCFC2,-1
LPCAT3,-1
GP5,-1
BMP7,-1
NUP210,-1
OR10H3,0
GRIA3,-1
MFAP5,-1
RARS2,-1
IQGAP3,0
DSE,-1
TSPAN17,0
RCHY1,-1
ZNF225,0
MAGI2,-1
LRRC8A,-1
DMRT2,-1
IGLV3-21,-1
ABCF2,-1
ZNF112,-1
AMELX,-1
PSMD11,-1
GLP1R,-1
ZNF829,0
TBC1D16,-1
CHORDC1,-1
CCDC91,-1
LIMK2,-1
NFE2L1,-1
PTPN1,-1
TAS2R3,-1
RAPGEF4,0
PMP22,-1
OTOGL,-1
ZNF679,0
CTNNBL1,-1
MCMDC2,-1
NOP10,0
ITGA7,-1
PMS1,1
EPB41,-1
HIPK1,0
COMMD2,-1
SPTBN5,-1
ACADL,-1
ZNF470,-1
NPTX1,-1
RNF111,-1
KREMEN1,-1
PBX3,-1
RHOA,1
BBS9,0
HS3ST6,-1
CLCA4,-1
GML,-1
USP18,-1
MAN1C1,-1
NEUROG1,-1
PSG8,-1
PROKR2,-1
TEP1,-1
RTF1,-1
APLP1,-1
HNRNPR,0
DAPK1,-1
SCAMP4,-1
SMARCAD1,-1
CSF2RB,-1
DENND2A,-1
OR10Z1,-1
MYH6,-1
LAMA3,-1
CLDN8,-1
ADNP2,-1
CLVS2,-1
NLRC4,-1
ZNF582,-1
HYDIN,-1
CYP4F2,-1
ALK,1
CYLC2,-1
ZNF572,-1
SENP2,-1
BCKDHB,-1
BBS4,-1
ZNF587,0
WRN,1
ADCY6,-1
PRDM16,1
EIF4A2,-1
AKAP4,-1
E2F7,-1
BCCIP,-1
TRIM62,-1
OR4C12,-1
C3,-1
NFKBIZ,-1
FBXL18,-1
NCAPH2,-1
GUCY2C,-1
TSNAXIP1,-1
KAT6A,1
MDH1,-1
NPFFR2,0
SCCPDH,0
PCBP3,-1
TDRD12,-1
SEC62,-1
NOS1,-1
ZNF451,-1
NAE1,-1
ZNF486,-1
PSG4,-1
IKZF4,-1
ZAP70,-1
NR0B1,-1
KRAS,1
BCL7B,-1
ACAA1,-1
ACE,-1
ZSCAN20,-1
BCHE,-1
KCNC4,-1
OR13C4,-1
GANAB,-1
CCL8,-1
ATP2B4,-1
REG3A,0
CLEC6A,-1
MSC,-1
SFRP4,1
EN1,-1
APAF1,-1
USP9X,-1
MSH3,-1
ADAM2,-1
HOOK1,-1
PDZD3,-1
CCT7,-1
MFN1,0
PARP4,-1
OTOG,-1
SMG8,-1
KIDINS220,-1
GSDMD,-1
SIGLEC6,-1
POLD1,1
SGCG,-1
NEGR1,-1
TPCN1,-1
DROSHA,1
RBM42,-1
NLGN4X,0
PPARG,1
MCIDAS,0
RPIA,-1
SMC2,-1
WDR91,-1
LONP2,-1
TBC1D10B,-1
PCDHA13,-1
NPS,-1
HMGCS2,-1
ZNF385A,-1
NCAPD3,-1
MYBPC2,-1
IL2RG,-1
PRKAB1,-1
DPP10,-1
GSTT1,-1
MLF2,-1
TNNI3,-1
FADS3,-1
SLC46A1,-1
RFX6,-1
FOXJ2,0
SYT3,-1
MAGEA4,-1
PDLIM3,0
ZNF229,-1
KCNN4,-1
MYO1H,-1
NOTCH3,-1
FOXN1,-1
GPC5,1
HERC6,0
OR10H4,-1
FCN1,-1
IFT80,-1
ZNF549,0
FLOT2,-1
STK35,-1
POLR3A,-1
MAML3,-1
BRD2,-1
FZD6,-1
MOV10L1,-1
ITPR2,-1
CER1,-1
GRIA1,-1
ZGPAT,0
NBN,1
AGAP2,-1
KLHL24,-1
PLCB2,-1
GPR150,-1
DAXX,1
WNT9A,-1
AGO4,-1
GNA15,-1
CHN1,-1
PER2,-1
SF3A1,-1
HERC2,-1
NOX3,-1
OSBPL9,-1
OR14J1,-1
BMP2,-1
ZNF222,-1
GAB1,-1
DDX60L,-1
RGS4,-1
PPIB,-1
NAA11,0
CCR10,-1
CNTN2,-1
VPS45,-1
CYP2A13,-1
OR10H1,-1
CRX,-1
LGR5,-1
ECE1,-1
AHCYL1,-1
PRSS58,-1
PABPC5,-1
PDLIM5,0
MAPK1,1
FCHSD1,-1
ZNF251,0
RAP1A,-1
TSLP,-1
SF3A3,-1
FRMD6,-1
DNM3,-1
ZNF217,-1
SLC6A9,-1
NOP16,0
BARHL1,-1
GOLGA2,-1
LRRCC1,-1
MYH15,-1
MLN,-1
TGFB3,-1
KCNQ4,-1
KCNK4,-1
FERMT1,-1
RNPS1,-1
CSGALNACT2,-1
ANO6,-1
POM121,-1
JPH1,-1
CENPN,-1
PDE4D,-1
IGKV1-6,-1
GLB1L2,0
ZNF608,-1
ARHGEF5,-1
HTT,-1
CTNNA1,-1
OTC,-1
RAB11FIP3,-1
MAL,-1
CD244,-1
RFC5,-1
CDH4,-1
PPP1R12B,-1
PLA2G7,-1
RBM5,0
CEP170,-1
DDX50,-1
PROS1,-1
TP53,1
ERCC1,-1
CNTNAP2,-1
CD1E,-1
ZNF707,0
KALRN,-1
SLC25A46,-1
CPSF3,0
CCNA1,-1
TECPR1,-1
BTBD2,0
ZNF280D,0
YY1AP1,-1
CYP11B2,-1
RTN2,-1
CCT8L2,-1
PACS1,-1
RFC3,-1
OR56B1,-1
PDE3A,-1
SLCO3A1,-1
SELP,-1
PTPN18,-1
ADTRP,0
KRT26,-1
RC3H2,-1
SCG2,-1
AOC3,-1
PCDHB1,-1
PLA2G4E,-1
SKIL,-1
IGHV1-24,-1
PTPRA,-1
RGR,-1
PPP1R3A,-1
WASF3,-1
CCT8,-1
IFNA16,-1
MICA,-1
EID2,-1
MATN2,-1
STRADA,-1
HOMER1,-1
WWC3,-1
MCM5,-1
PLCD1,-1
ANGPT4,-1
RASGRF2,-1
ST13,-1
LMBR1L,-1
DCSTAMP,-1
PCDH18,-1
UGT8,-1
CCDC40,-1
MYO1F,-1
WNT5B,-1
XYLB,-1
RDH10,-1
DIDO1,0
CACNA1E,-1
ALDH6A1,-1
ASB6,-1
ZNF90,-1
ANXA5,-1
CNOT2,-1
KPNA3,-1
LYPD8,-1
TAS2R7,0
SGSM2,-1
FSHR,-1
HK2,-1
PIP,-1
SNRPD2,-1
EXT2,1
SPATA2L,-1
CDK13,-1
ACOX1,-1
BUD13,0
MFAP1,-1
CSF3R,1
AGAP6,-1
DYRK4,-1
EIF3K,-1
ADAMTS8,-1
ZNF561,0
YWHAZ,-1
ASXL1,1
PIK3C2B,-1
RYR2,-1
AKAP8,-1
MTA1,-1
NFKB2,1
IL1F10,-1
PEX5L,-1
PTPRZ1,-1
MAN2C1,-1
TEKT1,-1
COQ4,-1
PPP2R3A,0
SCYL1,-1
ODF1,-1
NFIX,-1
NEDD8,-1
UNKL,-1
HSPB8,-1
FUBP3,-1
EPOR,-1
DENND6A,-1
FANCF,1
DSEL,-1
GTF2F1,-1
COL5A3,-1
PCDHA4,-1
ZNF546,-1
CACNA1G,-1
AICDA,-1
CHRNA3,-1
SPATA5L1,0
NUMA1,-1
ZNF791,0
CNOT1,-1
SRPK3,-1
ATP1A2,-1
GABBR1,-1
GGA1,-1
OR12D3,-1
PIWIL1,-1
PDE4B,-1
TXNRD2,-1
LYZ,-1
ACTG1,-1
WDR19,-1
ZXDB,-1
PHLPP1,-1
BASP1,-1
OR10J3,-1
CEP63,-1
GOLPH3L,-1
AKT3,1
ADAMTS7,-1
ATP10B,-1
ASL,-1
GBE1,-1
ZNF419,-1
RAD18,-1
UGT3A1,-1
COLGALT2,-1
CHMP6,-1
ZNF823,-1
OR56A1,-1
RPTOR,-1
PDE11A,-1
DNMT3L,-1
HOXA3,-1
ABCC8,-1
NOP58,-1
PCDHAC1,-1
CAPN14,-1
TTYH3,0
PCCA,-1
KCNC3,-1
COPB1,-1
NTN3,-1
ZNF557,0
KCNG1,-1
CHPF,-1
PFKFB3,-1
ELAVL1,-1
PSG1,-1
SMURF2,-1
KLK15,-1
TRMT10C,-1
SCAF11,-1
ZEB1,1
PDHA2,-1
TNFRSF18,-1
SOX6,-1
ABCA3,-1
CSNK1A1,-1
NXF3,-1
CCNC,1
GUCA1B,-1
LMBRD1,-1
HSP90AB1,-1
PNISR,-1
SERPINA6,0
CACYBP,0
PEX11B,-1
NIN,-1
OR2A7,-1
LILRB5,-1
CDHR2,-1
MAP2K4,1
JPH4,0
HDAC6,-1
BZW1,0
MAT2B,0
SNF8,-1
FAM120B,-1
DERL2,-1
CCDC13,-1
SUGP2,-1
MTSS1,-1
CLIC5,-1
PLEK,-1
THBD,-1
TDP1,-1
APOBEC1,-1
AKIRIN2,-1
ARHGAP33,-1
NLN,-1
TUBB2B,-1
PCDHB6,-1
RNPC3,-1
KCNK1,-1
TOMM40,-1
HBS1L,-1
ELP4,-1
ZNF140,-1
LEUTX,0
ESRP1,-1
WDR41,-1
PSME4,-1
NDFIP2,-1
GLMN,0
PJA2,0
RAP1GDS1,1
CXXC4,-1
HS3ST3A1,-1
ALDH1A2,-1
UBR3,-1
ZNF581,0
SRSF12,0
LRFN2,-1
ATP11C,-1
USP42,-1
DCP1A,-1
CDH3,-1
ODF2,-1
CAPN6,-1
RRBP1,-1
NASP,-1
TAF5,-1
EXOSC2,-1
SMAD3,1
ZNF350,-1
PTPN23,-1
APOBR,-1
FUT9,-1
ZNF311,0
DNAH9,-1
CPEB4,-1
CNTN3,-1
IFNA10,-1
TSC22D2,-1
RCVRN,-1
RAPSN,-1
TNFAIP8L2,-1
IGF1,-1
STK36,-1
MMP17,-1
NEK11,-1
CDCA8,-1
C1S,-1
ANO7,-1
GAL3ST4,-1
FLI1,1
NEK1,-1
DBNL,-1
TSPYL5,-1
DOCK4,-1
ASXL3,-1
SLCO1B3,-1
DCAF16,0
SMARCA5,-1
TXNRD1,-1
TRAV20,-1
IL13,-1
TANK,-1
ST8SIA2,0
CENPL,-1
UBAP2L,-1
NLE1,0
RECQL,-1
SALL1,-1
GRIK2,-1
IQSEC1,-1
EPHX2,-1
VDR,-1
MYO5C,-1
ZNF276,0
BMPER,-1
PPM1A,-1
PPP1R7,-1
CHTF8,-1
ASB15,-1
STK32A,-1
VCL,-1
ZNF778,-1
POT1,1
BAIAP2,-1
CACNA1S,-1
TGM5,-1
ENPP1,-1
DDR2,1
EFNB2,-1
VAPA,-1
PLA2G4F,0
SLITRK2,-1
ZNF517,0
CSNK2A2,-1
PREPL,-1
MYRF,-1
IRX6,-1
PLCG2,-1
TUBGCP3,-1
PAX6,-1
IFT81,-1
FBXO43,-1
WDR6,-1
CYFIP1,-1
SIRT6,-1
ZNF397,-1
NCAN,0
INTS8,-1
ZNF345,0
IL17F,-1
CACNA1B,-1
CSTF1,-1
POC1B,-1
COMP,-1
PIK3CB,1
FHOD3,-1
MEFV,-1
MED16,-1
MYT1L,-1
NUP153,-1
GAD2,-1
XYLT1,-1
ATR,1
GP6,-1
ANAPC4,-1
IGLV3-1,-1
NOL8,-1
CAMKK2,-1
MNAT1,-1
GNRH1,-1
CBX6,-1
SLCO6A1,-1
TSSK2,-1
PRSS21,-1
ZNF133,-1
OR52N1,-1
DSG4,-1
PRKAR2B,-1
RNF216,-1
KBTBD7,-1
RCOR3,0
EVI5,-1
SCN2B,-1
ZNF98,-1
PSMC1,-1
SLC37A2,-1
SCIN,-1
DCTN2,-1
TNKS2,0
HNRNPCL1,0
SEC13,0
VGLL2,-1
UBAP1,-1
TSHZ2,-1
RRP12,-1
OR2L8,-1
FOXD4L6,0
STXBP5L,-1
SYCE3,-1
ZNF560,-1
ZNF644,-1
TNFSF10,-1
IL1R1,-1
TNFRSF1B,-1
TRIP4,-1
HSF4,-1
CNOT3,1
MAP3K6,-1
GNL3L,-1
GCC2,-1
HNRNPD,0
FOXO3,1
GRIK5,-1
NSA2,0
WFDC8,-1
POLD2,-1
DNAH7,-1
MED13L,-1
PWP1,0
SLC25A5,-1
ARHGEF9,-1
RANBP17,-1
NEDD9,-1
ITGB6,-1
TCOF1,-1
GDNF,-1
TDRD3,-1
NCF1,-1
RPLP1,-1
RIOK3,-1
SOX13,-1
AMT,-1
DCX,-1
OR2B2,-1
OR5B2,-1
CUBN,-1
KAT8,-1
ATF7IP,-1
COL18A1,-1
FOXRED2,-1
SCUBE2,-1
BMPR2,-1
OR8G5,-1
PARP1,-1
KCND3,-1
IRS1,-1
MIER1,0
KIF5C,-1
SLC2A1,-1
OR51I1,-1
CDH9,-1
STAG2,1
IL17RE,-1
RNF217,-1
ADAMTS3,-1
BCL9L,1
OR5D14,-1
SLC14A1,-1
CASP1,-1
DHX15,-1
TBXA2R,-1
ERG,1
PDE4C,-1
PLCD4,0
BMPR1B,-1
ACTL9,-1
CACNA2D1,-1
CDH8,-1
NLRP4,-1
ZNF837,0
AK3,-1
ADAR,-1
DTL,-1
KLRK1,-1
HLA-B,-1
LBX1,-1
SCUBE3,-1
ZNF680,-1
IFT20,-1
TBX19,-1
RASAL3,-1
NRXN3,-1
PCDH9,-1
SCAP,-1
IBTK,-1
CASP12,-1
ADCK1,-1
YTHDF1,-1
NOTCH2,1
EPB41L2,-1
LRRC8C,-1
UTP14C,0
ZC3H12C,-1
SKOR1,-1
PCDHGA4,-1
PHGDH,-1
ADAMTS17,-1
GABRA4,-1
SNX21,0
EVC2,-1
AXIN1,1
FUT6,-1
CSF1R,1
RALGAPA2,0
RPRD2,-1
EPHA2,-1
EFR3A,-1
MET,1
NAP1L4,-1
DUS2,0
SEC24C,-1
BIRC6,1
TRGC2,-1
LRIF1,-1
RHCG,-1
PSMD3,-1
DOCK8,-1
CLP1,-1
LAMB2,-1
WDR3,-1
TNFRSF25,-1
ASNS,-1
EVA1A,0
PPP1R12A,-1
ELOVL1,-1
PCDHGB7,-1
IKZF2,-1
PPFIA2,-1
KCNF1,-1
MAU2,-1
GLCE,-1
GAD1,-1
KRT72,-1
MYBPC1,-1
LIPN,-1
ZNF469,-1
HTRA4,-1
FUT8,-1
TYRO3,-1
SLAMF1,-1
CSRNP2,0
EEFSEC,-1
NEK4,-1
ZNF425,-1
ERCC2,1
HBA2,-1
EPS15,1
BHMT,-1
VRK2,-1
EPHA3,1
CBLN1,0
CELF2,-1
GRIA4,-1
SNTG1,-1
CHST5,-1
STAMBP,-1
BIRC8,0
FRS3,0
ZNF43,-1
ZIC5,-1
IL1RL1,-1
ACACB,-1
HHIP,-1
LUM,-1
MAP3K12,-1
ZNF410,0
TBL1XR1,1
NUP98,1
ELP2,-1
CYB5R1,0
PPP1R17,0
BAZ2B,-1
TNKS,-1
SLC24A1,-1
TMUB2,0
SHMT2,-1
INTS4,-1
TMEM67,-1
ARID5A,-1
ZNF292,-1
MATN4,-1
HRNR,-1
PON3,-1
SMARCC2,-1
SLC6A20,-1
RPGRIP1L,-1
NUP43,-1
CARD8,-1
MXD1,0
MLF1,1
OR1J2,-1
NTSR1,-1
MAP3K11,-1
TNR,-1
VCAM1,-1
APOB,-1
MAP3K15,-1
PINK1,-1
APPBP2,-1
ETFDH,-1
SENP8,-1
PKP1,-1
RNF123,-1
PAQR3,-1
RASIP1,-1
CCNT2,-1
KRT9,-1
LAMP3,0
SHROOM2,-1
SLTM,0
HTR3D,-1
HIF3A,-1
UGT1A4,-1
ZNF479,1
ASCC1,-1
ATP2B3,1
EDNRB,-1
TAP2,-1
VN1R2,-1
CDH23,-1
ZNF117,-1
CP,-1
GNPAT,-1
TBC1D8,-1
HUNK,-1
IL13RA2,-1
MACF1,-1
SLC4A9,-1
POLDIP3,-1
ME1,-1
PIK3C2G,-1
TAF3,-1
IGHV3-53,-1
ACVR1B,1
RPUSD2,-1
SLC7A7,-1
KCNQ2,-1
LLGL2,0
EEF1A2,-1
ANGPTL3,-1
SLC26A8,-1
CCZ1,0
B4GALT4,-1
XRN2,-1
ETV5,1
CDKL2,-1
TLR1,-1
ZNF763,0
ADAMTS16,-1
DHPS,-1
PERP,-1
MUC2,-1
NOX1,-1
NEDD4,-1
CCR9,-1
ATXN1L,-1
PLCZ1,-1
ENGASE,0
RGS22,-1
TACC3,-1
FKBP10,-1
CDHR3,-1
RELB,-1
LIFR,-1
RTEL1,-1
CRTC1,1
ACOT1,-1
DYNC1I2,-1
MEPCE,-1
PDSS1,-1
LIMD1,-1
MYL4,-1
GNG8,0
GNAI3,-1
UGT1A5,-1
FHL5,-1
OLFM4,-1
MBNL1,-1
LAS1L,-1
CDC14B,-1
ASCC3,-1
MYH13,-1
ZC3H4,-1
MAP2K1,1
ZNF443,0
DPYSL4,-1
B4GALT3,-1
MRPL15,-1
SFXN2,-1
PTK2B,-1
FCRL6,-1
CD6,-1
LGI4,-1
ADAM32,0
CGN,0
PYGM,-1
TELO2,-1
ANGPTL6,-1
REV3L,-1
CACNA1C,-1
NGEF,-1
ADAMTSL4,-1
PDE2A,-1
GPT2,-1
TBC1D1,-1
ALAS2,-1
NME5,-1
DPP4,-1
HSPG2,-1
PACRG,-1
ARID4B,-1
HAS3,-1
OR7G2,-1
EID3,-1
ZNF841,-1
MAK,-1
CHCHD2,-1
FAF1,-1
CCDC124,-1
NPAS4,-1
NPAS3,-1
CAMK1D,-1
NME9,-1
AP1M1,-1
APLP2,-1
APOH,-1
TOP2A,-1
NAP1L3,-1
CHST7,-1
NTHL1,1
ASS1,-1
RADIL,-1
STAT5B,1
ANGPT2,-1
ODAM,-1
FASN,-1
SHKBP1,-1
CORO7,-1
CLEC4D,-1
LBR,-1
TACO1,-1
SPTBN2,-1
TRDN,-1
AZU1,-1
GNPTG,0
TTC7B,-1
ACSL3,-1
CROT,-1
RPL32,0
TMEM11,0
RMND5B,-1
PTGDR2,-1
EGF,-1
FOXK1,-1
DCLRE1C,-1
MSH2,1
ENAM,-1
ZNF91,-1
POU6F1,-1
ENPEP,-1
RCC2,0
RERE,-1
GRAMD1C,-1
MED25,-1
STIM2,-1
MGP,-1
ZNF611,0
PTGS1,-1
FOXH1,0
MVB12A,0
EXOC5,-1
CLEC4M,-1
COL5A1,-1
ZNF264,-1
PAOX,-1
DIXDC1,-1
NOD2,-1
KDELR1,-1
FAR1,-1
EPHA7,1
IST1,-1
DIAPH1,-1
TAF2,-1
TDRD5,-1
NAA16,0
GDF3,-1
FLT3LG,-1
RBAK,-1
PREX2,1
ZNF534,-1
CCNY,-1
BRPF1,-1
USP19,-1
SYTL4,-1
ANP32A,-1
UBE3B,-1
CAST,-1
CCDC141,-1
OR4C3,-1
MARCKSL1,-1
INTS3,-1
GNL2,-1
LIMS1,0
FAHD2B,-1
SAP130,-1
MAT1A,-1
CXXC5,-1
OR7D4,-1
KLRC2,-1
RAG1,-1
OR13H1,-1
BMP15,-1
MRPS36,-1
TRIM33,1
MMRN1,-1
ZC3H12B,-1
OR52N5,-1
DMRT1,-1
DOCK1,-1
COL24A1,-1
SFXN3,-1
MASP1,-1
NLK,0
DRD1,-1
TMC1,-1
IDH1,1
MYOCD,-1
ATG3,0
ZNF714,0
EPHA8,-1
EPS8,-1
ZNF420,-1
GALNT3,-1
DLX4,-1
THRA,-1
JPH2,-1
EVX2,-1
KLF8,-1
ZNF625,0
FRYL,-1
BTAF1,-1
CCDC18,-1
AGBL5,-1
GPSM1,0
IGSF11,-1
SPRR2B,-1
INHA,-1
FCHO1,-1
TRPV6,-1
FIGNL1,-1
GGN,-1
TYR,-1
CRYGD,-1
CNOT4,-1
CAPRIN2,-1
CHRD,-1
BRPF3,-1
DYNC1H1,-1
ZNF490,0
GRM6,-1
ADCY7,-1
PTPRN2,-1
CORO2A,-1
KCNQ3,-1
SLC5A2,-1
CFL1,-1
A4GNT,-1
DYNC2H1,-1
NUF2,-1
KEAP1,1
NLRP1,-1
SMAD4,1
E2F6,0
PRKD1,-1
ZNF579,0
SIK2,-1
CACNA1F,-1
SOX11,-1
SEMA5B,-1
TLR2,-1
DIAPH2,-1
PRKCB,1
PDZK1,-1
GRIN2D,-1
LARS2,-1
CPB1,-1
CIT,-1
OGT,-1
ADAMTS13,-1
CLCN3,-1
FCRL1,-1
B3GNT6,-1
NOL10,-1
KIF20A,-1
ADCY2,-1
ZNF202,-1
SYNPO,-1
DCLK2,-1
VPS37A,-1
SELE,-1
IFT172,-1
PCDHB3,-1
SBNO2,-1
ATP7B,-1
IGF1R,-1
AKAP13,-1
CR1L,-1
ALG14,-1
PGM1,-1
MC2R,-1
DHCR7,-1
CFHR5,-1
ZNF423,-1
SCAMP3,-1
SNTA1,-1
RBMXL1,0
APEH,-1
CPN1,-1
CUX2,-1
SLC16A8,-1
ZNF236,-1
ADAM17,-1
DNAJB11,-1
PRRC2C,-1
JARID2,0
BAIAP2L1,-1
ZNF208,-1
HS3ST5,-1
GPR32,-1
MST1R,-1
SACM1L,-1
STK11IP,-1
MTO1,-1
CIITA,1
KIF2A,-1
RNF4,-1
RHPN1,-1
LINGO1,-1
CASZ1,-1
ZNF430,0
TRIM25,-1
ACTR3,-1
PPP1R10,-1
MYH11,-1
TRAV1-2,-1
L1CAM,-1
SLCO1A2,0
YME1L1,-1
PHKB,-1
GRIK1,-1
UNC5C,-1
HS6ST2,-1
ZNF780A,0
LPAR1,-1
ARHGEF15,0
CUL1,-1
ABI2,-1
VPS33A,-1
ZNF727,-1
SNED1,-1
PSG6,-1
KCNJ15,-1
AGL,-1
BUB1,-1
ZNF682,-1
NOTUM,-1
FCN2,-1
BTN2A1,-1
DHX37,-1
ARID1A,1
DHX8,-1
SERPINE2,0
MALT1,1
VPS54,-1
WDR35,-1
CHRNA5,-1
PCDHB4,-1
ZNF701,0
CXCL14,-1
TCF7L1,-1
RAP1GAP,0
MCM9,-1
ADCY9,-1
ATAD3A,-1
NIPBL,-1
MBL2,-1
OR4S2,0
TNRC6B,-1
SALL2,-1
CCAR2,-1
MAML2,1
DYRK1B,-1
NIFK,-1
UNC93B1,-1
ARNT,1
MSH4,-1
IL18RAP,-1
GFRA3,-1
RFXAP,-1
GRID1,-1
TMF1,-1
TSPYL1,-1
GRAP2,-1
OR4L1,-1
PMS2,1
RXFP1,-1
STAP1,-1
SIVA1,0
UNC80,-1
OR8K1,-1
TMC2,-1
TP53BP1,-1
FASTK,-1
RPF1,0
CYP2S1,-1
CACNB1,-1
LTBP2,-1
PLXNB1,-1
ZNF234,-1
AP5B1,-1
AP3B2,-1
NAA30,-1
CX3CR1,-1
HIVEP3,-1
KIR2DS4,-1
KRT31,-1
PCYT1A,-1
JAK3,1
CLSTN2,-1
TPST2,-1
NLGN3,-1
CNDP2,0
DDX4,-1
AJUBA,-1
NINL,0
OMP,-1
CHD7,-1
KLK4,-1
POSTN,-1
NEK5,-1
MT1H,-1
ADAMTSL1,-1
OR2J2,-1
RIMS4,-1
GATAD2A,-1
STK10,-1
BACE2,-1
SLC18A2,-1
SMARCA1,-1
PKDREJ,-1
KHDRBS2,-1
OR4K2,-1
FLT4,1
GREB1,-1
AMY2B,-1
LRIG3,1
SEMA6A,-1
ABCC11,-1
AMIGO3,-1
GJA5,-1
TNFRSF8,-1
COX18,-1
MAGEE1,-1
FCRL3,0
CDK11A,-1
CALML5,0
LHX9,-1
ZFYVE9,-1
SATB2,-1
GRM4,-1
DYNC1LI2,0
KANK1,-1
SIPA1L3,-1
POLH,-1
IBSP,-1
TNS4,-1
ZNF670,0
ATP13A1,-1
ZNF541,-1
RAMP1,-1
KRT1,-1
CMA1,-1
NMNAT1,-1
EPB41L4B,-1
TINAG,-1
PKN2,-1
RFPL2,-1
RPS6KA6,-1
AGBL3,-1
LGI1,-1
RNF41,0
CWF19L2,-1
FRZB,-1
MTOR,1
LRRK2,-1
HS3ST1,-1
HCAR1,-1
MPHOSPH8,-1
OGDHL,-1
ZNF648,0
GRID2,-1
NDUFS8,-1
EIF2A,-1
CNTN6,-1
CATSPERG,-1
CST1,-1
ZBTB46,-1
AHNAK,-1
MSRA,-1
PSMA7,-1
DPPA4,-1
CUL7,-1
TGFBR2,1
PNPLA2,-1
PRKAB2,-1
MTMR14,-1
ISLR,-1
ZC3H12A,-1
GALNT11,-1
EEF2,-1
PDZD7,-1
LCE1D,-1
PTBP3,0
OR6C76,-1
SEPHS2,-1
TNFAIP6,-1
TPH2,-1
HCLS1,-1
ITPR1,-1
FILIP1,-1
OR2AE1,-1
SCN3B,-1
ANO1,-1
ABT1,0
CABP4,-1
CCNE1,1
SMG7,-1
FZD7,-1
OSBP,-1
GRIP1,-1
OR8H1,-1
CBFA2T3,1
SCN4B,-1
KRT78,-1
BBS1,-1
RTN4RL1,-1
PKP4,-1
TOPORS,-1
FTMT,-1
EVC,-1
NCOR2,1
PFN4,-1
CERK,-1
LRP5,-1
OR2A5,-1
KCNH4,-1
INSC,-1
OR5AR1,-1
BRINP1,-1
STAT3,1
THOP1,-1
ZC3HAV1,-1
ECEL1,-1
IFI27,-1
ACD,-1
E2F8,-1
COL4A4,-1
EIF5A2,-1
FAR2,-1
DSG2,-1
GATA2,1
OR1L1,-1
SLC39A8,-1
RXFP3,-1
ZNF813,0
TEKT4,0
NAA25,0
IFIT3,-1
CAV1,-1
POLRMT,-1
HS6ST1,-1
KCNH5,-1
KCNH7,-1
LYN,-1
CHSY3,-1
NDUFB8,-1
ZNF628,-1
CLTC,1
ZNF570,-1
TMED10,-1
CALCB,-1
SPTLC3,-1
HLA-G,-1
SLC26A1,-1
TLR7,-1
ZNF721,0
IL10,-1
MGA,-1
ZIM2,-1
SUPT6H,-1
ZNF677,-1
DPY19L2,-1
PCDHB8,-1
RSPH6A,-1
ZNF567,0
AMOT,-1
NTNG1,-1
CCND3,1
DRD4,-1
NIPA2,-1
HSPB7,-1
MED24,-1
LRCH4,0
RPAP2,-1
UBAC2,0
TSC1,1
SLC22A4,-1
WFIKKN1,-1
HBP1,-1
TRIM10,0
PAK3,-1
TAS2R16,-1
SYNJ1,-1
OR8I2,-1
PHC3,0
MS4A6A,-1
VPS29,0
HSPA4L,0
TG,-1
VN1R1,-1
USP33,-1
MARVELD2,-1
SLC19A3,-1
PRLHR,0
SVIL,-1
FGR,-1
ATG7,-1
OR6M1,-1
OR2T12,-1
ESRRA,-1
BMPR1A,1
SND1,1
LONRF1,-1
ANXA7,-1
NOTCH1,1
UBE3C,-1
OTUD7B,-1
ABCB9,-1
ATP8B4,0
P2RY14,-1
ZNF85,-1
ATPAF1,0
IRS2,-1
SETDB1,1
OR1A2,-1
ELF1,-1
NSMCE1,-1
MDN1,-1
FN1,-1
SLCO1B7,-1
PEX1,-1
PLOD3,-1
HECTD1,-1
CLASP1,-1
SIX6,-1
RREB1,-1
TMPO,-1
MKI67,-1
PRKCSH,-1
NCOA7,-1
USP34,-1
OR51G1,-1
AWAT2,-1
OR4K1,-1
PRKAA2,-1
HTR3B,-1
DOK1,-1
MTMR3,-1
CCDC8,-1
RYR1,-1
ACTBL2,-1
ADAM7,-1
UGT1A9,-1
COL21A1,-1
POLB,-1
SMC4,-1
NKX2-2,-1
METAP1,-1
PBRM1,1
CTNNBIP1,-1
FBXL7,-1
SLITRK3,-1
SIPA1L2,-1
OR5L2,-1
CDC25B,-1
SERPINB2,-1
RIMS2,-1
ZNF99,-1
HSPA14,-1
TRAIP,-1
MTHFD2L,-1
CELSR2,-1
OR6S1,-1
PROP1,-1
FANCA,1
AIMP1,-1
MATR3,-1
FBXO40,-1
VDAC1,-1
DNAJC6,-1
MYH10,-1
ZPBP2,-1
GGA2,0
UBE2M,-1
SPATA22,-1
CCDC88A,-1
SEC61A1,-1
CHRNB2,-1
COL6A1,-1
GRB14,-1
ZNF524,0
EIF4A3,0
DDI1,-1
MND1,-1
POLR3H,0
SKAP1,-1
COL20A1,0
ISX,1
ECSIT,0
PCDHGA5,-1
QRSL1,-1
COMMD1,-1
SQSTM1,-1
CELSR3,-1
DIRAS2,-1
DCAF17,-1
FAM20B,-1
CAPN7,-1
SEC24D,-1
KCNK13,-1
PRKCG,-1
ALPK2,-1
IGKV1D-43,-1
PRIM1,-1
SLC30A2,-1
THPO,-1
TP73,-1
NRXN1,-1
FSCN2,-1
ZNF462,-1
ARSJ,-1
CPNE1,-1
OR2M5,-1
OR6C74,-1
ATP1B4,0
KRT3,-1
NOD1,-1
BCAP31,-1
ADAM22,-1
OR8J3,-1
SERINC1,-1
POTEF,0
MIPEP,-1
GYS2,-1
MRPS26,-1
ASXL2,1
ARHGAP39,-1
DDX19B,0
IL17RC,-1
B3GNT2,-1
RGS12,-1
RAPGEF2,-1
OR6K2,-1
ZNF615,0
SETD1A,-1
ZNF250,0
PCOLCE2,-1
UFL1,-1
PPIP5K2,0
ITGA6,-1
GOLGA4,-1
LDB1,-1
PFDN1,-1
LATS1,1
ZFYVE26,-1
TRAPPC13,-1
GPR161,-1
TMEM63B,0
FRS2,-1
AQR,-1
LRRK1,-1
NDC80,-1
ATXN7L3,0
OR51A7,-1
CHEK2,1
PTMA,-1
PGC,-1
PLG,-1
SCN7A,-1
PTP4A3,-1
SRCAP,-1
EIF3E,1
HDAC4,-1
OR13C2,-1
RHO,-1
AGO1,-1
NKRF,-1
FIP1L1,-1
USP17L2,-1
PRC1,-1
PPHLN1,-1
DEPDC1,-1
PRDM10,-1
RBPJL,-1
RPUSD4,-1
KIF3B,-1
ZNF431,0
CACTIN,0
WDR70,-1
ZNF280A,0
ACAN,-1
VPS4A,-1
SH3RF1,0
STIM1,-1
USP21,-1
KAT2A,-1
CENPE,-1
VAV3,-1
SUN5,-1
UBA3,0
RER1,0
NRCAM,-1
HSF2,-1
ZFP62,-1
SPDYE4,-1
WASL,-1
LRRN2,-1
B4GALT1,-1
LOXL4,-1
KRT24,-1
FRY,-1
KIRREL2,-1
THOC2,-1
SEC23IP,-1
ZNF736,-1
TFAP2B,-1
ALDOB,-1
ZNF578,0
LHX4,-1
GRIN3A,-1
MAP4K3,-1
FGF13,-1
OR13D1,-1
GLG1,-1
VANGL2,-1
EPHB3,-1
RGS7,1
CATSPERD,-1
REG3G,-1
ZNF17,0
ENOX2,-1
MARCO,-1
PCDHA10,-1
ARL2BP,-1
STK39,-1
VCPIP1,0
PDCD6IP,-1
DPF3,-1
SLC5A10,-1
DNAJC24,-1
LTA4H,-1
BMP2K,-1
MAPK11,0
SKI,1
TMPRSS11A,-1
PRTN3,-1
FKBP7,-1
NTRK1,1
MTA2,-1
ATP6V1H,0
IGKV2D-30,-1
KRT12,-1
ERCC4,1
OR4A15,-1
FAM20A,-1
RAI1,-1
OR2J3,-1
HERC4,0
KRT20,-1
TRPC1,-1
OR5H1,-1
TASP1,-1
ITGAL,-1
ALDH1L1,-1
NKX2-5,-1
KMT2E,-1
ULK3,-1
ARHGEF2,-1
TRRAP,1
CENPH,-1
ZNF23,-1
PURB,-1
ANKRD17,-1
SUPT16H,-1
ABCC3,-1
OR6K6,-1
UGT1A10,-1
KCNQ5,-1
NOP9,-1
COPS6,-1
GALNS,-1
LYPLA1,-1
STK4,-1
MTMR9,-1
IKBKE,-1
IGLV2-18,-1
SGCZ,-1
MAS1,-1
PAN3,-1
EPHB4,-1
PLEKHA3,-1
TOX4,-1
ZNF439,0
PKD1,-1
ABCA9,-1
CCT6B,-1
KIAA0753,-1
STRIP1,-1
FXR1,-1
XPO5,-1
BMP8B,-1
FMO4,-1
POU2AF1,1
FGD2,-1
TESC,-1
SLC44A5,0
ZNF583,-1
TRA2B,-1
DUS3L,-1
HP,-1
ACSM2A,-1
APOL4,-1
MTHFR,-1
TTC28,-1
PGAM5,-1
SLC28A1,-1
PNPT1,-1
PLCH2,-1
ZSCAN23,0
TOM1L2,-1
MLLT4,-1
TBX21,-1
PDE1C,-1
ERCC6,-1
MRGPRX1,-1
LMAN2L,-1
F8,-1
CLEC14A,-1
ARID1B,1
LAMA1,-1
MTMR6,-1
RASAL2,-1
OR4K5,-1
OR51F2,0
ETV3L,0
OR5T2,-1
MADD,-1
ITPKB,-1
UBQLN1,-1
PPM1K,-1
PPM1D,1
COL11A1,-1
RABIF,-1
CKMT2,-1
P2RY13,0
EPC1,-1
SDHA,1
MAP6,-1
TAS2R20,-1
USP1,-1
PES1,-1
ELK4,1
NOBOX,-1
PIP4K2B,-1
ACAD9,-1
SORBS1,-1
GHRHR,-1
PTPRD,1
RASGRP1,-1
RAB26,-1
RANBP3,-1
JAG2,-1
CSK,-1
SIK1,-1
CDK5R1,-1
PRKG1,-1
GRIN2C,-1
BRSK1,-1
SOX9,1
BMX,-1
YY1,-1
AKAP9,-1
ZNF518B,-1
COPE,-1
ZBTB32,-1
CLCA2,-1
PDE4A,-1
F11,-1
ALDH1A1,-1
DENND1A,-1
SLC7A9,-1
MARK2,-1
LNX2,-1
SEH1L,-1
GLYCTK,-1
ADNP,-1
SLC6A18,-1
MAB21L1,-1
SPICE1,-1
SGSH,-1
LILRA1,-1
GUCA1C,-1
MICU2,-1
AMPD2,-1
CHST1,-1
OR10A5,-1
IGLC7,-1
XRN1,-1
TDRD9,-1
USP29,-1
BRCA1,1
HCN4,-1
PDE1A,-1
ARID5B,-1
DLGAP2,-1
RBMX2,-1
GLB1L,0
OR1J4,-1
ARHGEF40,0
PAPPA,-1
HSPA2,-1
GLUD2,-1
TAS2R13,-1
MAST4,-1
HTR1F,-1
CTNNB1,1
PELI2,-1
MAFB,1
MKRN3,-1
TNC,1
ZBTB18,-1
KRT2,-1
FOXF1,-1
DR1,-1
KCNB1,-1
IL7R,1
POLG,1
SHPRH,-1
SEC63,-1
SNX1,-1
YLPM1,0
PIR,-1
MMP9,-1
TRIM34,-1
TRPM6,-1
FHOD1,-1
BRAF,1
BCL11B,1
ACTL7A,-1
SLC22A25,-1
SMARCD1,1
USP51,-1
SNX31,-1
ZFPM2,-1
PCDHGA6,-1
OR1Q1,-1
KRI1,-1
TNXB,-1
ATP6V1C2,-1
SHANK3,-1
RASEF,-1
MTIF2,-1
SCLT1,-1
GPR37,-1
GDA,-1
FBXO6,-1
NR0B2,-1
NEO1,-1
PPP1R3D,-1
STARD9,-1
MAGEA8,-1
ATG9A,-1
DEAF1,-1
CEL,-1
TET2,1
WDR12,-1
NEURL4,-1
ARRB1,-1
CNGA2,-1
LILRA6,-1
CCDC65,-1
TRAV19,-1
GARNL3,-1
KDR,1
ARID3C,0
MAGEC2,-1
ZNF845,0
ATAD1,-1
SORBS2,-1
DLGAP3,0
PRKCE,-1
PTPN22,-1
PRX,-1
LRP1,-1
OPRL1,-1
NRBP1,0
DDX60,-1
ATP6V1D,-1
KLF10,-1
EPB41L5,-1
GLB1,-1
STAB1,0
EHMT1,-1
RILPL2,-1
CSDE1,-1
VGLL4,0
ABCA8,-1
P2RX3,-1
DNAJA1,0
UBE2F,-1
CCDC88C,-1
ZFP57,-1
STARD10,-1
CDH6,-1
CDC27,-1
ADCY8,-1
MUC17,-1
VN1R4,-1
PSMG1,-1
SNX33,-1
KIFC2,-1
ZNF705A,-1
KCNJ16,-1
LDB2,-1
SLC22A2,-1
SPRED2,-1
PCDHB16,-1
IGLV3-12,-1
MRPL2,-1
INHBE,-1
TMEM132A,-1
FRMD1,0
RNF19B,0
DHTKD1,-1
DEPTOR,0
ROR1,-1
PCDH1,-1
STK11,1
UBE2T,-1
ATP8A1,0
SH2D1B,-1
ADD2,-1
ALDH1B1,-1
PIK3R5,-1
RBM27,-1
PIK3R1,1
UGGT2,-1
WWOX,-1
TBCK,-1
OPCML,-1
EXT1,1
NACAD,0
CISD2,-1
CYB5B,-1
CENPC,0
ATP9A,0
ATG4B,-1
CNR1,-1
CALR3,-1
RBM4,0
ISL1,-1
NUCB1,-1
ITGA8,-1
MYO15A,-1
ALOX5,-1
TNFSF14,-1
TMPRSS9,-1
PHLDB2,-1
IGFBP3,-1
OR2L2,-1
SEMA4A,-1
MSH5,-1
MAP3K2,-1
ZNF768,-1
PCSK2,-1
SMAD7,-1
TRAF1,-1
SYN3,-1
REL,1
KLHL20,-1
TEX15,-1
AKT1S1,-1
PTPRU,-1
TONSL,0
SPEF2,-1
TOB1,-1
MYO1D,-1
SMARCC1,-1
ZNF703,-1
TSEN2,-1
SEMA3A,-1
PTEN,1
HOXB9,-1
PHF12,0
STK17B,-1
ANO8,0
ANO9,0
NCK1,0
EEA1,-1
ZFP2,0
ZNF442,0
CLEC4F,-1
CHRNA4,-1
PSD,-1
OR4N2,0
AP4E1,-1
HSD11B2,-1
ZNF81,-1
UBAP2,-1
OR5AN1,-1
DIS3L,-1
TRPM4,-1
RALGAPA1,-1
STXBP3,0
KCNMA1,-1
PAX7,-1
ARL5C,-1
CD226,0
BAZ1B,-1
ZSCAN10,-1
TNK2,-1
OR4X2,-1
CDH20,-1
RIF1,0
FASLG,-1
FCRL2,0
PI15,-1
TRAC,-1
APBB2,-1
USP11,-1
TBR1,-1
SRRM4,-1
ARNT2,-1
PTP4A1,-1
MUC5B,-1
RYK,-1
DACT1,-1
RHBDF1,-1
CRMP1,-1
GNAQ,1
BTBD6,0
SLA2,-1
IGHMBP2,-1
ZNF626,0
NR1I2,-1
ADRA1D,-1
IFT140,-1
EIF2B1,-1
STARD13,-1
LATS2,1
C6,-1
ATP6V0D2,-1
SOX10,-1
BOD1,-1
PLA2R1,-1
MAX,1
IGHD,-1
FFAR3,-1
POLR3G,-1
P4HA2,-1
ICMT,-1
MDM2,1
XRCC1,-1
CYP11B1,-1
TAPBP,-1
ZNF500,0
OR2T8,-1
RNF19A,0
OR10H2,-1
EPX,-1
USP25,-1
MYH4,-1
PCDHA2,-1
SF3B4,-1
CYP2F1,-1
DNMT3B,-1
PPP1CA,-1
HCRTR2,-1
DMXL1,-1
IRX1,-1
SIRPG,-1
ZNF510,0
UGT2B4,-1
CSPG5,-1
CACNA2D4,-1
TRIM21,-1
NRP2,-1
CDK14,-1
KCTD18,0
FBLN2,1
CENPF,-1
KCNA5,-1
ASF1A,-1
BSN,-1
SOCS5,-1
ABCB4,-1
SOX5,-1
PCDHGA12,-1
UBE3D,0
MCF2,-1
LAMB4,-1
SLC16A7,-1
BIN2,-1
ZC3H13,-1
ZNF248,-1
ADAMTS14,-1
PLTP,-1
ROBO2,1
ZBTB9,0
TRPS1,-1
COL11A2,-1
ATAD3B,-1
SYNCRIP,-1
MCM3AP,-1
FBXL17,-1
INO80B,-1
OBSL1,-1
OR6T1,-1
SULT1A1,-1
SUCNR1,-1
IL12RB1,-1
NUP107,-1
LRRC4C,-1
MOCS3,0
DPEP1,-1
ARAP2,-1
GABRA6,-1
UTY,-1
F2R,-1
COL1A1,-1
SCARF1,-1
WIF1,1
CDH10,1
PRDX3,-1
SETD1B,1
SYT10,-1
RAPH1,0
PKD2L2,-1
BDKRB1,-1
DNAJC17,-1
ADH1B,-1
MAGEC1,-1
ZPBP,-1
DBF4,0
CHRDL2,-1
TLN1,-1
NAT8,-1
GABRA5,-1
CLGN,-1
ATMIN,-1
RBFOX1,-1
MRPL18,-1
CLEC7A,-1
EML2,-1
JMJD1C,-1
CD48,-1
UBE2D3,-1
MYH3,-1
IGKV1D-12,-1
RNGTT,-1
TPSG1,-1
C1RL,-1
SLC8A1,-1
RABGAP1,-1
TSHR,1
ZNF732,0
SLC25A38,-1
RORA,-1
DNAH3,-1
CSTF3,-1
HAPLN4,-1
MCC,-1
RUFY1,-1
MYCBP2,-1
KDM6B,-1
ATP11B,-1
ATP2A3,-1
PCDHA9,-1
AVPR2,-1
UQCRFS1,-1
DNAH1,-1
OR51E2,-1
MISP,-1
OPRM1,-1
RASGRF1,-1
ANP32B,0
IL1RAP,-1
CSN2,-1
OXER1,0
RNF20,-1
TFRC,-1
ZNF107,-1
CFHR4,-1
SERPINA1,-1
DISP2,-1
OR2F1,-1
OR51F1,-1
PDGFRB,1
KLK9,-1
COG2,-1
PHOX2B,1
TAGLN2,-1
OR2C1,-1
RILP,-1
KRT79,-1
MAOA,-1
PPM1H,-1
DLG2,-1
NFATC1,-1
TAF1A,-1
PRPH2,-1
SYNPO2,0
SARS2,-1
HCN3,-1
IDE,-1
TSC2,1
CYB5A,-1
NSMAF,-1
MICAL1,-1
GJA1,-1
ASB17,-1
STX16,-1
ZNF646,0
ELOVL5,-1
MYOD1,1
SPOPL,0
ASPM,-1
MGAT4A,-1
MAGEB1,-1
PRICKLE1,-1
SLCO4A1,-1
RPL8,-1
KIFAP3,-1
GCM2,-1
ZNF221,0
PIGT,-1
OR4M2,-1
B4GALT6,-1
USP47,-1
DPP6,-1
SGCD,-1
CTSH,-1
OR52B4,-1
RPE65,-1
TOPBP1,-1
PCGF2,0
FKBP9,1
OR4K14,-1
COX8C,-1
FAIM,-1
OR2G6,-1
RHBDD1,-1
PIK3R6,-1
SEPHS1,-1
OR6N1,-1
NLGN4Y,-1
EML4,-1
PON1,-1
XPO4,-1
LDB3,-1
TSHB,-1
LRP2,-1
VAX1,-1
NDUFA9,-1
PRKCH,-1
PPIP5K1,-1
PKDCC,-1
CYP2U1,-1
NPFFR1,0
LCP1,-1
SAMD4A,-1
CLPS,-1
MAP3K7,-1
SLC39A10,0
THBS1,-1
NPLOC4,0
DDC,-1
SIGIRR,-1
CNTNAP1,-1
NPC1,-1
OR2T4,-1
SOCS1,1
OR5AC2,-1
TAOK3,-1
TMEM106C,-1
PTK7,-1
GABRE,-1
GALNT14,-1
DPYS,-1
CEP350,-1
TCERG1L,-1
LCE2B,-1
AGAP1,-1
VAMP8,-1
HDAC9,-1
KLC1,-1
MYH9,1
ALAD,-1
COPA,-1
KDM6A,1
CMTM5,-1
SMURF1,-1
KCNB2,-1
XPO6,-1
CLDN9,-1
RBM15,-1
DAAM1,-1
TRIM23,-1
KCTD7,-1
PSAT1,-1
BCL2L12,1
SLC39A14,-1
GABRA2,-1
SPO11,-1
KCTD3,-1
LDLR,-1
ENO4,-1
PTK2,-1
USP31,-1
UTS2B,-1
IFNL2,-1
ZNF568,-1
ETV3,-1
CA14,-1
SMC3,-1
DSC2,-1
TPTE2,-1
MBD5,-1
ACACA,-1
DYRK1A,-1
AHI1,-1
TBC1D19,-1
MYPN,-1
RFWD3,1
TBC1D22B,-1
NR1H4,-1
ITGAV,1
CAPN9,-1
TTBK1,0
ZNF184,-1
STRIP2,-1
DNAH10,-1
APP,-1
CUL4B,-1
ARIH2,-1
BEX1,-1
INPPL1,-1
ENKUR,-1
RYR3,-1
IGHV3-43,-1
UNC13C,-1
ZMYM3,1
CNGB3,-1
DOCK9,-1
ZNF143,-1
TSPAN1,-1
MRPL22,-1
FBXL22,-1
TRIM9,-1
OR7E24,-1
DECR1,-1
ARVCF,-1
FKBP4,-1
ZNF354A,0
HRH3,-1
MMP11,-1
ACTR5,0
HES1,-1
CFTR,-1
MZB1,-1
TRAPPC5,0
ZSCAN9,0
INTS10,-1
WSB1,-1
CAMKMT,-1
OR13C8,-1
ZNF415,0
UNC5D,-1
SOCS6,-1
PRR5L,-1
OR4C6,-1
TNFAIP1,-1
ZNF180,-1
ARG2,-1
PHF14,-1
HTR7,-1
EFTUD2,-1
SLC16A1,-1
HNRNPK,-1
ATP2A2,-1
ACSL4,-1
CRB1,-1
NTN4,-1
NAA15,-1
NPEPPS,-1
UGT1A6,-1
RNASEL,-1
FBXO27,-1
FPR2,-1
CDC40,-1
TRIM32,-1
SFRP2,-1
TPSB2,-1
ETV2,-1
GPR39,-1
TRPC5,-1
CDKN2A,1
ZNF749,-1
PROX1,-1
ZNF224,-1
ZNF571,0
KIF1B,-1
PPIL4,-1
ADD1,-1
STARD3NL,-1
WNT9B,-1
FCER2,-1
EPPK1,-1
MED14,-1
SRGAP3,-1
MC4R,-1
PCDH11X,-1
CREBBP,1
CIAPIN1,-1
HP1BP3,-1
TRBV5-4,-1
PPP2R1A,1
PADI4,-1
TMPRSS6,-1
KLF17,-1
FUS,1
SPPL3,-1
DCHS2,-1
GEMIN4,-1
PDE3B,-1
CPS1,-1
KAT2B,0
IGLV4-60,-1
IFT88,-1
LGR6,-1
NFATC3,-1
BRS3,-1
SCN3A,-1
MAST2,-1
PSME1,-1
NLRP12,-1
NPAT,-1
TSEN34,-1
TEX14,-1
ADIPOR1,-1
MRPS24,-1
RNF185,0
HAS2,-1
GPAA1,-1
SLU7,0
FLNA,1
SNAPIN,-1
MAGED2,-1
KLRD1,-1
PIK3CA,1
A2M,0
CLEC2B,-1
PRKACA,1
HIP1R,-1
PCDHB12,-1
SF3B2,-1
PRDM2,1
HTR1A,-1
APC,1
OR4A5,-1
MYL7,-1
ANKZF1,-1
ZNF131,-1
IQGAP2,-1
ARID4A,-1
FLRT1,-1
LRRTM1,-1
INTS7,-1
PCDH10,-1
COIL,-1
IGHV3-30,-1
LIG3,-1
PCDHB7,-1
ZNF562,0
E2F1,-1
HNF4A,-1
KERA,-1
TAF1D,-1
CD109,-1
CCNF,-1
EDC4,-1
SF3B1,1
PF4V1,-1
ADAMTS2,-1
CENPQ,-1
SLC25A45,-1
SIRPA,1
NR1D2,-1
CPA1,-1
ABCB11,-1
DLG1,-1
VAV1,1
ZNF14,-1
NUP93,-1
PRKRIP1,-1
ALOX12B,-1
PCDHA8,-1
VPS13A,-1
HSP90AA1,-1
ANO3,-1
SH3PXD2A,0
MRPL16,-1
ZMYM6,-1
STX1B,-1
CEBPZ,-1
OR4D9,-1
DDX3X,1
GLUL,-1
EML3,-1
CALU,-1
CWC22,0
STARD8,-1
HMGCR,-1
TAS2R30,-1
BCAP29,0
PIK3CD,-1
GFPT2,-1
RUFY3,-1
ACSF2,-1
PAPOLG,-1
ZNF551,0
SORT1,-1
NID1,-1
CD46,0
PCDHB2,-1
OR2M4,-1
KIR3DL1,-1
QTRT1,-1
SOX14,-1
ZBTB16,1
ZNF484,0
CHST12,-1
MCPH1,-1
SLC29A4,-1
ZFP42,-1
DLG4,-1
FAM170A,-1
RXFP2,-1
FOXN2,0
TUBB3,-1
OR14A16,-1
ATP2B1,-1
EIF1,0
TNFRSF21,0
SLC2A14,-1
PXMP4,-1
TIMELESS,-1
OR4S1,-1
OPTN,-1
SLC30A10,-1
DNASE1L1,-1
SPTA1,-1
GPRC5C,-1
PIP5K1C,-1
PIGQ,-1
EHBP1,-1
PCDHB11,-1
TAS1R3,-1
NPM1,1
PRUNE2,-1
SLC44A4,-1
SEMA6D,-1
ROBO1,-1
GRM5,-1
HAUS4,-1
LIN9,-1
SLC6A3,-1
MYBPC3,-1
RASA4,-1
OR1B1,0
HMBS,-1
PASD1,-1
GJA10,-1
BRWD1,-1
ADRA2C,-1
ASPSCR1,-1
C1R,-1
OR2T5,-1
RFTN1,-1
BCL9,1
POU4F2,0
PAPPA2,0
RRS1,-1
PCDH8,-1
CACNA1D,1
FCGR2B,1
CYP2A6,-1
GSTA5,-1
GSTK1,-1
USP14,-1
EXOC6B,-1
RNF169,-1
MED15,-1
AFF4,1
ERBB3,1
TNKS1BP1,-1
CYB5RL,-1
FCRL5,0
ZNF395,-1
KCMF1,-1
P2RY6,-1
GABRG2,-1
POC5,-1
SPINK5,-1
ZFP37,-1
UTP23,0
EPS15L1,-1
IDO2,-1
DRGX,-1
MECOM,1
NDUFA4,-1
MCM3,-1
ALDH9A1,-1
ONECUT2,-1
LILRA4,-1
CSNK1D,-1
ACOT12,-1
SNRPF,-1
ANGPT1,-1
CWH43,-1
MIA3,-1
APOA5,-1
SP2,-1
CHGA,-1
ENTPD1,-1
DDOST,-1
TRPC3,-1
PAQR8,-1
SLC34A3,-1
VPS35,-1
UBR2,-1
SH2B1,-1
TFAP4,-1
GAB3,-1
NCOR1,1
TAF15,1
SLC9A9,-1
CRAT,-1
UBAC1,-1
CDH12,-1
CRY1,-1
PCMTD1,0
BICD2,-1
CAPNS1,-1
TAS2R60,-1
COLEC12,-1
SASH1,-1
USP12,-1
PTH1R,0
DNM1,-1
NHLH1,-1
DBT,-1
FOXA3,-1
GPBP1,-1
SLC12A1,-1
CDH7,-1
EIF5B,0
SLC6A11,-1
NUP88,-1
WFS1,-1
MCM4,-1
TBC1D17,-1
KAT6B,1
SIGLEC9,-1
ZNF808,0
NMNAT2,-1
S100A8,-1
MATN1,-1
AMBRA1,-1
XIRP2,-1
RIN1,0
ANKRD1,-1
ZNF318,-1
NODAL,-1
IMMP2L,-1
CARM1,-1
STAT2,-1
TACC2,-1
FITM1,-1
ITGA9,-1
AGTR2,-1
STAU1,-1
SHB,-1
DGKA,-1
FOXD4L5,-1
TSG101,-1
TET1,1
MYOT,-1
KIF7,-1
SLITRK1,-1
SLC36A2,-1
GUSB,-1
LPGAT1,0
KDELR2,0
GLP2R,-1
SENP6,-1
CORO2B,-1
OSBPL6,-1
MTMR4,-1
PLEKHG5,-1
SIGLEC5,-1
GSK3B,-1
LRAT,-1
EIF1AY,-1
CDC6,-1
DOLK,-1
VPS37B,-1
KCNJ4,-1
FGL1,-1
DAP3,-1
SERPINB6,-1
CHSY1,-1
OR4N4,-1
FNBP1L,-1
F2RL3,-1
CASP5,-1
CD93,0
RECQL5,-1
ALG6,-1
ADAD1,-1
ZNF467,-1
ABCA1,-1
OR51I2,-1
UCP2,-1
SLC25A18,-1
RBM12B,-1
ROCK2,-1
KLHL13,-1
OR6C6,-1
TOMM34,-1
ZNF267,-1
ANKFY1,-1
DMTN,0
FCGR3B,-1
HIPK2,-1
GSTM5,-1
ORM2,-1
EVI5L,-1
NUDCD3,-1
GPR12,-1
CMTM2,-1
TRPC4,-1
RDH16,-1
ARHGAP21,-1
SLC5A4,0
CPNE5,-1
CPZ,-1
ZNF326,-1
CNKSR2,-1
ATRX,1
YES1,-1
SP1,-1
TUBA1A,-1
KDM3B,-1
RPL23,-1
GGNBP2,-1
IRF4,1
BTN3A1,-1
MUC12,-1
KCND2,-1
ARHGAP32,-1
SFTPA1,-1
LCE3A,-1
DDRGK1,-1
HNRNPF,0
APC2,-1
OR4D11,-1
TBC1D2B,-1
GATAD1,-1
GLYR1,-1
HNRNPH1,0
SNTG2,-1
NPC1L1,-1
ABCA7,-1
SEMA3G,-1
FKBP15,-1
CXADR,-1
UNCX,-1
SST,-1
USP26,-1
SNX20,-1
ING1,-1
HBG2,-1
ANKRD28,-1
NR5A2,-1
ZIK1,0
C1QC,-1
KMT2B,-1
FN3K,-1
SYNRG,0
OSBPL5,-1
IL21,-1
RAB27A,-1
UBQLN4,-1
RNF113A,-1
IQGAP1,-1
GPR15,-1
OCA2,-1
ADCY5,-1
ASIC2,0
CLCN6,-1
NKX3-2,-1
EPC2,-1
CD79A,1
KCNA4,-1
ZBTB7B,-1
FAM9A,-1
GPR182,0
GLDC,-1
ZNF713,-1
TNRC6A,-1
CYTH1,-1
GNAZ,-1
LIMA1,-1
KRT10,-1
ELAC2,-1
AMACR,-1
DOCK11,-1
IFT122,-1
IL10RB,0
KRT81,-1
PRAM1,-1
HAO2,-1
VANGL1,-1
TNFSF9,-1
HIRA,-1
C5,-1
SCEL,-1
MAMSTR,-1
FCHO2,-1
RBBP7,-1
SLC25A39,-1
WASF1,-1
VSIG4,0
MSRB1,-1
PCDH19,-1
AVPR1A,-1
SLC5A9,-1
MYBL2,-1
NFE2L3,-1
ZNF275,0
PLAA,-1
KBTBD6,-1
OR4C16,-1
GABRA1,-1
MYLIP,-1
CRNKL1,1
EIF2AK4,-1
ERCC3,1
S1PR1,-1
CYTH2,-1
GLI4,-1
KIF20B,0
REG1B,0
PRDM9,-1
INSR,-1
EIF3L,0
PUM1,-1
FKBP6,-1
LCT,-1
DNAI1,-1
GRK5,-1
FMNL3,-1
PSG2,-1
OR51L1,-1
PHC2,-1
TMC4,-1
ZNF790,0
P2RX2,-1
KIAA1522,-1
TNIK,-1
PSEN1,-1
TUBA3D,-1
ALOX5AP,-1
TAS1R2,-1
HRG,-1
SLC6A2,-1
PTCH1,1
AVP,-1
NECAB1,0
LOXL2,-1
EPHB2,-1
TRIM24,1
GCLM,-1
SLC6A5,-1
ZNF566,0
OR13C3,-1
NFX1,-1
GAS2L2,-1
MFSD10,0
LNX1,-1
BRIX1,0
BUB1B,1
CELF4,-1
ELF3,1
PALM2,0
RB1,1
KIFC1,-1
PDILT,0
FRAT1,-1
ST6GALNAC3,-1
ZBTB47,0
HOXB5,-1
MGAT5,-1
MYSM1,-1
DHRS3,-1
PJA1,-1
CYP1A1,-1
DTX3L,-1
RPS6KA4,-1
GBP7,-1
U2SURP,-1
TH,-1
LSS,-1
OR1K1,-1
PDX1,-1
PLA2G2F,-1
MAPK8IP3,-1
TRIM67,-1
PLCL1,-1
SERPINB4,-1
FLRT3,-1
MYH7B,-1
TEX101,-1
TXNL4A,-1
TLE6,-1
LMNB2,-1
ACBD5,-1
PRSS3,-1
ACSM2B,-1
SET,1
UNC5B,-1
VPS16,-1
B3GNT8,-1
GMIP,-1
FANCD2,1
PFKM,-1
CLDN17,-1
IL34,-1
ABCA12,-1
NFATC2,1
ZNF555,0
COL14A1,-1
METTL17,-1
RGPD3,1
FOXA1,1
PDGFD,-1
SCN9A,-1
TRPV3,-1
PRMT1,-1
BCL11A,1
EIF4G2,-1
AFTPH,0
CYB5R3,-1
IRF2BP2,-1
SGPP2,-1
KRT77,-1
KRT5,-1
ELF2,0
RPTN,-1
ATP1A1,1
DDX18,-1
CDCA2,0
MYO16,-1
CHST14,-1
OSGIN1,-1
KRT28,-1
ATP2A1,-1
DOCK10,-1
GTPBP4,0
CC2D1A,-1
DCP1B,-1
SLC24A4,-1
OR4K13,-1
CPLX1,-1
ROPN1L,-1
URB2,-1
CLEC4C,-1
OS9,-1
LRIG1,-1
RPL13A,0
FZR1,0
EXO1,-1
NPHP4,-1
SLC44A2,-1
IMPG1,-1
MAEL,-1
CKAP5,-1
PIGR,-1
ZBTB2,-1
COL13A1,-1
ANK1,1
TLR10,-1
DUSP10,-1
MYO7A,-1
ZFP90,-1
LGI2,-1
MTA3,0
NPNT,-1
SLC9A2,-1
RAB8B,-1
SORCS3,-1
FANCB,-1
MLLT10,1
ZDHHC5,-1
SLC4A8,-1
RBBP8,-1
SHMT1,-1
NFYA,-1
OLAH,-1
PLAGL2,-1
ADCY3,-1
PSME2,-1
EIF3G,-1
SMCHD1,-1
SNIP1,-1
AP1S1,-1
C5AR1,-1
MPDZ,-1
NNT,-1
PMEPA1,-1
LRP6,-1
TOP2B,-1
SEC24A,-1
TSPAN7,-1
COL2A1,1
OTUD6A,-1
HSPB3,-1
PRIM2,0
NACA,-1
NFASC,-1
KCNJ8,-1
PPFIA1,-1
DBX2,0
CCL5,-1
GALR2,-1
HMBOX1,0
BRIP1,1
PHIP,-1
CDC37L1,-1
RNF165,-1
PCDHA6,-1
PML,1
MRPL3,-1
GALNT15,-1
ZNF540,-1
AP2B1,-1
CASP7,-1
TGFBR1,-1
RSPH1,-1
VPS13D,-1
CCL25,-1
LPL,-1
OR2T3,-1
CDH22,-1
IPO5,-1
IGLL5,-1
KRT17,-1
PFAS,-1
AFAP1L2,-1
NRG3,-1
LAMTOR1,-1
CBX8,-1
CCNB3,-1
RBM3,-1
POGK,0
ZNF594,0
SEMA3C,-1
ZNF599,0
LNPEP,-1
EPGN,0
OR11H12,-1
HOXD4,-1
SAMM50,-1
KCNJ9,-1
KRTAP6-1,0
MPPE1,-1
SMC5,0
OR51M1,-1
UQCRC2,-1
LRCH1,-1
ZNF300,-1
SCRT1,-1
EBF2,-1
LONP1,-1
HEATR5B,-1
RAX,-1
WHAMM,-1
RAD17,1
LRG1,-1
STEAP3,-1
ANKRD27,0
ACTR10,0
PHKA1,-1
ATP10A,-1
ACAD11,-1
UCKL1,-1
PLEC,-1
ALKBH3,-1
EDNRA,-1
JMJD6,-1
IMPG2,-1
TEK,-1
MAP4K4,-1
DCST1,-1
KDM5C,1
RMI1,-1
NELFCD,0
CLEC5A,-1
MEOX2,-1
MEP1B,-1
GATA3,1
SMARCB1,1
PRPF8,-1
SDC4,-1
ALDH3A2,-1
FARP1,-1
NSUN5,-1
ZNF770,-1
MCHR1,-1
TSPYL2,-1
TAF5L,0
ADAM8,-1
TBC1D5,-1
DKC1,-1
FLRT2,-1
OR51S1,-1
MRPL28,-1
KPNA1,-1
SYT4,-1
CDH11,1
GTF3C3,-1
HSD3B7,-1
ENO2,-1
LTBP4,-1
CASR,-1
NPY2R,-1
ESPN,-1
DNAH6,-1
CTTN,-1
PARD6B,-1
KAZN,-1
CAPN8,0
PTGES2,-1
LYPD4,0
LILRA3,-1
TFAP2C,-1
PLA2G4D,-1
RNF43,1
IGLV3-19,-1
NRK,-1
ZNF765,-1
VTA1,0
SPOCD1,-1
FDFT1,-1
DYNC1LI1,-1
ITK,-1
TRIM35,-1
SULT1C3,-1
LPCAT1,-1
TLR8,-1
PSMA6,-1
SCN2A,-1
MAGEL2,-1
MAPRE1,-1
ECHDC2,0
TANC1,-1
ZNF544,0
GPR26,-1
CHAMP1,-1
NCR2,-1
NFE2L2,1
KCNN2,-1
ETV1,1
FOLR2,-1
DCAF6,-1
RECK,-1
NRP1,-1
UTRN,-1
CEP192,-1
NFATC2IP,-1
SUFU,1
RPP38,-1
PCDHGA11,-1
LRRC4B,0
INO80D,0
ZC3H12D,-1
VPS26A,-1
ZFP14,0
TAGAP,-1
CSE1L,-1
PORCN,-1
SYDE2,0
ZNF565,-1
SLC2A6,-1
KCNS3,-1
OR2AK2,-1
NGF,-1
LRRC49,0
USP43,-1
CDH5,-1
OR1M1,-1
COL6A2,-1
NAALADL1,-1
PLCE1,-1
BNIP3L,-1
UGT2B17,-1
CNOT7,-1
SLC26A9,-1
PTPN14,-1
GAMT,-1
MYO9B,-1
COG1,-1
AMPD1,-1
PSAP,-1
ZSCAN5B,0
PKMYT1,-1
CPM,-1
AZI2,-1
RP1,-1
SCG5,-1
PHEX,-1
WDR46,-1
IGHG1,-1
CATSPER1,-1
INTS1,-1
KCNV1,-1
PFKFB1,-1
EXOC8,-1
DAB2,-1
HKDC1,-1
FBXL13,-1
RFX7,-1
MAGI3,-1
TOP3B,-1
KDM4C,-1
TLL1,-1
UQCC1,0
ASF1B,-1
PLEKHG3,-1
MOV10,-1
SETX,-1
TP53BP2,-1
HTR1D,-1
TMC8,-1
ZNF483,-1
GNAL,-1
SOX1,-1
RABEPK,0
ADAD2,-1
RAB21,-1
AURKC,-1
SCARA5,-1
TDRKH,0
ZNRF4,-1
MAPK8IP1,-1
OR10J1,0
TMEM70,-1
GALNT13,-1
DYNLT3,0
CYP2C18,-1
OR5J2,-1
OCLN,-1
MARK1,-1
KIF1C,-1
GRAMD1A,-1
ZNF800,0
INTU,-1
SNX17,-1
SLC22A11,-1
DEF8,-1
MINK1,-1
ANGPTL4,-1
TBC1D21,-1
MTAP,-1
GRM3,1
KCNH3,-1
MUC16,-1
GOLGA5,-1
ADI1,-1
GRK7,-1
GJB7,-1
PLEKHG4B,-1
GRIK3,-1
SMARCD2,-1
FGF8,-1
CRYBB3,-1
SEC11C,0
KRT37,-1
EVL,-1
THADA,-1
GP2,-1
GALNT10,-1
PHF2,-1
OR2AG2,-1
OR6C65,-1
HNF1A,1
FOXD2,-1
KLKB1,-1
GATA1,1
ADRA1A,-1
DVL3,-1
RGPD8,-1
DLX3,-1
NDST1,-1
TOMM20L,0
IVL,-1
RAI14,-1
MACC1,1
MGAT4C,0
ZNF516,-1
EPN1,-1
COL25A1,-1
QRFPR,-1
BORA,-1
PCDHB14,-1
DLG5,-1
RUVBL2,-1
TNIP3,-1
PCDHA1,-1
SYMPK,0
TRIM71,0
DDX21,-1
SLC38A6,-1
ZDHHC8,-1
ARHGEF1,-1
PLD4,-1
OR5P3,-1
TBCEL,0
NETO1,-1
GRM8,-1
SGIP1,-1
TRIM6,-1
OLIG3,-1
GNPTAB,-1
MAF1,-1
NPAS2,-1
NR2F2,-1
SIGLEC11,-1
STK33,-1
CUL5,-1
RPL7L1,-1
RPA1,-1
GRAMD4,-1
NUB1,-1
OR51G2,-1
IDO1,-1
ZNF556,0
PPP2R5C,-1
CYP7B1,-1
LRFN1,-1
PDE7A,-1
NCBP1,-1
MBD6,0
SFRP1,-1
BPGM,-1
SOS1,-1
SETD5,-1
CDK18,-1
REV1,0
ZNF592,-1
MYH14,-1
WNT7B,-1
ESPNL,-1
ZNF653,-1
ESRRG,-1
ELL2,-1
TPM4,-1
NLRP7,-1
OXGR1,-1
EMILIN1,-1
PLA2G5,-1
OR1L3,-1
DDX56,-1
POLR2A,-1
VPS8,-1
DOK3,-1
SLC25A47,0
SKAP2,-1
RBMS1,-1
TSNAX,-1
MCM2,-1
CCL7,-1
FOXJ1,-1
DIS3,-1
PBX1,1
CNTRL,-1
IGHV1-46,-1
EWSR1,1
RHOBTB1,-1
MYO7B,-1
POLR2H,-1
FCAMR,-1
TCF20,-1
FOXR1,1
OTOF,-1
ZNF850,0
SYVN1,-1
SEMA4F,0
PMPCA,-1
ZNF446,0
FLT1,-1
CYP4F3,-1
MAP2K3,-1
CTSO,-1
COL9A1,-1
ARHGEF17,-1
SH3GLB1,0
UBE3A,-1
EPB41L3,-1
CHRM2,-1
R3HDM1,-1
AIRE,-1
PATZ1,1
PANK2,-1
RAD50,-1
PHF21A,-1
SYP,-1
VIP,-1
WDR7,-1
MRPS25,-1
MOK,0
VSX2,0
CPT1A,-1
MFN2,-1
UCHL5,-1
STRAP,-1
PRRX1,-1
CR2,-1
RCL1,-1
OR6K3,-1
SNX27,-1
KDM2B,-1
LAX1,0
CSNK1A1L,0
PCDHB15,-1
ARR3,-1
CMKLR1,-1
NMS,-1
RAB3C,-1
THUMPD3,-1
ITGAD,-1
CPD,-1
RTN3,-1
GIGYF2,-1
FGD4,-1
RNMT,-1
UNC13A,-1
PAQR5,-1
L3MBTL4,-1
OR5K4,-1
LILRB3,-1
DNAH5,-1
RRAGB,-1
EXOC3L2,-1
IL37,-1
TBCB,0
KIF18B,-1
KCNU1,-1
KCNG2,0
EHD2,-1
PLCB1,-1
GJA8,-1
SYNE2,-1
PLXNB3,-1
HSP90B1,-1
PNPLA1,-1
FAM9B,-1
SSTR3,-1
DHRS2,-1
WDR20,-1
ITGAX,-1
DSCC1,-1
PDE4DIP,-1
PPP2R5B,-1
IGSF1,-1
ENOX1,-1
S1PR5,-1
SPTBN1,-1
NVL,-1
AQP1,-1
COL27A1,-1
INPP5D,-1
OR5H15,-1
CASK,-1
NPHS1,-1
CLDN16,-1
KCNA3,-1
TDRD6,-1
CBLB,1
DNALI1,-1
PYHIN1,-1
PODXL2,-1
PAXIP1,-1
FAM13B,-1
TRIO,-1
ZNF268,-1
HLTF,0
TFPI2,-1
PCDHGA3,-1
RFPL4A,-1
TUSC3,-1
ZW10,-1
SVOPL,-1
PRDM6,-1
MDC1,-1
ELP6,-1
PCDHB13,-1
GRPR,-1
TAB1,-1
UBR5,1
SYNE1,-1
RIMS1,-1
FBXO10,-1
IDH3G,-1
KCNAB2,-1
DGKG,-1
STX11,-1
ANXA4,-1
HAP1,-1
MX2,-1
ARHGEF16,0
INCENP,-1
CRP,-1
CLASP2,-1
PTPN13,1
TLL2,-1
SGK3,-1
DLC1,-1
MAP1S,-1
BEST3,-1
MYL10,-1
POLR1A,-1
PRKAA1,-1
FEZF2,-1
IL11RA,-1
SERPINA12,-1
EPHA5,-1
ZNF347,-1
MRAS,-1
EPHA6,-1
PADI1,-1
PRICKLE2,-1
ATP10D,-1
OR10H5,-1
RBBP5,-1
ZFP28,-1
TNNC1,-1
TTLL9,-1
RANBP2,1
DAAM2,-1
HNRNPA2B1,1
PQBP1,-1
SHOC2,-1
HECW2,-1
PHKA2,-1
BNIP3,-1
OR2T33,-1
FGF6,-1
ARHGAP24,-1
OR4D2,-1
ARHGAP23,-1
TIAM1,-1
HLA-DQA2,-1
MAN2B1,-1
PMPCB,-1
REXO1,-1
EGFR,1
PANK1,-1
OR52E4,-1
BSX,-1
SIN3A,-1
ZNF480,-1
SEC16B,-1
GRIN3B,-1
TGS1,-1
MMP20,-1
KAT5,-1
NCOA2,1
USP45,-1
KCNH1,-1
TRAV17,-1
CLEC16A,-1
XPNPEP2,-1
EFEMP1,-1
SPIRE2,0
PGR,-1
PSMD14,-1
CPSF6,-1
ZBTB49,-1
ESRRB,-1
C2CD3,-1
MYO6,-1
ZNF74,-1
ZNF302,0
RNF168,-1
MYOF,-1
CCDC14,-1
AHNAK2,-1
FGFBP1,-1
TRAK2,-1
PARPBP,0
HECTD2,-1
TUBE1,-1
UNC13D,-1
MRPL55,-1
ZSCAN12,-1
ZNF609,-1
AUNIP,-1
CD1B,-1
USP6,1
CFH,-1
BCL2L11,-1
PRKG2,-1
DKK2,-1
TOB2,-1
IFIH1,-1
ULK4,-1
SNAPC4,-1
HEYL,-1
PSMD8,-1
CHM,-1
RALY,0
OR4F15,-1
BCL2L1,-1
MSN,-1
CHRNA1,-1
TRAF3IP2,-1
ZSCAN1,0
DNAJC21,-1
ZNF343,0
NKTR,-1
NR4A2,-1
LRRC55,-1
MERTK,-1
LRBA,-1
PCDHGC3,-1
ARHGEF11,0
ZBTB42,-1
LSM14B,0
PRPF40B,1
SLC9A8,-1
CDK16,-1
MAGEB4,-1
USP37,0
ACR,-1
DBR1,-1
HOXB3,-1
KIF3A,-1
CHD5,-1
ELANE,-1
ZNF417,0
CBFA2T2,-1
SMYD1,-1
PFDN5,-1
TAF4B,-1
KCNMB3,-1
BNIP1,-1
SLC9A3,-1
USP32,-1
HDAC5,-1
CD7,-1
MAGEA12,-1
DLGAP5,-1
MLLT3,-1
LIN7A,-1
DCTN4,-1
RTTN,-1
KRT25,-1
OR5W2,-1
POU2F1,0
ASB7,-1
FTH1,-1
AP1G2,-1
C1GALT1,-1
KLK2,-1
PNOC,-1
BAK1,-1
PTPRC,1
COL8A1,-1
CHRNA7,-1
XRCC6,-1
LOXL3,-1
TBCD,-1
GTF2I,-1
PCDH17,-1
KDM4D,-1
CLINT1,-1
EXOC6,-1
ZMYM2,-1
POGLUT1,-1
IL20,-1
DACH1,-1
CCNB2,-1
CAPZA1,-1
UNC13B,0
SCNN1B,-1
KCNA6,-1
RGS13,0
CD151,-1
CPOX,-1
XPO1,1
SP3,-1
SIPA1L1,-1
FLYWCH1,-1
IGSF8,-1
ZNF766,0
NEUROD4,-1
CD36,-1
TP63,1
RCC1,0
CNTN1,-1
MUSK,-1
CHPF2,-1
TRIM58,-1
TFAP2D,-1
PPRC1,-1
NDST2,-1
USP6NL,-1
ARHGEF25,-1
TRIM8,-1
RDX,-1
TRIM55,-1
ACSBG1,-1
RIPK2,-1
GRN,-1
ABCB8,-1
CCL18,-1
HSPA1B,-1
WDR62,-1
WDR33,-1
LCAT,-1
ARHGEF7,-1
ZDHHC23,-1
CLEC4G,-1
TFIP11,-1
BACH1,-1
TMED1,-1
TRAV23DV6,-1
DTYMK,-1
SON,-1
ZNF358,-1
ZNF585A,0
OR8G1,-1
SIPA1,-1
KCTD19,-1
STMN1,-1
RNF10,-1
TCEA1,-1
SDF2,-1
LRFN4,-1
VAMP4,0
ITIH2,-1
GSN,-1
FAP,-1
MYO9A,-1
NPTX2,-1
SLC10A7,0
TRPM8,-1
SLC7A11,-1
CALM3,-1
GLI1,1
COX20,-1
OR2M7,-1
ELK3,-1
ATP8B2,-1
LRRC8D,-1
VCAN,-1
KIAA0586,-1
NFXL1,0
PRDX6,-1
MAB21L2,-1
KCNK3,-1
CIR1,-1
KCNA1,-1
RAPGEF1,-1
USP24,-1
RGS6,-1
TNFSF13B,-1
NELL1,-1
GRK6,-1
SGTB,-1
CLSPN,0
ZMIZ1,-1
DOCK6,-1
POP4,0
OR10AG1,-1
SLC39A7,-1
HCFC1,-1
KIT,1
RGL1,-1
LAMC2,-1
SYNGAP1,-1
SCN10A,-1
ZCCHC8,-1
LILRB1,-1
ZNF253,-1
ZC3H8,0
PLXNA4,-1
UVSSA,-1
ANKLE2,-1
IL6ST,1
LEO1,-1
TRBV27,-1
PDHX,-1
COL23A1,-1
CDC42EP2,-1
EPHB1,-1
PDCL,-1
GLIS3,-1
BSG,-1
OR11A1,-1
CDH18,-1
EPHA10,-1
VPS51,-1
BNC1,-1
NRG1,1
ZNF747,0
TGIF2LX,-1
ZNF384,-1
MAPKAP1,-1
LCE1B,-1
NUBP1,-1
FLG,-1
PWWP2A,-1
ELK1,-1
OR2W1,-1
SERPING1,-1
MIB1,-1
SLC30A5,-1
SCN11A,-1
TESK1,-1
ARX,-1
ZNF697,-1
ZSCAN18,0
OTUD4,-1
ADORA2A,-1
GMPR2,-1
SEC16A,-1
OR5V1,-1
RPL3,-1
NOL12,0
ESYT3,-1
WDR36,-1
KIF2B,-1
MRPL47,-1
SLK,-1
MSTN,0
PIKFYVE,-1
GART,-1
TIE1,0
OGFOD1,-1
DPP9,0
ERC2,-1
ZNF649,-1
ZNF622,-1
OR1N1,-1
ZNF408,-1
KSR1,0
TAS2R4,-1
EIF2D,-1
TULP4,0
SNRPN,-1
PIK3C3,-1
ACAP2,-1
SMARCA4,1
TFAP2A,-1
ZKSCAN3,-1
SUPT3H,-1
MUC3A,-1
SUMF2,-1
SYCP1,-1
CNPPD1,0
EDEM2,-1
MLLT1,-1
PKD1L1,-1
CDHR5,-1
STEAP4,-1
KIF13B,-1
NCKAP1,-1
DCP2,-1
MGAT1,-1
ZNF771,0
FAM111B,-1
MED1,-1
ZNF440,0
GUCA2B,-1
GABBR2,-1
MAST1,-1
SNX14,-1
HACE1,-1
PCDH7,-1
HCN2,-1
AMOTL2,-1
SCN8A,-1
RBMS2,-1
PLA2G12A,-1
MYH2,-1
SESN3,0
OR5M10,-1
LTBP1,-1
NFIC,-1
RAP2C,-1
CDSN,-1
ANKRD50,-1
RPL10L,0
GPC6,-1
WDR76,-1
TTLL4,0
PCDHA12,-1
SRGAP2,-1
ZNF709,-1
KHDRBS3,-1
DDX41,-1
PRRT2,-1
CYP2J2,-1
CAPRIN1,-1
MYH8,-1
AP3D1,-1
LRP1B,1
VBP1,-1
BIN3,-1
PRG2,-1
ARHGAP35,-1
DUSP22,-1
BCL3,1
MUC21,-1
KTN1,-1
ZNF174,-1
PTN,-1
PCDHGB2,-1
DNTT,-1
MN1,1
CADM1,-1
ZNF624,0
HOXD3,-1
UBQLN2,-1
TPSD1,-1
ZFC3H1,-1
OR10J5,-1
MIEF2,0
OR5AU1,-1
INSRR,-1
PABPC4,-1
TIMM50,-1
SH2B3,1
APBB1,-1
MAGED1,-1
ICAM2,-1
CPT1B,-1
AMIGO2,-1
ATG2B,-1
ASPH,-1
OR51T1,-1
KIF22,-1
RBM26,-1
OR5K1,-1
WDHD1,-1
LAPTM5,-1
STAT1,-1
SLC4A5,-1
SPAG6,-1
SSBP2,-1
ETFB,-1
GOPC,-1
GAPDH,-1
FZD1,-1
ZNF616,0
RPA4,-1
OR4D5,-1
TNFAIP3,1
EIF4H,-1
GPR37L1,-1
IRX4,-1
OR4C46,-1
BMP5,1
TGIF1,-1
KLRC4,-1
PF4,-1
CACNA1A,-1
USE1,0
XDH,-1
SLC26A2,-1
TRNAU1AP,0
RC3H1,-1
ADH1C,-1
ILK,-1
BMP1,-1
PTPN2,-1
PPP2R2B,-1
TRIP12,-1
DZIP3,-1
TOM1,-1
RGL2,-1
HYAL2,-1
SERPINH1,-1
GPC1,-1
TNFRSF4,-1
NMT1,-1
GC,-1
COQ5,-1
GK2,0
ERLEC1,-1
ZNF519,0
PXN,-1
POLR3B,-1
TBP,-1
ABCC4,-1
CYP8B1,-1
ELP5,-1
PDE10A,-1
KIAA0319,-1
FIG4,-1
ZNF672,0
GGA3,-1
TRAV16,-1
IRX5,-1
ZNF101,-1
MRPS15,-1
TIMM44,-1
SCN1A,-1
BAMBI,-1
PITRM1,-1
OR5M3,-1
ZNF333,-1
ALX1,-1
IGKV2-28,-1
ESRP2,-1
RPS26,-1
OR13C9,-1
KCNJ6,-1
FAT2,-1
RGS17,0
