genename,label
NCKAP1L,0
OTX1,-1
OR2G6,-1
POTEE,-1
PELO,-1
RBL1,-1
HELLS,-1
ACTA2,-1
NLGN4Y,-1
HNRNPCL1,0
TSHZ2,-1
XPO4,-1
RRP12,-1
DNMT1,1
STXBP5L,-1
ZNF560,-1
NDUFA9,-1
GRIN2A,1
LPP,1
ZNF644,-1
IPO4,0
CHD2,1
IL1R1,-1
TNFRSF1B,-1
FASTKD3,-1
CYP2U1,-1
UBXN6,-1
PLCB4,-1
MAP3K6,-1
PIK3C2A,-1
GCC2,-1
GNL3L,-1
MMRN2,-1
ZFYVE16,-1
GIP,-1
HNRNPD,0
TCF3,1
CTPS2,-1
SERPINB8,-1
CYSLTR2,1
SCRIB,-1
THBS1,-1
HELB,-1
CXCR1,-1
PKLR,-1
DNAH7,-1
MED13L,-1
DDC,-1
PI4K2B,-1
CNTNAP1,-1
OR2T4,-1
RPL12,-1
INTS9,-1
TAOK3,-1
TBX20,-1
CATSPER4,-1
ENPP2,-1
PCSK1,-1
DMRTB1,-1
MED31,0
GABRE,-1
GALNT14,-1
CEP350,-1
TCERG1L,-1
S100A6,-1
DCX,-1
OR2B2,-1
FBXL5,-1
PASK,-1
SIRT4,-1
SLC25A12,-1
OR5B2,-1
ACOT7,-1
SMCR8,-1
ADAMTS6,-1
TRAV36DV7,-1
CUBN,-1
OSTC,0
STAT5A,-1
U2AF1,1
RHPN2,-1
ABCC9,-1
KAT8,-1
KDM6A,1
DNAAF2,0
DDX42,-1
FAM83B,-1
YY2,-1
SPTAN1,-1
CDC42,-1
CBR1,-1
KCND3,-1
HINT1,-1
RBM15,-1
IRS1,-1
DAAM1,-1
CST6,-1
PFKFB4,-1
STAT4,-1
NAP1L1,-1
LRFN3,-1
OR51I1,-1
TRIM23,-1
PSAT1,-1
HOOK3,-1
BCL2L12,1
CDH9,-1
MAP1B,-1
GABRA2,-1
TRAPPC11,-1
KCTD3,-1
SLC39A14,-1
TEAD1,-1
COG4,-1
COL12A1,-1
STAG2,1
CAMK2A,-1
B3GNT3,0
ZNF41,-1
TTN,-1
IQSEC2,-1
SMC3,-1
SAMD1,-1
CCL23,-1
SCAI,0
TPTE2,-1
ABR,-1
ERG,1
KIF19,0
CYP2C9,-1
ACTL9,-1
AHI1,-1
CACNA2D1,-1
CDH8,-1
NLRP4,-1
PCID2,-1
KRT80,-1
RFWD3,1
TBC1D22B,-1
ADAR,-1
ITGAV,1
CAPN9,-1
TLE3,-1
EYA4,-1
CBX1,0
TNPO2,-1
ZFHX4,-1
PLEKHM2,-1
SEC24B,-1
RABEP2,-1
STX4,-1
DNAH10,-1
LIPK,-1
VPS4B,-1
DDX3Y,-1
ZNF680,-1
SMG1,-1
CUL4B,-1
BEX1,-1
PRDX1,-1
NDRG4,-1
RYR3,-1
NRXN3,-1
CTBP2,-1
ZNF512B,-1
PLA2G2A,-1
ZEB2,-1
RBM12,-1
SCAP,-1
KRR1,-1
ADCK1,-1
NBEA,1
ARVCF,-1
CBLN3,-1
SHANK1,-1
RLIM,-1
MMP11,-1
DDX53,0
CNIH2,-1
ZC3H12C,-1
CFTR,-1
PRSS53,-1
ETS1,-1
CYP27B1,-1
PHGDH,-1
PCDHGA4,-1
TRAPPC5,0
INTS10,-1
PLAG1,1
PEX10,-1
NFAT5,-1
BEND6,-1
RNF40,-1
OR13C8,-1
TNS1,-1
SRGAP1,-1
AXIN1,1
RALGAPA2,0
TXNDC2,-1
PRR5L,-1
EFR3A,-1
AAAS,-1
OR4C6,-1
MYO10,-1
LRPAP1,-1
MET,1
FBF1,0
DUS2,0
NIPA1,-1
BIRC6,1
PREX1,-1
SASH3,-1
CNGA3,-1
NRROS,-1
EFTUD2,-1
DOCK8,-1
SBF1,-1
PRRC2A,-1
ATP2A2,-1
PEX5,-1
CAMP,-1
CRB1,-1
NTN4,-1
HNRNPDL,-1
SULT2A1,-1
ATAD2,-1
NPEPPS,-1
ATXN2L,-1
OR14C36,-1
MMP3,-1
MBIP,-1
TPO,-1
PPP1R13B,-1
OR11G2,-1
WNK2,1
ELOVL1,-1
HCST,0
TECTA,-1
PTPRT,1
MAU2,-1
CDKN2A,1
SIM1,-1
CHST11,1
PI4KB,0
TYRO3,-1
JMY,-1
ZNF142,-1
CD3D,-1
ATG2A,-1
SLAMF1,-1
CSRNP2,0
KIF1B,-1
RPL4,-1
ALX3,-1
POU2F3,-1
ABHD5,-1
VPS52,-1
CELF2,-1
GBA2,-1
FCER2,-1
CYP2E1,-1
EPPK1,-1
ZNF177,-1
CNNM1,-1
CHST5,-1
STXBP1,-1
GABRR2,-1
PCDH11X,-1
OTUD5,-1
GRB7,-1
HLA-DRA,-1
KIR2DL1,-1
CREBBP,1
DPP8,-1
FRS3,0
EZR,-1
ZNF43,-1
TDRD1,-1
NYAP1,-1
DMD,-1
NRAS,1
PPP2R1A,1
POU4F3,-1
ACACB,-1
SYTL5,0
OVGP1,-1
SLITRK4,-1
DNASE2,-1
ZNF410,0
FXYD4,-1
DHCR24,-1
PLCB3,-1
AKT2,1
CPS1,-1
CACNA2D3,-1
USP10,-1
TLN2,-1
HYPK,-1
PDE5A,-1
CYC1,-1
KBTBD8,-1
C4BPA,-1
FLII,-1
TUBB4B,-1
SCN3A,-1
LRRTM2,-1
CEP164,-1
ZNF28,-1
TRIM26,-1
NPAT,-1
GFPT1,-1
SRP68,-1
TMEM67,-1
PTPRR,-1
TEX14,-1
ZNF292,-1
B3GNT5,-1
ERGIC2,-1
RBM4B,0
SMARCC2,-1
FLNA,1
LAMB1,-1
CHRNA9,-1
SLC6A20,-1
PIK3CA,1
A2M,0
FGF20,-1
ZIC2,-1
HIC2,-1
USP48,-1
FOLH1,-1
SLC6A19,-1
KLC4,0
MYBBP1A,-1
HIP1R,-1
OR1J2,-1
DENND5A,-1
SPATA13,-1
DISP1,0
TNR,-1
PABPC1,1
VCAM1,-1
APOB,-1
CPT1C,-1
MAP3K15,-1
PINK1,-1
SPINK9,-1
APC,1
OR4A5,-1
ATG14,-1
PIP4K2C,-1
ANKZF1,-1
PDS5A,-1
CYP2C19,0
RPS4X,-1
NBR1,-1
ZNF497,-1
CCNT2,-1
DDX46,-1
TNFSF4,-1
KRT9,-1
KLF6,1
SHROOM2,-1
UNC45B,-1
PLXNA3,-1
COIL,-1
HIF3A,-1
LTBP3,-1
DISC1,-1
UGT1A4,-1
CYLD,1
TBC1D9,-1
SELENBP1,-1
KERA,-1
HNF4A,-1
FFAR4,-1
PC,-1
CD109,-1
HSD17B1,-1
SLC12A4,-1
PLCG1,1
LEPR,-1
SCAF1,-1
ZNF223,0
ATP2B3,1
SF3B1,1
DYNC1I1,-1
PF4V1,-1
VN1R2,-1
ATL2,0
ADAMTS2,-1
CDH23,-1
MYO18B,-1
PIGO,-1
SLC25A45,-1
RSF1,0
GDI1,-1
ATP6AP1,-1
UBC,-1
ZNF117,-1
GNPAT,-1
ABCB11,-1
CDKN1A,1
DLG1,-1
IFNAR2,-1
MACF1,-1
TEAD4,-1
TYK2,-1
ME1,-1
PIK3C2G,-1
NUP93,-1
MTTP,0
SLC2A9,-1
IPO9,0
ALOX12B,-1
PCDHA8,-1
DCST2,-1
HSP90AA1,-1
ANO3,-1
SH3PXD2A,0
EEF1A2,-1
SLC26A8,-1
INTS2,-1
KCNJ10,-1
TRIB3,-1
STX1B,-1
FNIP2,-1
LONRF2,-1
KANSL3,-1
ETV5,1
OR4D9,-1
BPI,-1
KIAA0226,-1
ADH4,-1
ATP2C2,-1
RPL22L1,0
ZNF763,0
ADAMTS16,-1
FLNC,-1
PRCP,-1
PLXNC1,0
PARD3,-1
MUC2,-1
PIK3CD,-1
EIF3D,-1
TNFSF15,-1
ATP1A4,-1
KEL,-1
ANO5,-1
NEDD4,-1
ENGASE,0
USP5,-1
ZBTB39,0
DOCK5,-1
RBM47,0
KIR3DL1,-1
RMND1,-1
ZNF207,-1
PCDHB10,0
TECPR2,-1
AP5Z1,-1
EVPL,-1
FANCI,-1
ZFHX3,1
RTEL1,-1
SLC44A1,-1
RXFP2,-1
WIPF1,-1
MLIP,-1
RUFY2,-1
ZNF254,-1
KCNIP4,-1
CHGB,-1
NKIRAS1,-1
ZNF280C,0
KDM3A,-1
EMC4,-1
SLC2A14,-1
B3GAT3,-1
MEPCE,-1
EIF3A,-1
PDSS1,-1
EIF2S2,-1
RIOK1,-1
NDUFS1,-1
LIMD1,-1
RPS2,-1
TIMELESS,-1
OR4S1,-1
SEMA6B,-1
MITF,1
LCA5,-1
ASB10,-1
FHL5,-1
CCT2,-1
FZD8,-1
SPTA1,-1
CAPN13,-1
RNF146,-1
ASCC3,-1
MYH13,-1
ABCC10,-1
WDTC1,-1
ZC3H4,-1
KMT2D,1
VEGFA,-1
TRPV2,-1
ZNF492,-1
COL3A1,-1
EHBP1,-1
VNN2,-1
UTP20,-1
PCDHB11,-1
KANK2,-1
SNAI2,-1
PTK2B,-1
TAS1R3,-1
STEAP2,-1
VGLL3,-1
PTGES,-1
GAS2L3,-1
PRUNE2,-1
POLL,-1
KIF27,-1
COMMD5,-1
CGN,0
CENPT,-1
TNNT3,-1
ANGPTL6,-1
REV3L,-1
CACNA1C,-1
NGEF,-1
IL16,-1
ADAMTSL4,-1
FPR1,-1
SLC6A3,-1
HIGD1A,0
GSPT2,-1
MYBPC3,-1
TBC1D1,-1
ABCF1,-1
RTP1,-1
BRWD1,-1
TECR,-1
CALHM2,-1
LMOD1,-1
C1R,-1
FOXP4,-1
BGN,-1
BCL9,1
HSPG2,-1
DNM2,1
CAND1,-1
CHCHD2,-1
FECH,-1
CACNA1D,1
FCGR2B,1
CLDN6,-1
ABCD1,-1
MRAP2,-1
PPID,-1
TBC1D9B,-1
RCOR2,-1
CHD3,-1
SPAG9,-1
MCMBP,-1
IGLV8-61,-1
NAP1L3,-1
HSPA5,-1
TFE3,1
BPTF,-1
ZNF860,0
DOK5,-1
CTCF,1
EXOC7,0
OR5D18,-1
STAT5B,1
MED15,-1
ZNF263,-1
ERBB3,1
RPL35A,-1
ANGPT2,-1
MED12L,-1
FCRL5,0
CHRM4,-1
MARK3,-1
RAPGEF6,-1
ZNF491,0
FASN,-1
VPS13B,-1
ADM,-1
CORO7,-1
SORBS3,-1
AMBN,-1
EXOSC3,-1
SPINK5,-1
SQLE,-1
SLC9B2,0
EPS15L1,-1
SPTBN2,-1
GPR141,-1
MECOM,1
STK31,-1
PELI1,-1
AK7,-1
LYST,-1
KCNV2,-1
PCDH15,-1
PTPN4,-1
OAS3,-1
GALNT12,-1
CSNK1D,-1
DNAH17,-1
ACOT12,-1
FOXR2,-1
MIA3,-1
NCKIPSD,-1
DCLRE1C,-1
POGZ,-1
E2F3,-1
SH2D2A,-1
MSH2,1
PCM1,-1
SENP5,-1
TRPC3,-1
GPSM3,-1
ZNF91,-1
ENPEP,-1
OR2T27,-1
CD200R1,-1
UBR2,-1
FAT4,1
RERE,-1
CDK5RAP2,-1
NLRP6,0
ATG9B,-1
SLC38A9,-1
DCLRE1A,-1
ZNF611,0
CABP5,-1
OR5I1,-1
GRM2,-1
IGHM,-1
UGT2B15,-1
COL5A1,-1
SLC13A1,-1
CDH12,-1
CRY1,-1
EHD1,-1
RRN3,-1
UBR4,-1
DNAI2,-1
TPM3,1
ARFGAP2,-1
HRAS,1
PTPN21,-1
NOL9,0
PTPRB,1
ARMC8,-1
DIAPH1,-1
ZNF528,-1
DBT,-1
CDH7,-1
TAF2,-1
SPOCK2,-1
MCM4,-1
WFS1,-1
TDRD5,-1
KAT6B,1
FLT3LG,-1
POLQ,1
DGKQ,-1
FBXL2,-1
XIRP2,-1
ID2,-1
SYTL4,-1
ANP32A,-1
SYT12,-1
GRIA2,-1
DNAJB9,-1
SYT17,0
LGI3,-1
CYP19A1,-1
ZNF318,-1
OR4C3,-1
METTL2B,-1
INTS3,-1
GEMIN5,-1
STAT2,-1
TACC2,-1
PSG7,-1
LIMS1,0
ZMIZ2,-1
FRAS1,-1
VEZT,0
LIG4,-1
ZMYND11,-1
COG7,-1
DGKA,-1
MAT1A,-1
PLK2,-1
TRBV19,-1
TSFM,-1
PFKP,-1
TET1,1
CAPN1,-1
COL4A5,-1
TRIM33,1
THBS3,-1
SLITRK1,-1
HMG20B,-1
MUC7,-1
OR1N2,-1
PRKDC,-1
DICER1,1
DERL1,-1
GLP2R,-1
TAB3,-1
SENP6,-1
TRAV9-2,-1
BRD7,-1
HNRNPA1L2,0
CAP2,-1
CAD,-1
MECP2,-1
LHFPL5,-1
GFI1B,-1
LAMA4,-1
TMC1,-1
ARSH,-1
MYOCD,-1
UQCRC1,-1
SETD2,1
FGL1,-1
DAP3,-1
AP2A2,-1
CASP5,-1
CD93,0
SP140,0
LCE1C,-1
ALG10B,0
ZNF467,-1
VMP1,-1
JPH2,-1
TMEM50B,-1
DUOX1,-1
RBM12B,-1
FRYL,-1
PLEKHG1,-1
SECISBP2,-1
IK,-1
FOXP3,-1
ZNRF3,1
OR5AS1,-1
DMTN,0
KIF1A,-1
PNMA5,-1
ZBTB22,-1
CLCN5,-1
NUP214,-1
KIAA1549,-1
DPYSL5,-1
ZNF169,-1
OLFM1,-1
DOCK2,-1
RASSF1,-1
FIGNL1,-1
GGN,-1
CSPP1,-1
JAK2,1
RFX5,-1
OXT,-1
CD101,0
RGS9,-1
FMR1,-1
DYNC1H1,-1
PIGS,-1
PDIA5,-1
PLA1A,-1
COL4A1,-1
RBBP6,-1
ZNF490,0
CPZ,-1
RSU1,-1
GRM6,-1
ADCY7,-1
ASB12,-1
SCAF4,-1
MYH1,-1
SLC5A2,-1
CEP152,-1
ATRX,1
HEATR1,0
YES1,-1
OR8K5,-1
DYNC2H1,-1
SP1,-1
OR2L3,-1
KEAP1,1
MMP7,-1
MYO1C,-1
TYMP,-1
CSRNP1,-1
OR4A47,-1
PRKD1,-1
KCNIP3,-1
COL22A1,-1
HLA-DMB,-1
CREB3L3,-1
IRF4,1
PDPR,-1
ESYT2,-1
PAXBP1,-1
TLR4,-1
DAB1,-1
ARHGAP32,-1
SIX5,-1
OR8H2,-1
ZNF521,1
APC2,-1
ZNF226,-1
BBS7,-1
GRIN2D,-1
CLK1,-1
IL17RB,-1
CKAP2L,-1
NPC1L1,-1
USH1C,-1
CASP6,-1
CIT,-1
SERPINE3,-1
TRIM36,-1
XRCC3,-1
LLGL1,-1
OR52A1,-1
CLCN3,-1
KRBA2,-1
SLA,-1
RICTOR,-1
USP26,-1
SNX20,-1
ING1,-1
SPOCK3,-1
GPR139,-1
CA13,-1
HLA-DPB1,-1
S100A7,1
THOC1,-1
KMT2B,-1
SBNO2,-1
VTN,-1
LYZL6,-1
ATP7B,-1
MCM8,-1
IGF1R,-1
RAB27A,-1
PEX7,-1
RELN,-1
CYB5R2,-1
ZNF341,-1
WNT4,-1
RNF113A,-1
STAG1,1
FBXL20,-1
ST6GALNAC4,0
UMOD,-1
CYP11A1,-1
CFHR5,-1
CCNT1,-1
RIOK2,-1
KCNA4,-1
LRPPRC,-1
GLE1,-1
DUSP5,-1
RAB33B,-1
MED11,-1
PARP9,-1
IFNGR1,-1
ZNF713,-1
TNRC6A,-1
TCN2,-1
CYTH1,-1
ZNF236,-1
DAGLA,-1
DNAJB11,-1
ZNF2,-1
PRRC2C,-1
FAM131B,-1
DOCK11,-1
CELSR1,-1
CRELD2,0
ARSI,-1
HCN1,-1
CRTC2,-1
ZNF564,0
TRIOBP,-1
BCLAF1,1
ZNF319,0
SDC1,-1
KCNIP2,0
FUT3,-1
MST1R,-1
SACM1L,-1
DYSF,-1
MTO1,-1
SPIN2B,0
CNR2,-1
VANGL1,-1
STAC2,-1
GPN1,0
ITGA3,-1
KIF2A,-1
AHRR,-1
ECE2,-1
GRIN2B,-1
MRPL10,-1
SCEL,-1
KRT33B,-1
TTI1,-1
ABCC2,-1
KIF21B,-1
RRP8,-1
NGFR,-1
NHS,-1
RRP7A,-1
EPS8L1,-1
LINGO1,-1
SLC25A33,-1
CASZ1,-1
ERC1,-1
ROS1,1
CBX5,-1
TUBA8,-1
DIRAS1,-1
PCDH19,-1
SFI1,-1
KRTAP6-2,0
ITGB2,-1
OR7A5,-1
ZNF543,-1
MYBL2,-1
NFE2L3,-1
TYRP1,-1
DNAJC11,-1
GRIK1,-1
YWHAE,1
TRIM11,-1
ARHGEF15,0
CUL1,-1
USP28,-1
PLCH1,-1
FOXE1,-1
CHD1,-1
RINT1,-1
SLC3A2,-1
TAAR5,-1
RAB6B,-1
AGL,-1
EIF2AK4,-1
ERCC3,1
S1PR1,-1
FCN2,-1
BTN2A1,-1
DHX37,-1
MMP24,0
EHMT2,-1
DENND4B,-1
PMM2,-1
CLTCL1,1
DHX8,-1
PRDM9,-1
TPR,-1
SLC39A2,-1
LCT,-1
ALDH2,-1
RUNX1T1,1
WDR35,-1
GNAS,1
FMNL3,-1
CHRDL1,-1
CEP250,0
PSG2,-1
OR2AT4,-1
TCF7L1,-1
HTR3A,0
ATP12A,-1
RAP1GAP,0
ZNF790,0
ADCY9,-1
KIAA1522,-1
RABEP1,-1
TNIK,-1
KIF4B,-1
MIB2,-1
ABAT,-1
ATAD3A,-1
NIPBL,-1
TAS1R2,-1
RBBP4,0
SLC6A2,-1
PTCH1,1
BCOR,1
AVP,-1
SPR,-1
TNRC6B,-1
SALL2,-1
ABCB7,-1
CC2D2A,-1
ZSCAN5A,0
RHOT2,-1
CCAR2,-1
SLC25A10,-1
TRIM24,1
IL18RAP,-1
GFRA3,-1
DDX51,-1
FCGRT,-1
AMY2A,-1
PPARGC1B,-1
BICD1,-1
GAS2L2,-1
NCR1,-1
RFXAP,-1
ZFPM1,-1
TMF1,-1
VCP,-1
LNX1,-1
BRIX1,0
TRPA1,-1
TSPYL1,-1
OR4L1,-1
ANAPC5,-1
CELF4,-1
RBM7,-1
CNN2,-1
RB1,1
PRND,-1
CNGB1,-1
RAB33A,-1
RXFP1,-1
OR5H14,-1
UNC80,-1
GSTO2,-1
DENND5B,-1
CSPG4,-1
TP53BP1,-1
ACSS2,-1
PACSIN3,-1
IRF3,-1
ALDH5A1,-1
KCNN3,-1
CDH19,-1
PHLPP2,0
CDKN2C,1
LTBP2,-1
PLXNB1,-1
ZNF234,-1
AP5B1,-1
ZXDC,-1
ERBB4,1
GRXCR1,-1
STK32B,-1
NAA30,-1
ALPK3,-1
PLA2G6,-1
DCAF12,0
PPP1R3B,-1
HIVEP3,-1
CX3CL1,-1
KRT31,-1
HS3ST2,-1
U2SURP,-1
ARAP3,-1
FBXW7,1
GDF2,-1
CLSTN2,-1
CD84,-1
CGNL1,-1
SERPINA9,-1
TPST2,-1
FMNL1,0
MYLK,-1
PLCL1,-1
IL12RB2,-1
DDX4,-1
GHR,-1
ANTXR2,-1
IRX2,-1
NINL,0
SERPINB4,-1
TEX101,-1
RAB36,-1
TAX1BP1,-1
ZSWIM8,-1
AFF3,1
MAPKAPK3,0
OR5M1,-1
ACBD5,-1
POSTN,-1
KMT2C,1
ACSM2B,-1
GDI2,-1
PPP1R13L,-1
B3GAT1,-1
ADAMTSL1,-1
OR2J2,-1
GMIP,-1
FANCD2,1
UBXN2B,-1
PKDREJ,-1
HNRNPH2,-1
UGT2A1,-1
CR1,-1
HTR3C,-1
ABCA12,-1
RAB11FIP1,-1
KHDRBS2,-1
NANOS3,-1
OR4K2,-1
BECN1,-1
FLT4,1
EEF1A1,-1
AKR1D1,-1
EIF1AX,1
EXOC2,-1
DTNA,-1
ZNF407,-1
HPX,-1
FBLN1,-1
LRIG3,1
TTC8,-1
PALMD,-1
SMUG1,-1
SCN9A,-1
CASP14,-1
TRPV3,-1
SSTR2,-1
PRMT1,-1
BCL11A,1
ETF1,-1
EIF4G2,-1
CD209,1
DNMT3A,1
ADH7,-1
PRDM4,-1
CDK11A,-1
AFTPH,0
CATSPERB,-1
STT3B,-1
SIGLEC8,-1
DNAH8,-1
PTGER3,-1
PCDHGC4,-1
MYO5A,-1
GRM4,-1
RNF13,0
RPTN,-1
KRT18,-1
CRHR1,-1
UNC79,-1
ATP1A1,1
PRPF39,-1
BCKDK,-1
NID2,-1
CDCA2,0
TBC1D14,-1
EBI3,-1
OSGIN1,-1
ARHGAP15,-1
TAF1L,-1
ARHGEF6,-1
DOCK10,-1
NFATC4,-1
GULP1,-1
CHRNB3,-1
GTPBP4,0
CC2D1A,-1
IPO11,-1
UBE4A,-1
GBP5,-1
SRP72,-1
PKN2,-1
IRAK3,-1
RPL13A,0
ABL2,1
FZR1,0
RBM15B,-1
PKNOX1,-1
SLC44A2,-1
KIF21A,-1
IMPG1,-1
ATN1,-1
LRRK2,-1
FBXO11,1
RPL10A,-1
MSI1,-1
UBR1,-1
HCAR1,-1
ZBTB2,-1
VLDLR,-1
MPHOSPH8,-1
ANK1,1
TUBG1,-1
HMGB3,-1
OGDHL,-1
GRID2,-1
LEMD2,-1
NDUFS8,-1
OAS2,-1
MYO7A,-1
ZFP90,-1
ZNF629,0
HHEX,-1
RALGAPB,0
CATSPERG,-1
SORCS3,-1
CDK12,1
DDX54,-1
ZBTB46,-1
AHNAK,-1
RAB41,-1
SLC4A8,-1
RBBP8,-1
MOG,-1
TGFBR2,1
SP4,-1
GOLGB1,-1
ALG13,-1
ALB,-1
SLC8A3,0
DPH1,-1
SHANK2,-1
SMCHD1,-1
KRT35,-1
ARFGEF2,-1
DNAJA2,-1
OR13F1,-1
FGD1,-1
MPDZ,-1
ZC3H12A,-1
CDHR1,-1
NNT,-1
MBTPS1,-1
DRP2,-1
KMT2A,1
GPT,-1
SDC2,-1
STC2,-1
CENPI,0
OR5AK2,-1
ZNF623,0
ZNF831,-1
HEXB,-1
COL2A1,1
F9,-1
DHX29,-1
UTP3,-1
OTUD6A,-1
TPH2,-1
HMOX2,-1
CHP1,0
COL8A2,-1
DSP,-1
MOGAT3,-1
BFSP2,-1
RPL36AL,-1
ITPR1,-1
ZNF585B,0
DNAH2,-1
FILIP1,-1
ZNF48,0
BRAP,-1
NEK8,-1
FLG2,-1
USH1G,0
SLC1A6,-1
GIMAP5,-1
CXCL13,-1
HIRIP3,-1
EEF2K,-1
SMG7,-1
TMLHE,-1
OPN4,-1
YBX2,-1
PHIP,-1
CDC37L1,-1
SLX4,-1
OSBP,-1
PLXND1,-1
PCDHA6,-1
PML,1
NEDD4L,-1
DHX57,-1
TIAM2,-1
WNT11,-1
MUC20,-1
GALNT15,-1
NKX2-1,1
ZFP36L2,-1
ARC,-1
PKP4,-1
CHAF1B,0
AP2B1,-1
PHC1,-1
TOPORS,-1
HECW1,-1
EVC,-1
VPS13D,-1
NCOR2,1
MAP2K6,-1
POLR1B,-1
DPEP3,-1
ARHGEF18,-1
PGM5,-1
JUN,1
KCNIP1,0
LPL,-1
LRP5,-1
CDH22,-1
NRXN2,-1
SH3GL3,-1
OR5AR1,-1
TBK1,-1
KDM2A,-1
OR10G4,-1
ECEL1,-1
ZNF438,0
IGF2R,-1
SNRNP48,0
ACD,-1
HLX,0
E2F8,-1
FHL3,-1
ORC1,-1
COL4A4,-1
OR4C11,-1
CAMKV,-1
ZNF668,-1
TBX5,-1
SMARCAL1,-1
STAB2,0
ATP8B3,-1
ARHGAP26,1
KSR2,-1
ARFGAP1,-1
MTMR12,-1
MAP7D2,-1
HAUS3,-1
SOS2,-1
ACVR2A,1
LNPEP,-1
NPM3,-1
PISD,-1
LYN,-1
KCNH7,-1
CDH26,-1
RLN1,-1
WT1,1
CHSY3,-1
ZNF621,0
OR11H12,-1
LAMC3,-1
NDUFB8,-1
KCNJ9,-1
ST6GALNAC2,-1
ARID3B,-1
OR51M1,-1
CALCB,-1
UQCRC2,-1
ZNF300,-1
DENND6B,-1
LONP1,-1
SPDYA,-1
PAWR,-1
GOT2,-1
IGHG3,-1
ERF,-1
STEAP3,-1
WDR5B,-1
PHKA1,-1
TLR7,-1
ZNF721,0
CLDN14,-1
TTLL7,0
YTHDC1,-1
SUPT6H,-1
VWF,-1
ZNF677,-1
ITGA10,-1
CHAF1A,-1
PPP6R3,0
HACL1,-1
DPY19L2,-1
PLEC,-1
FARSA,0
PCDHB8,-1
RSPH6A,-1
TEK,-1
MAP4K4,-1
DCT,-1
RASA1,-1
CTNNAL1,-1
RMI1,-1
DRD4,-1
MEOX2,-1
ACAP1,-1
IFI44L,-1
PRPF8,-1
TRPC7,0
FAIM2,-1
SDC4,-1
ZNF613,0
ELFN2,0
MCHR1,-1
CIDEA,-1
CTNND1,1
TSPYL2,-1
FADS1,-1
OR4X1,0
HPS3,-1
FRMD4A,-1
BMP6,-1
MTR,-1
HRH2,-1
ADAM8,-1
OR51V1,-1
TG,-1
VN1R1,-1
FARP2,-1
CHD9,-1
LARP4B,1
MRPL28,-1
COL15A1,-1
RRAGD,-1
MTHFD1,-1
KPNA1,-1
PABPC3,0
CDH11,1
HSD3B7,-1
SVIL,-1
GPR4,-1
FGR,-1
PEG3,-1
PTPRJ,-1
RALGPS2,-1
ZNF827,-1
SH3BP4,-1
ABCD4,-1
ANXA7,-1
LAMA5,-1
ALCAM,-1
BBS12,-1
SLC17A7,-1
GALT,-1
DOCK7,-1
OTUD7B,-1
ESPN,-1
FUT1,-1
DNAH6,-1
REEP3,-1
THEMIS,-1
PARD6B,-1
DCAF13,-1
RHOQ,-1
ATPAF1,0
OR4P4,-1
ACTB,-1
IRS2,-1
PLA2G4D,-1
TBC1D7,-1
TERT,1
SETDB1,1
SLITRK6,-1
USP2,0
SMC1A,1
MTF2,-1
TRAPPC10,0
VTA1,0
SPOCD1,-1
MDN1,-1
TLR3,-1
FN1,-1
RBL2,-1
OR1L8,-1
RGPD4,-1
SLC25A13,-1
HECTD1,-1
PSMA6,-1
RREB1,-1
PSG9,-1
TLR8,-1
TRPV5,-1
ECHDC2,0
MKI67,-1
TANC1,-1
CDS2,-1
PTH2R,0
PRKCSH,-1
VPS53,-1
ZNF711,-1
DHX16,-1
PCBP1,1
ACTA1,-1
ETV1,1
OR51G1,-1
FOLR2,-1
ID4,-1
CD160,-1
HTR3B,-1
HDLBP,-1
ABCA13,-1
RECK,-1
GRHL3,-1
DOK1,-1
NRP1,-1
ZNF76,-1
KIF23,-1
CEP192,-1
RYR1,-1
COL6A6,-1
SUFU,1
CHD4,1
CARD6,-1
IRF5,-1
JAK1,1
SDAD1,0
POLB,-1
NFIA,-1
MBD1,-1
STK25,-1
ADAM11,-1
CCM2,0
ADRA2B,-1
B4GALNT2,0
SV2C,-1
PPL,-1
SERTAD3,-1
MAP3K8,-1
ZNF565,-1
SLITRK3,-1
NGF,-1
RIMS2,-1
LRRC49,0
DHX30,-1
BOC,-1
CDH5,-1
PRPF4B,-1
CLSTN1,-1
MAGEF1,-1
BAG2,-1
STAG3,-1
CD38,-1
COL6A2,-1
PTPRO,-1
MTHFD2L,-1
CELSR2,-1
FGD3,-1
OR6S1,-1
YEATS2,-1
F7,-1
SEMA4B,-1
CNOT7,-1
PIK3CG,-1
PDCD4,-1
SLC26A9,-1
HAUS7,-1
ITGB3,-1
VDAC1,-1
MYO9B,-1
KANSL1,-1
MYH10,-1
DYRK2,-1
CHRNA2,-1
SPTBN4,-1
FBN2,-1
GGA2,0
ZSCAN5B,0
STAR,-1
LSAMP,-1
GLI3,-1
SNX9,-1
FBXO9,-1
CPM,-1
ARL3,-1
GAK,-1
RP1,-1
PITX2,-1
CCDC88A,-1
PPAN,-1
GNGT1,-1
PSMC3IP,-1
COQ10A,0
INTS1,-1
SLIT2,-1
OR2M3,-1
ZNF512,0
ARSK,-1
DLEC1,-1
HKDC1,-1
KDM4C,-1
EIF3F,-1
PPARGC1A,-1
RIMS3,-1
UBASH3A,-1
MOV10,-1
GSDMA,-1
ZBTB40,-1
KRT85,-1
COL20A1,0
GNAL,-1
LTF,-1
ZNRF4,-1
NFKBID,0
SNRNP70,0
WDR45B,-1
BBX,0
CUX1,1
ECSIT,0
PCDHGA5,-1
COMMD1,-1
HSPD1,-1
OR5J2,-1
OCLN,-1
SIKE1,0
CELSR3,-1
PPFIA3,-1
RAB3IP,0
TWIST1,-1
ARHGAP36,-1
INTU,-1
LRRC14,-1
ANPEP,-1
SEC24D,-1
ZFYVE28,-1
PYGO1,-1
PIK3AP1,-1
GPX8,-1
ABCG8,-1
ALPK2,-1
MAPK4,-1
DEF8,-1
ANGPTL4,-1
EDRF1,0
KLHL22,-1
LBP,-1
THPO,-1
TP73,-1
NRXN1,-1
GOLGA5,-1
MUC16,-1
CDC7,0
TACR3,-1
NLRX1,-1
HOXA1,-1
ARSJ,-1
CPNE1,-1
DCLRE1B,-1
KDM5A,1
OR2M5,-1
PLEKHG4B,-1
TRIM13,-1
LRRC32,-1
TIPIN,-1
ATP1B4,0
NAT10,-1
THADA,-1
GP2,-1
PDK3,-1
TJP1,-1
FOXD2,-1
CHST8,-1
BCAP31,-1
LPIN2,-1
ADRA1A,-1
DVL3,-1
RGPD8,-1
CCR6,-1
TOMM20L,0
BNC2,-1
HIF1A,1
DVL2,-1
SNRNP35,0
PPP2R5D,-1
RAI14,-1
FREM1,-1
PRRC2B,-1
NPR1,-1
MYOM2,-1
DMXL2,-1
GYS2,-1
ZNF516,-1
ZNF75D,-1
ZNF607,0
POMT2,-1
IL17RC,-1
HPS1,-1
DMP1,-1
BFAR,0
RGS12,-1
BRCA2,1
OR6K2,-1
SETD1A,-1
ZNF250,0
PARP14,-1
DLG5,-1
NLRP5,-1
AOX1,-1
PCDHA1,-1
ITGB8,-1
EFCAB7,-1
CAPZA3,-1
TMEM63B,0
ITCH,-1
GZMM,-1
NDC80,-1
GNG5,-1
E4F1,-1
CHEK2,1
ASAP2,0
CCDC39,-1
DNTTIP1,-1
EXOC3L4,-1
TRIM71,0
SDC3,-1
NEIL3,0
COL7A1,-1
ZDHHC8,-1
GOT1,-1
GOLPH3,-1
SRCAP,-1
ATXN2,-1
TBCEL,0
EIF3E,1
KCNH2,-1
NETO1,-1
HELZ2,-1
TRIM6,-1
KRTAP5-9,-1
PTGER4,-1
AGO1,-1
RAB32,-1
AGR2,-1
NPAS2,-1
MID2,-1
DOT1L,-1
MAP1A,-1
RAB5C,-1
MMP12,-1
PRC1,-1
PRDM10,-1
TTK,-1
IGFBP7,-1
TTBK2,-1
ZIC1,-1
RFPL1,-1
RAD23B,-1
STARD3,-1
CACTIN,0
AP3M1,-1
STOML2,-1
ACAN,-1
ESCO2,-1
RORB,-1
STIM1,-1
COX7B,-1
CUL2,-1
ALG3,-1
RPL18A,-1
KAT2A,-1
RB1CC1,-1
SOS1,-1
PPP1R9B,-1
SETD5,-1
VAMP3,-1
EIF2AK2,0
MMP13,-1
DDX23,-1
REV1,0
ZNF592,-1
FADS2,-1
ADAM12,-1
DUSP6,-1
OR2H1,-1
COL16A1,-1
OBSCN,-1
WASL,-1
RBPJ,-1
PCDHGA2,-1
NAPG,-1
FRY,-1
ARID3A,0
PLA2G5,-1
DGCR8,1
OR5B17,-1
DGKB,-1
THOC2,-1
PUM2,-1
TFAP2B,-1
ALDOB,-1
ZNF578,0
POU2F2,-1
POLR2A,-1
TGOLN2,-1
GNAT1,-1
RBM22,-1
RPRD1A,-1
FGF13,-1
GZF1,-1
NPRL2,0
SKAP2,-1
FOLR3,-1
CATSPERD,-1
DIS3,-1
BCAR3,-1
CNTRL,-1
TRAK1,-1
IGHV1-46,-1
PSMA4,-1
MAPK8IP2,-1
ENOX2,-1
MYO7B,-1
DSE,-1
PCDHA10,-1
PCDH20,-1
CTDP1,-1
SWSAP1,-1
UBE2NL,-1
ZNF225,0
AZGP1,-1
MAGI2,-1
OR4M1,-1
OTOF,-1
LRRC8A,-1
PLIN5,-1
DPF3,-1
APOL6,-1
COL1A2,-1
SERPINB11,-1
AGRN,-1
POLR3D,-1
TBC1D16,-1
NKG7,0
ZNF446,0
TGM4,-1
NKD1,-1
NR4A3,1
ARID2,1
SLC27A4,-1
FKBP7,-1
TIPARP,-1
ZNF37A,-1
COL9A1,-1
DST,-1
ZNF679,0
ARHGEF17,-1
WDR45,-1
ITGB1,-1
EDEM1,-1
EPB41L3,-1
WNK4,-1
RAPGEFL1,-1
SYTL3,0
RAI1,-1
MAP3K1,1
ITGA7,-1
KRT20,-1
PRSS38,-1
PHF21A,-1
KCNA7,-1
PMS1,1
HIPK1,0
ALDH1L1,-1
ARHGEF10L,1
ITGAL,-1
KMT2E,-1
BCAN,-1
ARAP1,-1
TRIM47,-1
ULK3,-1
WDR7,-1
ARHGEF2,-1
TRRAP,1
CPT1A,-1
SLC31A2,0
FCF1,0
ABCC3,-1
EP400,-1
AGFG1,-1
POLR2B,0
KCNQ5,-1
TRPM2,-1
FBXW8,-1
C7,-1
CLCA4,-1
EDEM3,-1
KDM2B,-1
PROKR2,-1
PSG8,-1
TEP1,-1
NLRP3,-1
LETM1,-1
TRIT1,-1
RTF1,-1
OR9I1,-1
BCL6,1
RAB3C,-1
NPBWR2,0
THUMPD3,-1
AGO2,-1
ITGAD,-1
DAPK1,-1
CSF2RB,-1
TNFRSF1A,-1
PLEKHA3,-1
OR10Z1,-1
TTF2,-1
MYH6,-1
LAMA3,-1
MCTP2,-1
F10,-1
ADNP2,-1
ASH1L,-1
ABCA9,-1
NLRC4,-1
STAM2,-1
CCT6B,-1
FGD4,-1
CDYL2,0
RNMT,-1
UNC13A,-1
ALK,1
CYLC2,-1
DNAH5,-1
FRG1,-1
IMPDH2,-1
EXOC3L2,-1
KCNU1,-1
PARP10,0
FGD2,-1
WRN,1
FH,1
TESC,-1
PLCB1,-1
HERC1,-1
PRPS1,-1
SYNE2,-1
PRDM16,1
BBC3,0
XYLT2,-1
HLCS,-1
EIF4ENIF1,-1
USP46,-1
PLXNB3,-1
C3,-1
HOXA10,-1
PIAS3,-1
ZFP36,-1
RANBP3L,-1
THBS2,-1
NCAPH2,-1
ITGAX,-1
ZNF573,0
PDE4DIP,-1
MAGI1,-1
IGSF1,-1
KAT6A,1
NPFFR2,0
SLC28A1,-1
SPTBN1,-1
TBX3,1
COL27A1,-1
INPP5D,-1
COL19A1,-1
NPHS1,-1
ABCA5,-1
UST,-1
LMO7,-1
DNALI1,-1
SEC62,-1
FKBPL,-1
PAXIP1,-1
MLLT4,-1
NR0B1,-1
KRAS,1
TRIO,-1
TFPI2,-1
F8,-1
ZSCAN20,-1
ZW10,-1
BCHE,-1
KCNK10,-1
EZH1,-1
ATP2B4,-1
CNTN5,-1
LIPT1,-1
REG3A,0
ARID1B,1
UBR5,1
LAMA1,-1
SYNE1,-1
RIMS1,-1
FBXO10,-1
HAPLN1,-1
OR4K5,-1
STT3A,-1
BRF2,-1
NTSR2,-1
CRP,-1
APAF1,-1
USP9X,-1
CLASP2,-1
HSD17B3,-1
STRA6,-1
PTPN13,1
TLL2,-1
DLC1,-1
OR5T2,-1
SLAMF8,-1
POLR1A,-1
KIDINS220,-1
DHX36,-1
SERPINA12,-1
IL11RA,-1
APOL2,-1
COL11A1,-1
SIGLEC6,-1
POLD1,1
EPHA6,-1
NDUFA7,-1
ESPL1,-1
NF1,1
PADI1,-1
CLIC2,-1
GBP2,-1
CUL3,1
RPL9,-1
CD5,-1
GPKOW,-1
NOBOX,-1
SPC25,-1
ACAD9,-1
CCDC6,1
PTPRD,1
RASGRP1,-1
ATM,1
HECW2,-1
ITGAM,-1
NCAPD3,-1
PHKA2,-1
TBX18,-1
MYBPC2,-1
ELF4,1
IL2RG,-1
PIBF1,-1
PCNT,-1
TDRD7,-1
OR2T33,-1
KCND1,-1
DDX39A,0
MOB1A,0
PRKG1,-1
AKT1,1
SLC46A1,-1
IGHV3-9,-1
ZNF563,-1
SPOP,1
SPON2,-1
LRRC7,-1
TSPAN14,0
UBP1,-1
RIT2,-1
REXO1,-1
P4HB,-1
GPC5,1
NALCN,-1
ZNF480,-1
ARHGEF4,-1
SLC6A18,-1
KIF13A,-1
KCNH1,-1
SLC3A1,-1
AMOTL1,-1
CPSF6,-1
MEN1,1
C2CD3,-1
PDS5B,-1
MYO6,-1
SLC6A8,-1
ZNF148,-1
MMP2,-1
AMPD2,-1
CELF5,-1
FLOT2,-1
ZNF74,-1
MYOF,-1
AHNAK2,-1
AGPAT2,-1
XRN1,-1
PPAT,-1
UBA6,-1
BRCA1,1
IGHV6-1,-1
CPE,-1
PDE1A,-1
PARPBP,0
ARSG,-1
MOV10L1,-1
ITPR2,-1
ADAMTS15,-1
TCAP,-1
UNC13D,-1
RASSF8,-1
DLGAP2,-1
NEB,-1
DDX52,-1
ZMYM4,-1
ARHGEF40,0
NUP133,-1
CD163,-1
GRIA1,-1
ZGPAT,0
KLHL24,-1
USP6,1
FAM50B,0
CTNNB1,1
ECT2,-1
WNT9A,-1
CTNNA3,-1
GTPBP1,-1
NTNG2,0
HEYL,-1
GOLGA1,-1
CHN1,-1
TNC,1
SF3A1,-1
ZBTB18,-1
ZNF211,0
HOXD12,-1
GSTA2,-1
MEF2C,-1
FHL2,-1
HTRA2,-1
TSPAN15,-1
FGFR1,1
MYH7,-1
OSBPL9,-1
APBA1,-1
IDS,-1
IL7R,1
ZNF343,0
NCAPG2,-1
WDR59,-1
SEC63,-1
ACVR2B,-1
SSX1,1
NR4A2,-1
LRRC55,-1
YLPM1,0
SBNO1,-1
PIR,-1
TRIM34,-1
BRD3,1
BRAF,1
DDX60L,-1
CTC1,-1
RPGR,-1
DCAKD,0
SLC9A8,-1
ULBP1,-1
CAMSAP1,-1
MYOZ2,-1
GOLIM4,-1
CYP2A13,-1
USP51,-1
RRP9,0
ZFX,-1
ZNF335,-1
HSPA4,-1
MAP2,-1
ZFPM2,-1
OR5L1,-1
LGR5,-1
DBR1,-1
FAM161A,-1
CHD5,-1
PPP3R2,-1
CBFA2T2,-1
CILP,-1
CTSS,-1
ZBTB8OS,-1
TNXB,-1
BNIP1,-1
KCTD2,-1
CREBZF,-1
RAP1A,-1
DLGAP5,-1
VPS13C,-1
SLIT3,-1
FRMD6,-1
RGS21,-1
ATG9A,-1
TCF7L2,1
ZNF217,-1
BTN3A3,-1
SLC6A9,-1
RTTN,-1
PHF3,-1
TET2,1
LRRCC1,-1
OFD1,-1
ARRB1,-1
PNOC,-1
ARHGAP18,-1
FERMT1,-1
COL8A1,-1
CSGALNACT2,-1
TUBGCP4,-1
CEP120,-1
GARNL3,-1
LDHA,-1
NOTCH4,-1
ZG16B,0
KDR,1
POM121,-1
GBF1,-1
PRRG1,-1
RBP3,-1
TTC21B,-1
PCDH17,-1
MUC6,-1
ZNF692,-1
ZNF337,0
DEPDC5,-1
DLGAP3,0
RUSC1,-1
GATA5,-1
PTPN22,-1
RAF1,1
LRP1,-1
OPRL1,-1
SPATA2,-1
DDX60,-1
AMPD3,-1
PPIG,-1
TBC1D8B,-1
KCNJ14,-1
POGLUT1,-1
CDH4,-1
STAB1,0
SULF2,-1
KIF15,-1
ABCA2,-1
DACH1,-1
PROS1,-1
ANK2,-1
TP53,1
CSDE1,-1
OR2T34,-1
VGLL4,0
UNC13B,0
KALRN,-1
ABCA8,-1
LIN54,-1
CPSF3,0
SZT2,-1
CPOX,-1
MKS1,-1
ZNF280D,0
UBE2F,-1
CCDC88C,-1
CDH6,-1
SIPA1L1,-1
PPEF1,-1
RCAN1,-1
DCHS1,-1
MUC17,-1
ZNF766,0
GALNT7,-1
MORF4L2,0
PDE3A,-1
GAS1,-1
NTRK3,1
RCC1,0
MUSK,-1
KCNJ16,-1
RC3H2,-1
TFAP2D,-1
SPRED2,-1
APPL1,-1
PCDHB16,-1
PPRC1,-1
NDST2,-1
TMEM132A,-1
RNF19B,0
PCDHB1,-1
ACTR3B,0
PCDH1,-1
IGHV1-24,-1
CALCR,-1
PTPRA,-1
RGR,-1
PRPF38B,0
COL6A3,-1
RBM28,-1
ADD2,-1
FANCG,1
STRC,-1
PIK3R5,-1
PDE12,-1
RBM27,-1
PIK3R1,1
USP49,0
WDR62,-1
UGGT2,-1
LY9,-1
THOC5,-1
WDR33,-1
SSH3,-1
NISCH,-1
PLCD1,-1
PSMC5,-1
RASGRF2,-1
EFS,-1
OPCML,-1
EXT1,1
MYT1,-1
ZDHHC23,-1
ARHGEF7,-1
BACH1,-1
KCNK18,-1
MX1,-1
TCTN2,-1
NMD3,-1
DTYMK,-1
WNT5B,-1
TK1,-1
XYLB,-1
NSD1,-1
SLC26A6,-1
CNR1,-1
DIDO1,0
MCF2L,-1
CACNA1E,-1
SMARCD3,-1
TIMMDC1,-1
MYO15A,-1
ALOX5,-1
RNF10,-1
PHLDB2,-1
LAMTOR5,-1
U2AF2,-1
PANX2,-1
LRFN4,-1
SLC5A5,-1
MSH5,-1
TAS2R7,0
SLC24A3,-1
SLC30A8,-1
AQP6,-1
FSHR,-1
GLI2,-1
SERPINB3,-1
TRIM39,-1
PGM2,-1
MYO9A,-1
PDCD1,-1
ZBTB43,0
SLC25A43,-1
TEX15,-1
SPATA2L,-1
CDK13,-1
ADAM15,-1
SLC7A11,-1
HNRNPUL2,0
TONSL,0
NEK10,-1
RNF7,-1
COX20,-1
USP40,-1
PWP2,0
CSF3R,1
AGAP6,-1
DYRK4,-1
MYO1D,-1
ATP8B2,-1
RNF112,-1
VCAN,-1
ADAMTS8,-1
ASXL1,1
PRDX6,-1
RYR2,-1
AKAP8,-1
TRAF4,-1
CSNK1G3,-1
KCNA1,-1
FGD5,-1
RAPGEF1,-1
GPNMB,-1
HTR5A,-1
SEMA3A,-1
USP24,-1
GPR151,0
PTEN,1
TMPRSS11F,0
TRAF3IP3,-1
MLYCD,-1
CHD6,-1
BDP1,-1
OR10X1,-1
PTPRZ1,-1
ANO8,0
SH3GLB2,0
ANO9,0
MAN2C1,-1
NCK1,0
EEA1,-1
OR3A3,-1
ALPK1,-1
PLXNB2,-1
LSR,-1
TBC1D10C,-1
ZMIZ1,-1
AP4E1,-1
EXPH5,-1
OR10AG1,-1
SRRT,-1
SLC39A7,-1
KIT,1
ASAP1,-1
RGL1,-1
LAMC2,-1
AKAP8L,-1
EPOR,-1
TRPM4,-1
CTNND2,1
STXBP3,0
ZFP41,0
FANCF,1
KCNMA1,-1
SCN10A,-1
SH3GL1,1
MOB3B,-1
ARFIP2,-1
LILRB1,-1
COL5A3,-1
CRTC3,-1
TRAFD1,-1
REXO2,-1
ZC3H8,0
SLC28A2,-1
CACNA1G,-1
NUMA1,-1
ZNF791,0
PLXNA4,-1
CNOT1,-1
FCRL2,0
UVSSA,-1
ATP1A2,-1
RPS6KB2,0
RANBP10,-1
HELQ,-1
MST1,-1
EPB41L1,-1
OR12D3,-1
ADARB2,-1
PDHX,-1
SLC1A7,-1
PDE4B,-1
PHOX2A,-1
GALNT8,-1
EPHB1,-1
CYTH4,-1
CARD16,-1
GLIS3,-1
BSG,-1
CNOT10,0
RBM17,-1
LYZ,-1
PRKAR2A,-1
OR52N4,-1
ZNF136,-1
MYO1E,-1
PHLPP1,-1
MTF1,-1
EXOSC10,-1
KIR3DL2,-1
OR4N5,-1
OTOA,-1
ZNF710,0
MUC5B,-1
RYK,-1
CANX,-1
FAM13A,-1
AKT3,1
ADAMTS7,-1
AKAP11,-1
ATP10B,-1
MRPL41,-1
RHBDF1,-1
TGIF2LX,-1
ZNF384,-1
LRSAM1,-1
INPP5F,-1
FLG,-1
VTI1A,-1
BTBD6,0
RCOR1,0
MAGEA1,-1
MIB1,-1
ZNF777,-1
POFUT2,-1
OR56A1,-1
RPTOR,-1
ABCA4,-1
SCN11A,-1
OTUD7A,-1
WAC,-1
NYNRIN,-1
PHF8,-1
C6,-1
TGFBRAP1,-1
ARX,-1
YEATS4,-1
SOX10,-1
EED,1
OR6C75,-1
PLA2R1,-1
SEC16A,-1
PCCA,-1
GALNT16,-1
OR5V1,-1
KCNC3,-1
KCNG1,-1
ICMT,-1
NPSR1,-1
SPTSSA,-1
CYP11B1,-1
IFI16,-1
TAPBP,-1
TIE1,0
SMURF2,-1
ZNF660,0
ZNF500,0
SCAF11,-1
SORL1,-1
UNC5A,-1
OR10H2,-1
SRC,1
ABCA3,-1
EPX,-1
INHBC,-1
OR1N1,-1
RNF139,-1
PCDHGB4,-1
STON2,-1
NXF3,-1
APOBEC3G,-1
CYP2F1,-1
TULP4,0
RASAL1,-1
NIN,-1
DMXL1,-1
SNAP47,0
SMARCA4,1
ZKSCAN3,-1
HEXA,-1
DYNLT1,0
PITPNA,-1
RTKN,-1
ATP2B2,-1
NRG2,-1
ZNF461,-1
GFI1,-1
EYA3,-1
SIRPG,-1
TBC1D2,-1
PTPRS,-1
RNF2,-1
RASD2,-1
FAM120B,-1
ADARB1,-1
ARHGAP30,-1
CLIC5,-1
MLLT1,-1
CENPW,0
PTPRK,1
PKD1L1,-1
GJD2,-1
LAMC1,-1
CDHR5,-1
CACNA2D4,-1
ALS2CL,-1
CDK14,-1
COL9A2,-1
NUP35,-1
KANSL2,-1
DYNLL1,-1
TDP1,-1
HDAC8,-1
PRPF38A,-1
CENPF,-1
MED1,-1
MRPS31,-1
GUCA2B,-1
KCNA5,-1
SLC7A5,-1
TUBB2B,-1
PCDHB6,-1
NCOA3,-1
PTPRN,-1
KCNK1,-1
HACE1,-1
BSN,-1
HBS1L,-1
AMOTL2,-1
SCN8A,-1
PCDHGA12,-1
MYO19,-1
HSPA13,0
MCF2,-1
LAMB4,-1
THAP5,-1
ZC3H13,-1
CUL9,-1
ESRP1,-1
MYH2,-1
RPUSD1,-1
SHCBP1,-1
PLTP,-1
ROBO2,1
SESN3,0
TRPS1,-1
COL11A2,-1
AHR,-1
NDUFAF6,-1
PSME4,-1
LTBP1,-1
SRR,-1
SYNCRIP,-1
IGFBP1,-1
MDGA2,-1
AP3B1,-1
NDFIP2,-1
MUTYH,1
XPOT,0
OR2H2,-1
GPC6,-1
ZNF709,-1
UBR3,-1
SRSF12,0
LRRC4C,-1
PHF6,1
MOCS3,0
HTR4,-1
ATP11C,-1
ATG12,0
ARAP2,-1
GABRA6,-1
EBAG9,-1
PCDHGB3,-1
MYH8,-1
PCLO,-1
SH3KBP1,-1
PPARA,-1
AP3D1,-1
LRP1B,1
NASP,-1
AUTS2,-1
PSMC4,-1
FBN1,-1
IFNL1,-1
APOBR,-1
DNAJC17,-1
ADH1B,-1
MAGEC1,-1
DOCK3,-1
ZNF311,0
ZPBP,-1
BOLL,-1
DNAH9,-1
CPEB4,-1
FBXW10,-1
OTP,-1
COQ6,-1
TSC22D2,-1
RCVRN,-1
CARD10,-1
DPP3,-1
ZNF284,0
KCNS2,-1
HSPA8,-1
GRB10,-1
DCC,1
ATMIN,-1
CADM1,-1
NXF5,-1
RAD51AP1,-1
ZNF624,0
ATP6V1C1,-1
MMP17,-1
NDUFV2,-1
POR,-1
UBQLN2,-1
ANO4,-1
OR2B3,-1
RET,1
JMJD1C,-1
ALOXE3,-1
ZFC3H1,-1
MYH3,-1
GPR119,-1
LUC7L3,-1
SLC8A1,-1
ACLY,-1
DOCK4,-1
RABGAP1,-1
TSHR,1
OR5B3,-1
SMARCA5,-1
INSRR,-1
ACTL6B,-1
SH2B3,1
APBB1,-1
ADCYAP1R1,-1
DNAH3,-1
KLF4,1
PHAX,0
MAGED1,-1
SLC40A1,-1
XRCC5,-1
ATG2B,-1
MCC,-1
MYCBP2,-1
VSTM1,-1
SEMA7A,-1
TRIP11,-1
FGFR2,1
KDM6B,-1
PRDM15,-1
HPN,-1
BOD1L1,-1
GRIK2,-1
HCAR3,-1
OR5K1,-1
SCN5A,-1
PPP6C,1
SLC34A2,1
DNAH1,-1
OR51E2,-1
FANCM,-1
MYO5C,-1
PRPF6,-1
SPAG6,-1
ZNF785,0
CORIN,-1
BMPER,-1
LPAR6,-1
OR4D5,-1
PPP1R7,-1
ZNF426,0
DECR2,-1
CAB39L,-1
BRDT,-1
ZC3H11A,-1
VCL,-1
OXER1,0
ROPN1B,0
CNGA4,-1
ABLIM2,-1
CACNA1S,-1
ELL,1
SERPINA1,-1
CACNA1A,-1
UQCC2,-1
ENPP1,-1
TJP3,-1
OR5D13,-1
OR51F1,-1
PDGFRB,1
ORC2,-1
ESX1,-1
RC3H1,-1
KLC2,-1
OR2C1,-1
BMP1,-1
VAPA,-1
NFATC1,-1
COG3,-1
TFR2,-1
CSNK2A1,-1
CYB5R4,-1
PPP2R2B,-1
OCRL,-1
TRIP12,-1
MAGEA11,-1
SYNPO2,0
DZIP3,-1
WDR6,-1
SYK,1
HAUS6,-1
IFNL3,-1
UGT2B7,-1
SIGLEC12,-1
RGL2,-1
ACKR4,-1
MAP3K3,-1
NSMAF,-1
NCAN,0
ZNF605,0
SERPINH1,-1
GJA1,-1
ZNF345,0
PDCD1LG2,1
SRRM2,-1
CACNA1B,-1
DTX1,-1
ARCN1,-1
AMBP,-1
ERLEC1,-1
ZNF646,0
PIK3CB,1
SH2D3C,-1
FHOD3,-1
MEFV,-1
ZNF687,-1
TAF1,-1
MED16,-1
MYT1L,-1
GAD2,-1
ATR,1
POLR3B,-1
TPT1,-1
PRICKLE1,-1
PENK,-1
KLHL40,-1
GABRQ,-1
CAMKK2,-1
SPEN,1
CBX6,-1
SLCO6A1,-1
FOXK2,-1
TESPA1,-1
ARSF,-1
REST,-1
RRM1,-1
ZNF101,-1
SCN1A,-1
HUWE1,-1
DSG4,-1
KIF14,-1
IL23R,-1
OR5M3,-1
TOPBP1,-1
RNF216,-1
KBTBD7,-1
PCGF2,0
ATP4A,-1
ARHGAP4,-1
FAT2,-1
HSPH1,-1
PIGZ,-1
ATAD5,-1
