genename,label
ARIH1,-1
PRDM14,-1
NCKAP1L,0
RASSF9,-1
FREM2,-1
HELLS,-1
STIL,1
HK1,-1
MAP3K4,-1
VGLL2,-1
UBAP1,-1
SPATA16,-1
NPFFR1,0
CNOT3,1
CCDC93,-1
MMRN2,-1
CASP10,-1
GIP,-1
SCRIB,-1
POLD2,-1
ZDHHC18,0
CXCR1,-1
DDC,-1
SIGIRR,-1
ACSM4,-1
OR2T4,-1
MED6,0
PPP2R2C,-1
PCSK1,-1
ALOX15B,-1
ITGB6,-1
CCNYL1,-1
TMED2,0
GALNT14,-1
DDX17,-1
GDF10,-1
HINFP,-1
ZNF18,-1
ZBTB45,0
PHF20,-1
SMCR8,-1
CUBN,-1
KLC1,-1
MYH9,1
OR8H3,-1
ABCC9,-1
KDM6A,1
CDC42BPG,-1
EXOC3L1,-1
SMURF1,-1
SPTAN1,-1
EPN2,-1
DENND4A,-1
ZBTB20,-1
PFKFB4,-1
KIF5C,-1
NAP1L1,-1
CDH9,-1
PRKACG,-1
FNTA,-1
STAG2,1
OR5D14,-1
TTN,-1
IQSEC2,-1
NUDT21,-1
ERG,1
ACTL9,-1
CDH8,-1
NLRP4,-1
MYPN,-1
PNP,-1
DNAH14,-1
NFKBIE,1
ZFHX4,-1
ITFG2,-1
SEC24B,-1
DNAH10,-1
VRTN,-1
BLNK,-1
INPPL1,-1
RYR3,-1
PARD6A,0
WDR55,-1
CAPN2,-1
ZNF354B,-1
GJB6,-1
CACNA2D2,-1
KRT4,-1
KRT34,-1
IGHV3-23,-1
WSB1,-1
PEX10,-1
ATP6V0E1,-1
OR13C8,-1
CSF1R,1
SCNN1G,-1
SF3B3,-1
RPRD2,-1
ACTN4,-1
EFR3A,-1
EGR4,-1
RARA,1
MYO10,-1
FBF1,0
BIRC6,1
SBF1,-1
GATM,-1
PEX5,-1
ACSL4,-1
SLC39A6,0
NAA15,-1
DLL1,-1
TRMT11,-1
PPP1R13B,-1
PPP1R12A,-1
MAU2,-1
UPF1,-1
ZNF469,-1
TCHH,-1
ARHGEF12,1
CHST11,1
PROX1,-1
SNX32,-1
SLC25A31,-1
MLXIP,-1
ZNF740,0
EPHA3,1
EPPK1,-1
ZNF177,-1
SRGAP3,-1
CNNM1,-1
EDIL3,0
FMNL2,-1
CREBBP,1
HTR3E,-1
NRAS,1
APOA1,-1
PADI4,-1
SYTL5,0
MAP3K12,-1
S100A9,-1
TLN2,-1
BAZ2B,-1
DAG1,-1
KDM4E,-1
INTS4,-1
TMEM67,-1
MATN4,-1
RNF185,0
HRNR,-1
MYD88,1
DNLZ,0
SIGLEC10,-1
FLNA,1
GCM1,-1
PIK3CA,1
F11R,-1
HOOK2,-1
SYTL1,-1
DISP1,0
TNR,-1
IGFALS,-1
PINK1,-1
S1PR3,-1
ATG14,-1
PRKCA,-1
OR4D6,-1
IQGAP2,-1
LAMP3,0
ZNF282,-1
SHROOM2,-1
PCDH10,-1
LRR1,-1
VAV2,-1
AP4B1,-1
PCDHB7,-1
DISC1,-1
ZZZ3,-1
SELENBP1,-1
KERA,-1
SVOP,-1
SF3B1,1
FLOT1,-1
CAPG,-1
SNRNP27,-1
HUNK,-1
SLC36A3,0
MACF1,-1
SLC4A9,-1
NPTXR,0
MTTP,0
IPO9,0
PCDHA8,-1
KCNQ2,-1
SSU72,-1
FNIP2,-1
FOXQ1,-1
KANSL3,-1
BAP1,1
MYB,1
PLXNC1,0
MUC2,-1
ZNF737,-1
ATP1A4,-1
RGS18,0
NOX1,-1
PAPOLG,-1
PKN1,-1
PLCZ1,-1
HOXB1,-1
DOCK5,-1
NEDD1,-1
RBM47,0
SLC6A17,-1
SERTAD2,-1
PCDHB10,0
MPEG1,-1
SLC29A4,-1
DLG4,-1
FANCI,-1
ZFHX3,1
RXFP2,-1
ELAVL2,-1
MAFG,-1
TSNARE1,0
KDM3A,-1
PCDHA7,-1
TIMELESS,-1
ZNF396,-1
CCT2,-1
LAS1L,-1
SPTA1,-1
ASCC3,-1
POLN,-1
ABCC10,-1
ITGB7,-1
WDTC1,-1
ZC3H4,-1
GPRC5C,-1
CAPN5,-1
ZNF492,-1
UTP20,-1
CD6,-1
GAS2L3,-1
TAF11,-1
PRUNE2,-1
LCE5A,-1
FOXO1,1
BMP10,-1
LRP4,-1
DSCAM,-1
GRM5,-1
HAUS4,-1
PLEKHM1,-1
HEPH,-1
ROCK1,-1
NUDT6,-1
ABCF1,-1
BRWD1,-1
BCL9,1
PSD2,-1
ZNF853,-1
PAPPA2,0
COPB2,-1
RAB19,-1
TBC1D9B,-1
TOP2A,-1
PIPOX,-1
CTCF,1
DOK5,-1
TGM3,-1
ZNF175,-1
GPD2,-1
COASY,-1
MED12L,-1
FCRL5,0
ZNF395,-1
PPP1R9A,-1
ADM,-1
EPS15L1,-1
BMS1,-1
PPP1R3G,-1
CEP72,-1
KCNV2,-1
CROT,-1
ALDH9A1,-1
ZSCAN21,0
PTPN4,-1
PIP5KL1,-1
DNAH17,-1
ACOT12,-1
NCKIPSD,-1
JPH3,-1
FERMT2,-1
MSH2,1
PCM1,-1
ENAM,-1
SLC34A3,-1
SNTB2,-1
ITGA1,-1
FAT4,1
HNRNPUL1,-1
NCOR1,1
ZNF366,-1
NCSTN,-1
LY6G6C,-1
NR1H2,-1
HNF4G,-1
OR2C3,-1
EPHA7,1
GLYAT,-1
FGFR3,1
DIAPH1,-1
PYGB,-1
PIWIL3,-1
NUP88,-1
KAT6B,1
GPER1,-1
ROBO3,-1
AP1G1,-1
AMBRA1,-1
CRTAP,-1
RAB1B,-1
XIRP2,-1
TRIM72,-1
LGI3,-1
RIN1,0
GTF3C1,-1
CAST,-1
GEMIN5,-1
STAT2,-1
TACC2,-1
PRR11,-1
PSG7,-1
TLR9,-1
FRAS1,-1
VEZT,0
TET1,1
AXIN2,1
BMP15,-1
AFF1,-1
COL4A5,-1
JADE1,0
ZC3H12B,-1
PRKDC,-1
LTBR,-1
DERL1,-1
BRD7,-1
CELA3A,-1
COL24A1,-1
PLEKHG5,-1
MASP1,-1
CAD,-1
LAMA4,-1
SETD2,1
CAPN3,-1
OR4N4,-1
PPM1F,0
OR52R1,-1
TOMM40L,0
PLEKHG1,-1
IL21R,-1
ZBTB22,-1
KIAA1549,-1
DPYSL5,-1
FCHO1,-1
HIPK2,-1
ZNF169,-1
DOCK2,-1
ORM2,-1
ITGB1BP2,-1
CD79B,1
CAPRIN2,-1
TRPC4,-1
DYNC1H1,-1
PDIA5,-1
RDH16,-1
PLA1A,-1
CPNE5,-1
ZNF490,0
FZD9,-1
GRM6,-1
RSPH4A,-1
SPRTN,-1
KCNQ3,-1
JAG1,-1
NUDT1,-1
COL22A1,-1
SLC22A12,-1
IRF4,1
ESYT2,-1
KCTD12,-1
CHST6,-1
ZNF579,0
LOX,-1
MAF,1
ZNF569,-1
ARHGAP32,-1
SOX11,-1
OR8H2,-1
ZNF521,1
APC2,-1
MUC1,-1
ZNF226,-1
CFB,-1
CLK1,-1
RFX1,-1
PCDHGA9,-1
SERPINE3,-1
BTN1A1,-1
ADAMTS13,-1
OR52A1,-1
FGB,-1
RPL35,-1
ACAA2,-1
SELE,-1
IFT172,-1
KMT2B,-1
LPIN1,-1
RELN,-1
TBRG4,-1
PGM1,-1
CD33,-1
OCA2,-1
CFHR5,-1
SERPINB12,-1
ZNF423,-1
IPO7,-1
YWHAQ,0
EPHA1,-1
APEH,-1
PRRC2C,-1
ELAC2,-1
JARID2,0
MATK,-1
SGK1,1
ELMO2,-1
IFT122,-1
GPR32,-1
MMP25,-1
ASCL4,-1
PRAM1,-1
MMP8,-1
KL,-1
GPN1,0
GRIN2B,-1
KIF21B,-1
FCHO2,-1
AGPAT3,-1
ROS1,1
FGD6,-1
DGUOK,-1
SLC5A9,-1
OR1D2,-1
MYBL2,-1
ZNF638,-1
SLCO1A2,0
VPS11,-1
OR4C16,-1
TTLL12,-1
ABI2,-1
GABRA1,-1
PRPH,-1
SLIT1,-1
KCNJ15,-1
SPN,-1
SOX12,-1
MSH6,1
ERCC3,1
GMPS,-1
EHHADH,-1
MMP24,0
DENND4B,-1
SERPINE2,0
SURF1,-1
VPS54,-1
WDR35,-1
ULBP2,-1
EMC9,-1
CHRDL1,-1
MRPS30,-1
CHI3L1,-1
TMC4,-1
KIF4B,-1
KDM4B,-1
NIPBL,-1
TAS1R2,-1
PTCH1,1
SLC6A2,-1
EPHB2,-1
SFXN4,-1
DYRK1B,-1
MSH4,-1
FCGRT,-1
PPARGC1B,-1
TRPA1,-1
SLC25A37,-1
USP7,-1
PMS2,1
NUDT3,0
TM9SF2,-1
CSPG4,-1
MGAT5,-1
CDH19,-1
CYP2S1,-1
TBL1Y,-1
CDKN2C,1
PLA2G4A,-1
AP3B2,-1
ERBB4,1
TGFB2,-1
AMELY,-1
ALPK3,-1
GNG7,0
ACSM3,-1
PPP1R3B,-1
SLC39A11,-1
SERPINA9,-1
G6PD,-1
AJUBA,-1
NCOA6,-1
RAB36,-1
CAMSAP3,-1
GAL3ST3,-1
KMT2C,1
SET,1
UNC5B,-1
TECTB,-1
CR1,-1
DIS3L2,-1
FLT4,1
COMMD8,-1
GREB1,-1
RGPD3,1
FBLN1,-1
AP1M2,-1
SCN9A,-1
MYBL1,-1
FCRL3,0
EIF4G2,-1
DNMT3A,1
TBX2,-1
FMN2,-1
PRDM1,1
PCDHGC4,-1
MYO5A,-1
COL4A2,-1
ATP13A1,-1
MYO16,-1
ZNF541,-1
NR4A1,-1
HIC1,-1
PLXNA1,-1
OR5F1,-1
PCDHB5,-1
GBP5,-1
SPIRE1,0
CARS2,-1
WNT1,-1
TRIM31,-1
RPS6KA6,-1
KLHL8,-1
SLC44A2,-1
KIF21A,-1
EGR3,-1
MTOR,1
RPL10A,-1
USP4,-1
MPHOSPH8,-1
TUFT1,-1
POLE,1
ANK1,1
SLC27A2,-1
OGDHL,-1
VNN1,-1
ZFP90,-1
EIF2A,-1
ZNF629,0
NPHP3,-1
SORCS3,-1
DDX54,-1
AHNAK,-1
MSRA,-1
SLC8A2,-1
DPPA4,-1
KIF6,-1
TGFBR2,1
GIGYF1,-1
GOLGB1,-1
PPA1,0
ASB14,-1
SHANK2,-1
SMCHD1,-1
ARFGEF2,-1
CLCNKB,-1
LGALS3BP,-1
ABLIM3,-1
FGD1,-1
MAP2K2,1
CDHR1,-1
GALNT11,-1
NNT,-1
DRP2,-1
KMT2A,1
OR6C76,-1
ZNF831,-1
TFCP2L1,-1
MEGF8,-1
MYLK4,-1
HK3,-1
NDUFS7,-1
AP5M1,-1
COL8A2,-1
DSP,-1
KRT14,-1
BAZ2A,-1
NUP155,-1
SLC1A6,-1
REPIN1,0
HMBOX1,0
BRIP1,1
CEACAM1,-1
TMEM199,-1
TMPRSS7,-1
BBS1,-1
ARC,-1
AQP12B,0
GXYLT2,-1
VPS13D,-1
FGL2,-1
ARHGEF18,-1
LRP5,-1
AK2,-1
INSC,-1
ECEL1,-1
NOXO1,-1
RAVER1,-1
TMCC2,0
MTFR1,0
EXOG,-1
ZKSCAN5,-1
STAB2,0
SORCS1,-1
ARHGAP26,1
IGLV2-23,-1
DENND1C,-1
POLRMT,-1
PISD,-1
IRAK4,-1
ATF7,-1
LYN,-1
MAPK13,0
NRAP,-1
ZNF628,-1
WDR75,-1
IFIT2,-1
NEU1,-1
EBF2,-1
SLC7A3,-1
SUGP1,-1
ANKRD27,0
PHKA1,-1
ZNF664,-1
MGA,-1
VWF,-1
ELF5,-1
ZNF567,0
PLAT,-1
KDM5C,1
CCND3,1
DRD4,-1
COL26A1,0
ACAP1,-1
MEP1B,-1
IFI44L,-1
TBC1D25,-1
SMARCB1,1
ATF1,1
PRPF8,-1
GNPNAT1,-1
TSC1,1
FARP1,-1
ELFN2,0
TRIM10,0
TSPYL2,-1
PLEKHG4,-1
SYNJ1,-1
SLC15A4,-1
HPS3,-1
FRMD4A,-1
ATP6V1G1,-1
AGAP5,-1
FLRT2,-1
CHD9,-1
GALNT2,-1
WDFY3,-1
CDH11,1
PEPD,-1
DHX58,-1
CASR,-1
SND1,1
LAMA5,-1
TPPP,-1
TRERF1,-1
DOCK7,-1
OTUD7B,-1
ESPN,-1
ATP8B4,0
LMO4,-1
DNAH6,-1
SLC1A2,-1
TMEM135,-1
PLD2,-1
THEMIS,-1
MAPK8,-1
DDR1,0
SP100,-1
LILRA3,-1
GZMA,-1
DMC1,-1
TERT,1
SETDB1,1
ADAMTSL2,-1
SLITRK6,-1
NRK,-1
MDN1,-1
INVS,-1
RAD51,-1
FN1,-1
GCK,-1
PEX1,-1
PLOD3,-1
HECTD1,-1
SCN2A,-1
MAPRE1,-1
ZNF544,0
GPR45,-1
PTH2R,0
FAT1,1
C1QBP,-1
NCOA7,-1
DHX16,-1
AWAT2,-1
FBP2,-1
ID4,-1
HDLBP,-1
NRP1,-1
CPXM1,-1
COL6A6,-1
TRIM59,-1
PDZRN3,-1
PCDHGA11,-1
CARD6,-1
SLC4A3,0
CCM2,0
METAP1,-1
SV2C,-1
PBRM1,1
SLC2A6,-1
FBXL7,-1
SIPA1L2,-1
ARFGEF1,-1
ZNF99,-1
HOXB6,-1
COG8,-1
PRPF4B,-1
CLSTN1,-1
STAG3,-1
COL6A2,-1
CELSR2,-1
FANCA,1
PTPN14,-1
SLC13A4,-1
ITGB3,-1
AUH,-1
OXA1L,-1
CHRNA2,-1
FBL,-1
SPTBN4,-1
FBN2,-1
P4HA3,-1
GLI3,-1
CPM,-1
RP1,-1
EXOC8,-1
DLEC1,-1
SAE1,-1
COL28A1,-1
MAGI3,-1
CIC,1
MSL2,-1
UBASH3A,-1
SETX,-1
PER3,-1
GNAL,-1
PHRF1,-1
OR10K1,-1
SOX1,-1
KRT19,-1
SCARA5,-1
MAP3K9,-1
NFKBID,0
SNRNP70,0
SLC25A24,-1
PDIA4,-1
CTDSPL,-1
RNF213,-1
PCGF1,-1
ANPEP,-1
GPX8,-1
IL1R2,-1
ABCG8,-1
MAPK4,-1
SLC22A11,-1
MINK1,-1
EDRF1,0
OR2T2,-1
GREM2,-1
PROZ,-1
INO80,-1
DHX38,-1
KCNH3,-1
MUC16,-1
FZD5,-1
PRF1,1
DCLRE1B,-1
PLEKHG4B,-1
GRIK3,-1
ZNF597,-1
EFHD1,-1
TJP1,-1
SLC22A17,-1
ZNF639,0
LPIN2,-1
EMC2,-1
SCFD1,-1
SEC23A,-1
RAI14,-1
FREM1,-1
NPR1,-1
CAMK2G,-1
TNFRSF10B,-1
EIF4G3,-1
LDB1,-1
DBX1,-1
DLG5,-1
LATS1,1
SEMG2,-1
PCDHA1,-1
TYMS,-1
ZFYVE26,-1
ITCH,-1
GZMM,-1
DAGLB,-1
SYMPK,0
ZNF331,1
EXOC3L4,-1
COL7A1,-1
FLCN,1
RAB3D,0
ACOT11,-1
SLC25A11,-1
CD27,-1
KCNH2,-1
GRM8,-1
SGIP1,-1
AGO1,-1
GJB4,-1
FOXF2,-1
LMOD2,-1
MID2,-1
SDHD,1
CUL5,-1
ACO2,-1
GRM7,-1
RAD23B,-1
CACTIN,0
LRFN1,-1
NEU2,-1
RRP1,0
VAV3,-1
SOS1,-1
INPP4B,-1
AXL,-1
OR4C15,-1
ZBTB7A,-1
WNT7B,-1
COL16A1,-1
OBSCN,-1
RANBP6,-1
IL13RA1,-1
RIPK3,-1
DPYSL2,-1
NLRP7,-1
OXGR1,-1
FRY,-1
CCNL2,-1
NACC1,-1
ESM1,-1
PCDHGB1,-1
SEC23IP,-1
HTR2C,-1
TRPM7,-1
NF2,1
GNAT1,-1
POLR2A,-1
GRIN3A,-1
VANGL2,-1
ADAT3,-1
CATSPERD,-1
SRRM1,-1
CNTRL,-1
OR10H3,0
PAAF1,0
ENOX2,-1
RTN4RL2,-1
MYO7B,-1
POLR2H,-1
RPS6,-1
CTDP1,-1
DDX1,-1
INSM1,-1
COL5A2,-1
ZNF225,0
ABCF2,-1
AGRN,-1
SPPL2A,-1
MAP2K3,-1
NFE2L1,-1
DST,-1
ZNF679,0
ZNF536,-1
RAI1,-1
TRPC1,-1
RAD50,-1
PKP3,-1
SPTBN5,-1
KMT2E,-1
BCAN,-1
ARAP1,-1
NPTX1,-1
ARHGEF2,-1
ZNF23,-1
MBTPS2,-1
UCHL5,-1
HEATR3,-1
EP400,-1
CR2,-1
POLR2B,0
CCP110,-1
TRPM2,-1
TXNIP,-1
USP18,-1
KDM2B,-1
SLC16A6,-1
MAN1C1,-1
LAX1,0
PROKR2,-1
CSNK1A1L,0
IKBKE,-1
SBF2,-1
RGS5,-1
HNRNPR,0
IL1RAPL2,-1
EPHB4,-1
CLNK,-1
SCAMP4,-1
FEZF1,-1
RTN3,-1
GIGYF2,-1
MYH6,-1
MUC4,-1
CLDN8,-1
ADNP2,-1
ASH1L,-1
ZNF582,-1
TMEM138,-1
CYP4F2,-1
TAS2R40,-1
DNAH5,-1
XPO5,-1
THRAP3,-1
KCNU1,-1
KCNG2,0
GJA8,-1
OR8D4,-1
MGLL,-1
COL4A3,-1
ZFP36,-1
RANBP3L,-1
CCDC86,-1
GUCY2C,-1
NPFFR2,0
ATP6V1A,-1
TSC22D1,-1
SPTBN1,-1
NVL,-1
TBX3,1
COL27A1,-1
COL19A1,-1
ZSCAN23,0
PDLIM7,-1
TDRD6,-1
ACVR1,1
DNALI1,-1
CHRM5,-1
TBX21,-1
PDE1C,-1
KRAS,1
TRIO,-1
TUSC3,-1
SVOPL,-1
MDC1,-1
GANAB,-1
TAB1,-1
ARHGAP29,-1
CNTN5,-1
ANAPC7,-1
SYNE1,-1
RIMS1,-1
HAPLN1,-1
OR4K5,-1
ZNF835,0
HAP1,-1
COL6A5,-1
USP9X,-1
SALL4,1
MSH3,-1
ZMYND8,-1
TLL2,-1
DLC1,-1
POLR1A,-1
ITPKB,-1
MICALL2,0
KIDINS220,-1
IL11RA,-1
EPHA5,-1
COL11A1,-1
ZRANB1,-1
SLC9A1,-1
TUBB1,-1
GBP2,-1
WWP2,-1
DROSHA,1
CD5,-1
RORC,-1
COX11,-1
VPS41,-1
MCIDAS,0
DCAF4,-1
RANBP2,1
DAAM2,-1
WDR91,-1
SORBS1,-1
PTPRD,1
RASGRP1,-1
ATM,1
NUFIP2,-1
NCAPD3,-1
SFTPA2,-1
ELF4,1
EIF4G1,-1
GRIN2C,-1
ARHGAP23,-1
BRSK1,-1
MAP3K13,1
TMIE,-1
PDE4A,-1
LRRC7,-1
PKM,-1
UBP1,-1
NOTCH3,-1
SREK1IP1,-1
OR3A2,-1
SLC26A5,-1
NALCN,-1
GRIN3B,-1
MMP20,-1
USP45,-1
KCNH1,-1
SLC3A1,-1
SPIRE2,0
AMOTL1,-1
SGSH,-1
ZNF148,-1
MMP2,-1
STK35,-1
MRI1,-1
TERF2,-1
GFAP,-1
FBXW9,-1
ADAMTS4,-1
RAB11B,-1
DLGAP2,-1
NEB,-1
ZSCAN12,-1
ARHGEF40,0
GRIA1,-1
AUNIP,-1
GLUD2,-1
ZGPAT,0
SIK3,-1
PLCB2,-1
EZH2,1
ADAM9,-1
BCL2L11,-1
PPIL3,-1
BAAT,-1
IFIH1,-1
TAC1,-1
PSMD8,-1
TNC,1
KPTN,-1
FHL2,-1
FGFR1,1
PSMB5,-1
MYH7,-1
ZNF689,-1
SNRNP200,-1
WDR59,-1
NKTR,-1
NR4A2,-1
LRRC55,-1
BRAF,1
LRBA,-1
CERS2,-1
WBP11,-1
REEP4,-1
MGME1,-1
ZNF304,-1
HNRNPAB,0
ITGBL1,-1
OR5L1,-1
FNIP1,-1
EIF4A1,-1
CEP85,0
CHD5,-1
CTSS,-1
RASEF,-1
GDA,-1
DEDD,-1
NEO1,-1
HDAC1,-1
CPSF1,0
JAZF1,-1
SKOR2,-1
VPS13C,-1
SLIT3,-1
FRMD6,-1
SRPK2,0
OR5W2,-1
GTSF1,-1
EP300,1
IFITM3,-1
OFD1,-1
S1PR4,-1
KCNQ4,-1
SUCLA2,-1
GUCY1A2,-1
RBP3,-1
TBCD,-1
JPH1,-1
ATAD1,-1
DEPDC5,-1
ZNF608,-1
DLGAP3,0
CLINT1,-1
OR51B5,-1
HTT,-1
LRP1,-1
CCPG1,-1
GAS8,-1
ARL4C,-1
STAB1,0
NFKBIA,-1
DACH1,-1
DLX2,-1
ANK2,-1
TP53,1
CNTNAP2,-1
CAPZA1,-1
KALRN,-1
MKS1,-1
CCDC88C,-1
PXDN,-1
CDH6,-1
MAP2K7,-1
CDC27,-1
PACS1,-1
DCHS1,-1
MUC17,-1
VN1R4,-1
MORF4L2,0
SELP,-1
PPRC1,-1
PCDHB16,-1
ZKSCAN7,0
NDST2,-1
TMEM132A,-1
FRMD1,0
TRIM8,-1
FANK1,-1
COL6A3,-1
TRH,-1
ADD2,-1
NIPAL1,-1
MYO1G,-1
NISCH,-1
RASGRF2,-1
OPCML,-1
IQCB1,-1
ATP9A,0
ZNF358,-1
NSD1,-1
MCF2L,-1
CACNA1E,-1
ITGA8,-1
PHLDB2,-1
VRK1,-1
EGLN1,-1
PCSK2,-1
GSN,-1
CBLL1,-1
NTRK2,-1
TRAF1,-1
XBP1,-1
TEX15,-1
PTPN12,-1
PTPRU,-1
GLI1,1
OR2M7,-1
MAK16,0
MYO1D,-1
TRIP10,-1
VCAN,-1
PDYN,-1
KIAA0586,-1
RYR2,-1
AKAP8,-1
PTEN,1
USP24,-1
FES,1
ACTL7B,-1
USP16,-1
EEA1,-1
COQ4,-1
ALPK1,-1
PLXNB2,-1
NUBP2,-1
PSD,-1
DOCK6,-1
KIT,1
LAMC2,-1
TRPM4,-1
RALGAPA1,-1
NUPR1,-1
P4HA1,-1
DSEL,-1
GTF2F1,-1
GIT1,-1
TNK2,-1
ALS2,-1
CD274,1
KCNC1,-1
RPS6KB2,0
APBB2,-1
PDHX,-1
PCGF3,-1
SAV1,-1
GALNT8,-1
MFSD8,-1
CNOT10,0
SLC22A23,-1
ARNT2,-1
MYO1E,-1
MUC5B,-1
BNC1,-1
AKT3,1
GRK1,-1
ASL,-1
ESR2,-1
LPAR2,-1
MED12,1
FLG,-1
HAVCR1,-1
ZNF419,-1
DCTN1,-1
RAD18,-1
IFT140,-1
GABRB1,-1
RPTOR,-1
SCN11A,-1
OTUD7A,-1
LATS2,1
DNMT3L,-1
ABCC8,-1
CAPN14,-1
PLA2R1,-1
POLR3G,-1
KIF26A,-1
MRPL47,-1
IRF2BP1,-1
SLC4A4,-1
TAPBP,-1
UNC5A,-1
HSPA1A,-1
RNF19A,0
USP25,-1
RNF139,-1
ZNF408,-1
PCDHA2,-1
KSR1,0
TAS2R4,-1
DNMT3B,-1
TULP4,0
RASAL1,-1
NIN,-1
HCRTR2,-1
IL4R,-1
PIK3C3,-1
OR2A7,-1
SMARCA4,1
RTKN,-1
NRG2,-1
GAA,-1
NUFIP1,-1
UGT2B4,-1
CLCA1,-1
ARHGAP30,-1
CLIC5,-1
POLR2G,-1
KIF13B,-1
TRAF6,-1
CDK14,-1
KANSL2,-1
PRICKLE4,-1
LSP1,-1
ZNF440,0
RHOXF1,-1
BFSP1,-1
BSN,-1
ARAF,1
ABCB4,-1
NCF2,-1
HBS1L,-1
AMOTL2,-1
UBE3D,0
HSPA13,0
MCF2,-1
RAD21,1
ROBO2,1
CIRBP,-1
PSME4,-1
LTBP1,-1
MCM3AP,-1
SULT1E1,0
ANKRD50,-1
XPOT,0
NSF,-1
KLHL3,-1
PCDHA12,-1
UBR3,-1
AHCYL2,-1
MATN3,-1
TXLNG,0
ARAP2,-1
GABRA6,-1
NES,-1
DCAF10,0
PCDHGB3,-1
SETD1B,1
SYT10,-1
PCLO,-1
FTSJ3,0
LRP1B,1
FBN1,-1
NPHP1,-1
MAGEC1,-1
CHRDL2,-1
ARHGAP35,-1
TLN1,-1
DUSP22,-1
FUT4,-1
WDR4,-1
PTN,-1
PCDHGB2,-1
CADM1,-1
BEST1,-1
AARS2,-1
PPP6R1,0
NDUFA10,-1
TESK2,-1
TBL3,-1
MYC,1
ASXL3,-1
MIEF2,0
SMARCA5,-1
ACTL6B,-1
SH2B3,1
GRIN1,-1
DNAH3,-1
CSTF3,-1
GCNT4,-1
TLE4,-1
MYCBP2,-1
SH3RF2,-1
NRTN,-1
UBAP2L,-1
AVPR2,-1
STAT1,-1
IQSEC1,-1
SLC4A5,-1
ZNF783,0
WNT3,-1
IL1RAP,-1
DECR2,-1
NEK2,-1
CHRNB4,-1
GRHL1,-1
SLC22A3,-1
ESX1,-1
BRWD3,-1
SLC22A1,-1
BMP1,-1
LZTS1,-1
EFNB2,-1
TAF1A,-1
MYRF,-1
CNOT11,0
HCN3,-1
TSC2,1
RGL2,-1
DMTF1,-1
MAP3K3,-1
NCAN,0
CACNA1B,-1
GC,-1
GK2,0
FHOD3,-1
DPF1,-1
OR1J1,-1
ZNF687,-1
SPOPL,0
MYT1L,-1
ASPM,-1
ATR,1
SLCO4A1,-1
PRICKLE1,-1
PDE10A,-1
KIAA0319,-1
ARHGEF10,1
EHF,-1
IGKV1D-16,-1
PAX5,1
SCN1A,-1
IL23R,-1
OR5M3,-1
ZNF333,-1
TEC,1
CASC3,0
