genename,label
PRDM14,-1
GSTA3,-1
PRDM12,-1
SMC6,0
OTX1,-1
POTEE,-1
DDX11,-1
HELLS,-1
STIL,1
SIGLEC1,-1
RFC1,-1
INIP,-1
IDH3A,-1
HADHA,-1
ITGB5,-1
MNDA,-1
ITSN1,-1
RNF113B,-1
E2F5,-1
GRIN2A,1
LPP,1
SPATA16,-1
UBXN6,-1
UIMC1,-1
PLCB4,-1
PIK3C2A,-1
MMRN2,-1
ZFYVE16,-1
GPR83,-1
NKD2,-1
SERPINB8,-1
HELB,-1
OR8U1,-1
RAE1,-1
ASB1,-1
SLCO1B1,-1
ARHGAP28,-1
CATSPER4,-1
ENPP2,-1
GPX4,-1
ALOX15B,-1
NDRG2,-1
OR52A5,-1
OR6C4,-1
KRT7,-1
PRAME,-1
SNX13,-1
GDF10,-1
SLC26A7,-1
HINFP,-1
DCN,-1
ZNF18,-1
SLC25A12,-1
ZBTB8B,0
GDF9,-1
RHPN2,-1
G3BP1,-1
DDX42,-1
AMER1,1
THBS4,-1
RAB11FIP4,-1
FZD3,-1
OR8D2,-1
NCEH1,-1
RABGAP1L,0
NR3C2,-1
PLIN1,-1
HGF,-1
PSENEN,-1
LMAN1,-1
MDGA1,-1
HOOK3,-1
MAP1B,-1
NLRC5,-1
ZNF574,0
MED29,-1
SPATA5,-1
IQSEC2,-1
CYP26B1,-1
GTSE1,0
KLRG1,-1
NUDT21,-1
SEC31B,-1
EYA4,-1
EIF3M,-1
KRT13,-1
CBX1,0
ZFHX4,-1
TREX1,-1
TNRC6C,-1
CBR4,0
CYP27C1,0
GPR75,-1
CBX4,-1
KRT15,-1
SEC24B,-1
STX4,-1
VRTN,-1
HSPB6,-1
RAB12,-1
RPL28,-1
ATP6V1B1,0
CTBP2,-1
MMS22L,-1
ZNF512B,-1
TINAGL1,-1
ZEB2,-1
RGS3,-1
SYCE1,-1
GNAT2,-1
SYNJ2,-1
GJB6,-1
PRKD2,-1
RLIM,-1
NNMT,-1
SUPT5H,-1
RNF40,-1
PKD2,-1
CEP41,-1
CCNH,-1
SRGAP1,-1
HUS1,-1
FGFR4,1
TRIM3,-1
MTDH,-1
SCNN1G,-1
ACTN4,-1
C8B,-1
SAP18,-1
BAHD1,-1
MC1R,-1
ARHGAP5,1
FBF1,0
UBE2A,-1
PREX1,-1
KLHL42,-1
NRROS,-1
PRRC2A,-1
PSEN2,-1
SCO1,-1
SLC39A6,0
PPFIBP2,-1
SRSF11,-1
MMP3,-1
TPO,-1
GH2,-1
RPS27,-1
OR11G2,-1
FPR3,-1
GLRA1,-1
RBM25,-1
CD63,-1
HTR1E,-1
SNX32,-1
COLEC11,-1
ZNF142,-1
PPWD1,-1
RACGAP1,0
SUZ12,1
WDR48,-1
OR5M8,-1
ILF3,-1
PGAM1,-1
NKAP,-1
HNRNPM,0
EIF2S3,-1
ZNF177,-1
EDIL3,0
FMNL2,-1
ELOVL4,-1
GRB7,-1
KIR2DL1,-1
ARHGDIB,-1
OR51E1,-1
SLITRK4,-1
PLA2G4B,-1
AKT2,1
TLN2,-1
PDE5A,-1
MCOLN2,-1
TFEC,-1
C4BPA,-1
CDC20B,-1
FLII,-1
LRRTM2,-1
KDM4E,-1
TST,-1
EMB,-1
B3GNT5,-1
GCNT1,-1
KRT33A,-1
MAPK14,-1
ARRB2,-1
LAMB1,-1
CASQ1,-1
BRD1,0
POMC,-1
USP48,-1
SLC6A19,-1
GTF3C2,0
PALLD,-1
INHBA,-1
DISP1,0
ANKK1,-1
PABPC1,1
DPYSL3,-1
PGGT1B,-1
ZNF281,0
PRSS33,-1
OR13C5,-1
PDS5A,-1
CYP2C19,0
TNFSF11,-1
BCKDHA,-1
ALG8,-1
XCR1,-1
IZUMO1,-1
MESP2,-1
CCDC47,-1
F5,-1
HLA-DPA1,-1
KCNH6,-1
DISC1,-1
CYLD,1
SMAD6,-1
SELPLG,-1
C3AR1,-1
SVOP,-1
OIP5,-1
CALR,1
HSD17B1,-1
RPF2,0
SAG,-1
LEPR,-1
HAMP,-1
PBLD,-1
SYT1,-1
TBX22,-1
DYNC1I1,-1
CNOT6,-1
ADCY10,-1
IGKV4-1,-1
RSF1,0
ZNF471,-1
SLC15A3,-1
SNRNP27,-1
RSAD2,-1
CDKN1A,1
FSTL1,-1
DKKL1,-1
FOXO4,1
TEAD4,-1
MTTP,0
SLC26A4,-1
MYO3A,-1
IP6K1,0
SPHK2,-1
INTS2,-1
LCN1,-1
SCO2,-1
GAS2,-1
PIGN,-1
ATP2C2,-1
RAPGEF3,0
IGLV1-51,-1
FLNC,-1
KLHL15,-1
HOXC6,-1
ZHX3,-1
TAF7L,-1
ZNF737,-1
ZNF317,-1
RGS18,0
MUS81,-1
EVI2A,-1
UBOX5,0
SRFBP1,-1
DDHD2,-1
NOP14,-1
HTRA3,-1
ADAM28,-1
DOCK5,-1
ZNF207,-1
PCDHB10,0
MPEG1,-1
TECPR2,-1
MAP7D1,0
SETD6,-1
ENTHD1,-1
ZNF132,-1
ADD3,-1
RUFY2,-1
SMAD2,1
ZNF280C,0
F13A1,-1
PCDHA7,-1
FBXO3,-1
AEBP2,-1
ZNF396,-1
WNT2,-1
HSPA6,-1
MRPL30,-1
ZC3H18,0
EPHX1,-1
GPS1,-1
POLN,-1
IGLV4-3,-1
RPS4Y1,-1
AHDC1,-1
NCAM2,-1
KMT2D,1
ZNF492,-1
COL3A1,-1
ZNF750,-1
AMER3,-1
KIF4A,-1
MPP4,-1
ALPP,-1
DLX6,-1
SSBP4,-1
UBA1,-1
EPHA4,-1
CTR9,0
PCK1,-1
BMP10,-1
IL16,-1
DSCAM,-1
GJC1,-1
PLEKHM1,-1
MAST3,-1
ROCK1,-1
UCHL3,-1
TIAL1,-1
OR10S1,-1
ABCF1,-1
LMOD1,-1
TUBB2A,-1
RRP15,-1
ZNF44,-1
CAND1,-1
FECH,-1
TRAP1,-1
ZNF212,-1
NDUFS4,-1
CHFR,-1
KIF5B,-1
ACSS1,-1
PDE6C,-1
LPAR4,-1
PDLIM1,-1
ASGR2,-1
POU5F1,1
OR10G7,-1
RCOR2,-1
CXCR4,1
CHD3,-1
HSPA5,-1
ZNF860,0
IRAK1,-1
KRT23,-1
ZNF507,0
ZNF175,-1
COASY,-1
DGKZ,-1
ARSD,-1
MED12L,-1
THRB,-1
MARK3,-1
ZNF491,0
LAMA2,-1
AMBN,-1
SLC45A2,-1
AUP1,-1
VSNL1,-1
IFITM2,-1
MBTD1,0
LYST,-1
ZSCAN21,0
PCDH15,-1
OAS3,-1
TJAP1,-1
OR2L13,-1
ATP6V0A1,-1
DNAH17,-1
FOXR2,-1
SMG9,0
NCOA1,-1
JPH3,-1
POGZ,-1
FERMT2,-1
SH2D2A,-1
OR4Q3,-1
VARS2,-1
EGLN2,-1
ZNF256,-1
WASF2,-1
HNRNPUL1,-1
UBXN4,-1
CDK5RAP2,-1
ATG9B,-1
HCAR2,-1
DCLRE1A,-1
HPS4,-1
GLIS2,-1
ACTL8,0
UBR4,-1
OR2C3,-1
PRL,-1
RWDD3,-1
ARFGAP2,-1
HOXA2,-1
PSMA3,-1
OR6C68,-1
PTPN21,-1
SETD4,-1
SETD3,-1
ARMC8,-1
ZNF528,-1
ARRDC4,-1
PYGB,-1
SC5D,0
DMAP1,0
AAK1,-1
SLC4A2,-1
PIGL,-1
GXYLT1,-1
AP1G1,-1
FBXO24,-1
NMT2,-1
ASIC4,0
FBXO7,-1
IRF2BPL,-1
SYT6,-1
PADI3,-1
CHTF18,-1
CYP19A1,-1
ESCO1,-1
PSG7,-1
C5AR2,-1
NLRC3,-1
ZMYND11,-1
ASAH2,-1
TRBV19,-1
KCNA10,-1
NFS1,-1
CDH24,-1
AXIN2,1
COL4A5,-1
JADE1,0
LRRC4,-1
VRK3,0
MUC7,-1
DNA2,-1
PRKDC,-1
LTBR,-1
TAB3,-1
CAP2,-1
CHKB,-1
CAD,-1
MECP2,-1
IFNA7,-1
ARSH,-1
SETD2,1
MMP21,-1
CAPN3,-1
PDGFA,-1
VPS26B,-1
ALG10B,0
TAS2R42,-1
EXOC4,-1
SECISBP2,-1
IGF2BP3,-1
OR2A12,-1
CPSF4,-1
SPAG5,-1
TRBV6-1,-1
PNMA5,-1
NUP214,-1
KIAA1549,-1
FOXP2,-1
RASGRP4,-1
NAA35,0
SRSF7,-1
MCHR2,-1
OLFM1,-1
CSPP1,-1
AREL1,-1
TOM1L1,-1
WFIKKN2,-1
LCP2,-1
OR6F1,-1
VIPAS39,-1
PLA1A,-1
COL4A1,-1
RBBP6,-1
CHRNE,-1
STX1A,-1
KCNJ12,-1
RSU1,-1
OR1A1,-1
CLTA,-1
SCAF4,-1
SPRTN,-1
JAG1,-1
CEP152,-1
SLMAP,0
CLIP3,-1
VGLL1,-1
CERS6,-1
POLK,-1
RLF,-1
HNRNPU,-1
OR2M2,-1
HRC,-1
PROX2,-1
COL22A1,-1
MAF,1
PRMT5,-1
OR6Q1,-1
PRKACB,-1
AP3M2,-1
GPHN,-1
ARHGAP25,-1
PTPN7,-1
MKNK2,-1
CLK1,-1
TRIM36,-1
HPSE2,-1
NOC2L,-1
RICTOR,-1
LRP8,-1
FBXL14,-1
ACSL6,-1
PRSS55,-1
GABPA,-1
PSMD6,-1
GYS1,-1
THOC1,-1
GNAI2,-1
MED10,-1
TBL1X,-1
MCM8,-1
ZNF620,-1
PEX7,-1
RELN,-1
ZNF341,-1
OPA1,-1
CD33,-1
DNER,-1
STAG1,1
UMOD,-1
CYP11A1,-1
COPG1,-1
MRPS18C,-1
NUP160,-1
RIOK2,-1
SLC25A4,-1
SLC25A25,0
DUSP5,-1
RPS6KA1,-1
DHX9,-1
ANLN,-1
CD300A,0
ARSI,-1
P2RY2,-1
HCN1,-1
ZNF564,0
TRIOBP,-1
SARNP,-1
BCLAF1,1
AMN,-1
DBP,-1
OR51D1,-1
FAM83A,-1
CNR2,-1
MMP8,-1
WDR18,-1
ITGA3,-1
IL17RA,-1
RASSF2,-1
SLC5A11,-1
TTI1,-1
NHS,-1
IGKV2-24,-1
COMTD1,0
ZNF652,-1
HAUS1,-1
RALGPS1,-1
DIAPH3,-1
ZNF638,-1
ZNF445,0
DNAJC11,-1
DAPK2,-1
ANAPC11,-1
PPP1R14B,-1
PTPRF,-1
PFDN4,-1
TNFRSF13B,-1
TRIM11,-1
PIWIL2,-1
PRELID1,-1
PECR,-1
PRPH,-1
IL5RA,-1
RPL3L,-1
CHST3,-1
RAB6B,-1
MSH6,1
DNAAF1,-1
NFIL3,-1
HERC5,-1
EHHADH,-1
NET1,-1
CXCR6,-1
EHMT2,-1
DENND4B,-1
CLTCL1,1
FBXO30,-1
ATF6B,-1
SASS6,-1
TPR,-1
CLCN7,-1
EPM2A,-1
CEP250,0
OGDH,-1
HTR3A,0
ATP12A,-1
ASB8,-1
HEXIM1,0
KRIT1,0
ITGB4,-1
RABEP1,-1
ELP3,-1
EXTL1,-1
KDM4B,-1
KRT36,-1
BCOR,1
EMC1,-1
EMILIN2,0
PIF1,-1
RHOT2,-1
SFXN4,-1
ZNF552,0
B3GAT2,0
UNC119,-1
PTGER2,-1
ZNF708,0
PPP1R2,-1
RNF6,-1
AKAP3,0
CAND2,-1
ANAPC5,-1
OR52I2,-1
RBM7,-1
IFITM1,-1
CASQ2,-1
TM9SF2,-1
PPM1J,-1
PODXL,-1
DENND5B,-1
CSPG4,-1
ACSS2,-1
PRPSAP1,-1
SSR3,-1
PBX2,-1
IRF3,-1
SAMHD1,-1
CDH19,-1
LPA,-1
CHST13,-1
CCL27,-1
ZXDC,-1
ERBB4,1
GRXCR1,-1
GPR84,-1
PLA2G6,-1
SLC12A3,-1
RIPPLY3,0
HS3ST2,-1
ARAP3,-1
FBXW7,1
ELOVL2,-1
AAR2,-1
TNNI1,-1
G6PD,-1
TRAV21,-1
ASH2L,-1
MYLK,-1
ATF2,-1
NCOA6,-1
ZSWIM8,-1
HBE1,-1
ZNF600,0
KMT2C,1
EPAS1,1
ATXN7,-1
TECTB,-1
LIAS,-1
ELSPBP1,-1
TYSND1,-1
ERN2,-1
RBM20,-1
PCDHGA1,-1
NCAM1,-1
SULF1,-1
ZNF407,-1
ITGA5,-1
CLN6,-1
SMUG1,-1
CASP14,-1
MYBL1,-1
DNMT3A,1
TNPO1,-1
SLC16A2,-1
CATSPERB,-1
STT3B,-1
FMN2,-1
DNAH8,-1
COL4A2,-1
PURG,-1
TRAF3IP1,-1
UBE2H,-1
GUCA1A,-1
ARHGEF6,-1
RPS3A,-1
NARS2,-1
GULP1,-1
AGT,-1
SPAG16,-1
UGT1A7,-1
SEMA3E,-1
RPN2,-1
ANAPC1,0
SRP72,-1
AMPH,-1
HEPACAM,-1
URB1,-1
CHERP,0
ADORA2B,-1
SIN3B,-1
SEMA3D,-1
ZNF283,0
USP15,-1
KCNK5,-1
CSNK1G1,-1
KIF21A,-1
PRMT3,0
FBXO11,1
UBR1,-1
ARF6,-1
HHEX,-1
GLB1L3,-1
VHL,1
OR8B3,-1
GPR85,-1
BRINP3,-1
SLC8A2,-1
GIGYF1,-1
GOLGB1,-1
SLC8A3,0
ALDH3A1,-1
IRX3,-1
TMOD1,0
GPT,-1
ATP13A3,-1
REPS2,-1
CCND2,1
KLHL7,-1
ZNF623,0
PI4KA,-1
ERBB2,1
SCUBE1,-1
GNB5,-1
GGT5,-1
F9,-1
MEGF8,-1
IFNA5,-1
NAPB,-1
IGKV3D-11,-1
UTP3,-1
HMOX2,-1
LCE1F,-1
DSP,-1
AKR1A1,-1
SAT1,-1
BAZ2A,-1
PRSS36,-1
XK,-1
FLG2,-1
FASTKD5,-1
USH1G,0
PAX2,-1
GAP43,-1
CDH17,1
AKAP1,-1
SCTR,-1
YBX2,-1
RPN1,-1
SLX4,-1
TMEM199,-1
NEDD4L,-1
DHX57,-1
TIAM2,-1
CDYL,-1
USP3,-1
ZBTB41,-1
PNKP,-1
PPP3CC,-1
TLE1,-1
CHAF1B,0
HECW1,-1
IL20RB,0
DPEP3,-1
MEOX1,-1
EOMES,-1
AK2,-1
NRXN2,-1
RPH3A,-1
HS6ST3,-1
ESAM,-1
NOXO1,-1
ZNF438,0
IGF2R,-1
ARHGAP20,-1
TMCC2,0
TRPV4,-1
ZNF668,-1
OR4C11,-1
RASSF6,-1
SMARCAL1,-1
ATP8B3,-1
KSR2,-1
PROKR1,-1
MTMR12,-1
CDK8,-1
MAP7D2,-1
FGF3,-1
HOXB4,-1
SOS2,-1
PISD,-1
CLEC2D,-1
IQSEC3,-1
WT1,1
ZBTB48,-1
LAMC3,-1
OR1I1,-1
ST6GALNAC2,-1
ENPP3,-1
IFIT2,-1
RNF25,-1
B9D1,-1
NEU1,-1
RBM19,-1
TSC22D3,-1
SCNN1A,-1
LTN1,-1
OR51Q1,-1
FBXL16,-1
UGT2B28,-1
MXRA8,-1
LGALS8,-1
PARG,-1
CHAF1A,-1
DBH,-1
FARSA,0
LYPD2,-1
CLDN12,-1
NGRN,-1
FOXM1,-1
DCT,-1
RASA1,-1
GABRR1,-1
COL26A1,0
CEP97,-1
NYAP2,-1
TRPC7,0
PTPN3,-1
ELFN2,0
ADAM23,-1
CTNND1,1
IGHA2,-1
SRCIN1,-1
FRMD4A,-1
BMP6,-1
B3GNT7,-1
OR51V1,-1
ABCE1,-1
CENPJ,-1
NUAK2,-1
GJB1,-1
CHD9,-1
AMDHD2,-1
LARP4B,1
HSD17B2,-1
IMPACT,-1
MTCH2,-1
WDFY3,-1
GPR4,-1
AGXT,-1
SH3GL2,-1
PEG3,-1
RALGPS2,-1
ZNF100,-1
FAM83H,-1
VKORC1,-1
EBF1,1
CHMP2B,-1
MEIS1,-1
TPPP,-1
TINF2,-1
OGN,-1
MYCN,1
MPL,1
TRERF1,-1
STX8,-1
ARF1,-1
LMO4,-1
ANKRD52,-1
THEMIS,-1
DCAF13,-1
RHOQ,-1
ZYX,-1
DDR1,0
SP100,-1
OR4P4,-1
TERT,1
KCNAB1,-1
CDKN2AIP,-1
TRAPPC10,0
UPK1B,-1
ZNF257,-1
ABCB1,-1
RAD51,-1
FANCE,1
RBL2,-1
RGPD4,-1
TRBV7-6,-1
TUBB4A,-1
SLC25A13,-1
CHST9,-1
SIAH2,-1
PPP2CB,-1
IFIT1,-1
FAT1,1
PTOV1,-1
ZNF711,-1
TAPT1,-1
SERPINI2,-1
MSR1,-1
PRKCQ,-1
COX6B2,-1
SEC31A,-1
ABCA13,-1
PRLR,-1
GUCA2A,-1
SLC9A5,-1
PPP1R15A,-1
PDZRN3,-1
SLC17A6,-1
CHD4,1
LMAN2,0
CARD6,-1
MAP4,-1
SDAD1,0
AKR1B10,-1
P2RX1,-1
GUCY2F,-1
SV2C,-1
CELA3B,-1
EML1,-1
MAP3K8,-1
NPAS1,-1
FTL,-1
MRC2,-1
YTHDF2,-1
PRNP,-1
TOP1,-1
MAN2A1,-1
PRPF4B,-1
CLSTN1,-1
CD38,-1
YEATS2,-1
SEMA4B,-1
PIK3CG,-1
OSBPL11,-1
HAUS7,-1
GAS6,-1
OXA1L,-1
TFPI,-1
FBL,-1
TPSAB1,-1
RAD54L,-1
ZNF93,-1
CAMKK1,0
PITX2,-1
CPSF7,0
RSPO4,-1
APLNR,-1
DLEC1,-1
ACSBG2,-1
PSG11,-1
NPPB,-1
PHRF1,-1
PAX9,-1
NCAPD2,-1
PLS1,-1
IL2RA,-1
GGTLC1,-1
OR52K2,-1
LTF,-1
NFKBID,0
KRT27,-1
CUX1,1
ZNF675,0
IKZF3,-1
NTF4,0
HSPB11,0
OR52L1,-1
MIS18A,-1
PYGO1,-1
FUCA2,-1
GPX8,-1
KPNB1,-1
MAPK4,-1
PAK1,-1
KRT6C,-1
MUL1,-1
OR2T2,-1
RDH5,-1
FDXR,-1
BCAR1,-1
ABL1,1
SHC2,-1
CD300C,0
FZD5,-1
DCLRE1B,-1
KDM5A,1
LRRC32,-1
IGHV4-34,-1
MEP1A,-1
MDFIC,-1
LPIN2,-1
DMBT1,-1
EMC2,-1
CD22,-1
SEC23A,-1
PNMA1,-1
KDM5D,-1
DMXL2,-1
ZNF607,0
BRCA2,1
PGLYRP2,-1
DDX20,-1
ZHX1,-1
GALM,-1
DLL4,-1
CAMTA1,1
ZNF215,-1
SLC35F6,0
ZNF331,1
OR2G2,-1
CCDC39,-1
PTPRM,-1
CLCNKA,-1
PIP4K2A,-1
UGT3A2,-1
LSM11,-1
ACTC1,-1
EVX1,-1
CD300LF,-1
CD27,-1
DOT1L,-1
MAN2B2,0
SFPQ,1
PPP2CA,-1
GNB3,-1
RSPO1,-1
CTSW,-1
INPP4A,-1
CLK3,-1
LIMS2,-1
KRT74,-1
CTBP1,-1
SFMBT1,-1
ADCY1,-1
WIPF3,-1
ARHGAP12,-1
AXL,-1
OR4C15,-1
DGKE,-1
CAPZA2,-1
STRN4,-1
OBSCN,-1
LEF1,1
CRYGB,-1
PCDHGA2,-1
RASGRP3,0
ZBTB10,0
HSD3B1,-1
ARHGEF28,0
RPL27,-1
PDCD11,-1
ATF4,-1
DGCR8,1
ESM1,-1
PCDHGB1,-1
CFHR2,-1
DPPA3,-1
ADAMTS12,-1
NF2,1
DSN1,-1
GZF1,-1
RBM6,-1
ADAT3,-1
SPTB,-1
ZNF830,-1
SEC61A2,-1
PAAF1,0
RPL34,-1
EBNA1BP2,-1
CADM3,-1
PRR5,-1
PCDH20,-1
PAX8,-1
CTDP1,-1
TRIM22,-1
DDX1,-1
SNAP91,-1
COL5A2,-1
SNAI1,-1
GALR1,-1
PPM1B,-1
DDX10,1
TPRN,-1
DMPK,-1
COL1A2,-1
SERPINB11,-1
AGRN,-1
ATG13,-1
B3GALT2,-1
ALDH1L2,-1
NKD1,-1
TCF4,-1
MAP7,-1
PARP15,-1
DST,-1
ITGB1,-1
WNK4,-1
SDR16C5,0
ZNF280B,0
CHRNB1,-1
ZNF536,-1
MAP3K1,1
PRSS38,-1
OR2V2,-1
PARP8,-1
EXTL3,-1
BCAN,-1
PRCC,-1
IDH2,1
HMOX1,-1
EP400,-1
MYL2,-1
PDGFRA,1
CHML,-1
ANXA6,-1
POLR2B,0
KRT73,-1
C7,-1
MRPS21,-1
PDIA2,-1
SS18,-1
TRAPPC12,-1
TNN,-1
NLRP3,-1
SIM2,-1
RNF115,0
BCL6,1
OR7D2,-1
NPBWR2,0
AGO2,-1
THOC6,-1
MUC4,-1
ARHGAP42,-1
FMN1,0
MCTP2,-1
F10,-1
ASH1L,-1
PARP11,-1
CARD11,1
TADA2A,0
ACTR6,0
MMD,-1
IMPDH2,-1
STX19,0
MVP,-1
PARP10,0
MYO5B,-1
IKZF1,1
HERC1,-1
OR8D4,-1
BBC3,0
DDB1,-1
XYLT2,-1
CEP290,-1
BARD1,1
SERPIND1,0
COL4A3,-1
DUSP7,-1
NOC3L,-1
STS,-1
AKR1B1,-1
HEY1,1
GGPS1,-1
RANBP3L,-1
THBS2,-1
MBOAT4,-1
ATP6V1A,-1
TSC22D1,-1
COL19A1,-1
ABCA5,-1
PRKAG2,-1
FYN,-1
LMO7,-1
SUPV3L1,-1
FKBPL,-1
MRPL14,-1
SDCBP,-1
HDAC10,0
SLC26A11,-1
ZXDA,-1
ALG10,-1
HR,-1
PSG3,-1
CNTN5,-1
EZH1,-1
ALPL,-1
ANAPC7,-1
TAF1C,-1
STT3A,-1
TBXAS1,-1
COL6A5,-1
SALL4,1
ZMYND8,-1
DBF4B,-1
ZKSCAN2,-1
TICRR,0
ART3,-1
CYSLTR1,-1
MICALL2,0
EDC3,-1
DHX36,-1
TBX4,-1
CFP,0
PVR,-1
CD2,-1
ESPL1,-1
TUBB1,-1
NF1,1
RGMA,-1
CUL3,1
TRAV13-1,-1
RORC,-1
ZFAND2B,-1
VPS41,-1
SPC25,-1
NUP62,-1
VIPR1,-1
HOXC8,-1
RNF38,-1
SMU1,-1
IL25,-1
ATM,1
OR4C13,-1
ZNF197,-1
GID8,-1
TUBGCP2,-1
PCNT,-1
SPG7,0
DDX39A,0
PIGC,-1
SAR1B,-1
MKNK1,-1
ZNF563,-1
CTNNA2,1
NDE1,-1
PCDHGA8,-1
PEX2,-1
MAP3K13,1
LPIN3,-1
SPOP,1
RAB3GAP2,-1
LRRC7,-1
F2RL2,-1
CDC20,-1
NCBP2,-1
OR3A2,-1
SLC26A5,-1
NALCN,-1
YARS2,-1
ZBTB33,-1
PCDHGB6,-1
DGKH,-1
SIX4,-1
KIF13A,-1
SLC3A1,-1
EIF5,-1
PDS5B,-1
CYTH3,-1
ZNF148,-1
MMP2,-1
PI3,-1
UBA6,-1
PMF1,-1
LCE1A,-1
OR1S1,-1
PIGG,-1
NAPSA,0
KDM4A,-1
FBXW9,-1
PAK2,-1
ZC3HC1,0
NEB,-1
ZMYM4,-1
NUP133,-1
CD163,-1
SIK3,-1
ADAM9,-1
FAM50B,0
CACNA1H,-1
BAAT,-1
CTNNA3,-1
IGLV3-25,-1
GOLGA1,-1
KPTN,-1
GTF2A1,-1
ZNF211,0
PCSK9,-1
THAP11,-1
FGFR1,1
KIF11,-1
MYH7,-1
APBA1,-1
SNRNP200,-1
IDS,-1
NCAPG2,-1
CDH13,-1
TMEM17,-1
ACVR2B,-1
SBNO1,-1
MAEA,-1
PDE6G,-1
ACSL1,-1
BRD3,1
CTC1,-1
BVES,-1
OR4B1,-1
DCAKD,0
CLK4,-1
CAMSAP1,-1
TCP10L,-1
NDUFS3,-1
GOLIM4,-1
HMGN5,0
OR4A16,-1
CCKBR,-1
ZNF335,-1
MRPL1,-1
OR5L1,-1
OR5P2,-1
CTSK,-1
FNIP1,-1
GET4,-1
PPP3R2,-1
MORC2,-1
SCD5,0
WNT3A,-1
YTHDF3,-1
CILP,-1
LMAN1L,-1
ANO10,-1
GCFC2,0
TLR6,-1
REXO4,-1
RFFL,-1
DEDD,-1
RHOB,-1
CPSF1,0
POMT1,-1
VPS13C,-1
SLIT3,-1
SRPK2,0
GPLD1,-1
TCF7L2,1
EP300,1
DHX33,-1
BLM,1
S1PR4,-1
VDAC3,-1
GUCY1A2,-1
ZBTB38,-1
GNG11,-1
CEP120,-1
NOTCH4,-1
GBF1,-1
RBP3,-1
ADAM21,-1
TTC21B,-1
SLC6A15,-1
MUC6,-1
ZNF692,-1
STAM,-1
NLRP10,-1
DEPDC5,-1
ACVR1C,-1
DOK4,-1
MMP14,-1
GAB2,-1
LILRB2,-1
ZNF773,0
OAS1,-1
ELAVL4,-1
KCNJ14,-1
KCTD8,-1
KIF15,-1
NUAK1,-1
ABCA2,-1
CALHM1,-1
ANK2,-1
CEP135,-1
AR,1
ATPAF2,-1
ADRA2A,-1
SZT2,-1
POLR3C,-1
DPEP2,-1
PXDN,-1
ARHGAP19,-1
PPEF1,-1
VEGFC,-1
RCAN1,-1
DCHS1,-1
GALNT7,-1
UTP14A,-1
NGLY1,-1
TAS2R8,-1
GAS1,-1
CPA6,-1
NTRK3,1
AIFM1,-1
ELN,-1
APPL1,-1
FCRL4,1
CPEB1,-1
SAFB,-1
DMRTA1,-1
PCDHA5,-1
IL15,-1
CABIN1,-1
COL6A3,-1
SHC1,-1
FANCG,1
PCDHGC5,-1
RAB2A,0
UGT2B11,-1
COL4A6,-1
SSH3,-1
NELFE,0
MYT1,-1
PROC,-1
PAFAH1B1,-1
TACC1,-1
LGALS9C,-1
MID1,-1
LDHAL6B,0
NSD1,-1
WDR83,-1
PARP16,0
SGK2,-1
SERPINA10,-1
GMPPB,-1
LAMTOR5,-1
SLC12A7,-1
INPP5A,-1
PRMT8,-1
RPS8,-1
SCML2,-1
SLC24A3,-1
CYLC1,-1
ARRDC1,-1
GLI2,-1
SKA3,0
TRIM39,-1
CLIC4,-1
ZNF181,-1
ADAM15,-1
CNGA1,-1
USP40,-1
MAK16,0
TRIP10,-1
PLXNA2,-1
CD3E,-1
PDYN,-1
UCK2,-1
TRAF4,-1
RASSF3,-1
GPNMB,-1
ZBTB37,-1
CHD6,-1
BDP1,-1
PLXNB2,-1
ME3,-1
NPBWR1,-1
UBTF,-1
ASAP1,-1
CTNND2,1
EMX1,-1
P4HA1,-1
RAD23A,-1
PRPSAP2,-1
TBC1D15,-1
STRN,-1
ALS2,-1
FGG,-1
SLC28A2,-1
TP53RK,-1
ATG4C,-1
RANBP10,-1
EPB41L1,-1
SOAT2,-1
ZDHHC9,-1
SAV1,-1
GALNT8,-1
EGFL7,-1
NOX4,-1
RAB9B,-1
CNOT10,0
SMARCA2,-1
STRN3,-1
OR52N4,-1
ZNF324B,0
TNPO3,-1
ATAD2B,-1
KIR3DL2,-1
ITSN2,-1
OTOA,-1
ZNF710,0
CANX,-1
ZNF792,0
OSBP2,-1
MYO18A,-1
IL22RA1,0
OR51A4,-1
KLHL17,0
RHOBTB3,-1
ESR2,-1
MED12,1
INPP5F,-1
MUC13,-1
FEZ1,-1
GTF2H1,-1
HAVCR1,-1
IPO13,-1
DCTN1,-1
CDC25A,-1
NDST4,-1
DDX5,1
OR8B12,-1
GABRB1,-1
ABCA4,-1
WAC,-1
NYNRIN,-1
VAT1,-1
PHF8,-1
GTF3C5,-1
TGFBRAP1,-1
ARHGAP9,-1
USP35,-1
ERP27,0
PPFIBP1,-1
IMPA2,-1
TMOD2,-1
LYPD5,0
CACNB4,-1
GRIK4,-1
RBM23,0
KIF26A,-1
RPS29,-1
BRD4,1
SORL1,-1
UNC5A,-1
LIMK1,-1
ZNF878,0
NAV2,-1
PCDHGB4,-1
KIF5A,-1
SLC17A4,-1
GSK3A,-1
ZNF200,-1
TTC30B,0
KLK12,-1
PTGDS,-1
IL4R,-1
TDP2,-1
GBP1,-1
KRT84,-1
CTSA,-1
NRG2,-1
TBC1D2,-1
GATA4,-1
PTPRS,-1
PTPRH,-1
GAA,-1
HSD17B8,-1
SERPINB13,-1
CPLX2,-1
ARHGAP30,-1
KRT6A,-1
PTPRK,1
NPRL3,-1
GJD2,-1
TEX11,-1
LAMC1,-1
TRAF6,-1
ALS2CL,-1
ACIN1,-1
COL9A2,-1
KANSL2,-1
PARP2,-1
COMMD7,-1
PRPF38A,-1
LSP1,-1
NCOA3,-1
PTPRN,-1
OAZ3,-1
PFKL,-1
ERGIC1,-1
CCNK,-1
ARAF,1
MED23,-1
NCOA4,1
MYO19,-1
VPS18,-1
THAP5,-1
CUL9,-1
ZNF627,-1
SHCBP1,-1
NUSAP1,-1
MOB2,0
TRMT1,-1
MDGA2,-1
PAPSS2,-1
MICB,-1
LYPD3,-1
XPOT,0
MICU1,-1
SPIDR,-1
PHF5A,-1
G3BP2,0
TJP2,-1
ICAM3,-1
USP36,-1
NES,-1
PHACTR4,-1
PCDHGB3,-1
PCLO,-1
AUTS2,-1
FBN1,-1
NPHP1,-1
CASS4,0
SLC44A3,-1
DOCK3,-1
TRAT1,-1
CARD10,-1
DPP3,-1
SLC16A9,-1
ITGA4,-1
KCNS2,-1
HSPA8,-1
GRTP1,-1
DCC,1
RAD51AP1,-1
KLF3,-1
OR10K2,-1
AARS2,-1
ACVRL1,-1
OR2B3,-1
ANO4,-1
RET,1
ZNF844,-1
TBL3,-1
ZNF846,-1
OR5B3,-1
CHID1,-1
GCNT4,-1
BMP3,-1
CLCC1,-1
TRIP11,-1
FGFR2,1
PRDM15,-1
BOD1L1,-1
PUS7,-1
HOXC11,1
SCN5A,-1
ZWINT,-1
TCP11,-1
FANCM,-1
CWC25,-1
DNTTIP2,-1
TUBGCP6,-1
PGLYRP4,0
SPRY4,-1
ZNF426,0
BRDT,-1
DFFB,-1
RBCK1,-1
CNGA4,-1
ABLIM2,-1
CHRNB4,-1
RPL31,-1
OR52E8,-1
SLC5A7,-1
BRWD3,-1
CLPX,-1
PHYH,-1
GEMIN7,-1
LZTS1,-1
RELA,-1
NR1H3,-1
FGF10,-1
TPTE,-1
OR2A4,-1
MAGEA11,-1
SIGLEC12,-1
NTM,-1
OPHN1,-1
HAT1,-1
ARHGAP17,-1
PIK3R2,1
SRRM2,-1
SLC1A5,-1
CDC42BPB,-1
ARCN1,-1
SSX2IP,0
DNAJC9,-1
OR1L6,-1
ST14,-1
ZNF687,-1
SH2B2,0
TAF1,-1
OR2T29,-1
DPY19L3,-1
NCL,-1
PENK,-1
ASB16,-1
GABRQ,-1
PRDM13,-1
ZMPSTE24,-1
SPEN,1
ABCC12,-1
TADA1,0
ARSF,-1
REST,-1
HCK,-1
BCAS3,0
GALNT9,-1
HUWE1,-1
IL23R,-1
PYDC1,-1
PPIL2,-1
NDUFS2,-1
MOGAT2,-1
ATP4A,-1
ATAD5,-1
HOXA9,1
CLDN18,0
NCKAP1L,0
EYA2,-1
OR10G8,-1
RASSF9,-1
FREM2,-1
NRF1,-1
YIF1B,0
RP1L1,-1
ALMS1,-1
DBN1,-1
GALNT5,-1
NAB1,-1
ADM2,-1
BIRC2,-1
IPO4,0
FASTKD3,-1
CCDC93,-1
IGHA1,-1
TCF3,1
SCRIB,-1
MED7,-1
HIVEP2,-1
TGM2,-1
INTS9,-1
PCSK1,-1
SPRY2,-1
RUNX3,-1
MAP4K2,-1
TMED2,0
SUPT7L,-1
IL18BP,-1
RAET1L,-1
WNK3,-1
SIRT4,-1
HERC3,-1
VIM,-1
PLOD2,-1
PHF20,-1
SMCR8,-1
ADAMTS6,-1
NEIL1,-1
SREBF1,-1
STAT5A,-1
OVOL2,-1
ABCC9,-1
HNRNPC,-1
RAB3GAP1,-1
CDC42BPG,-1
EXOC3L1,-1
ZNF320,-1
DNAAF2,0
RAD9B,-1
FAM83B,-1
SPTAN1,-1
EPN2,-1
CBR1,-1
MCRS1,-1
PCSK5,-1
FMOD,-1
ZBTB20,-1
RGL4,-1
STAT4,-1
FAM83D,0
TRAPPC11,-1
PRKACG,-1
COG4,-1
UBL7,-1
COL12A1,-1
CD96,-1
MLX,-1
FABP1,-1
TTN,-1
MLXIPL,-1
SCAI,0
CAMSAP2,0
KIF19,0
OR6C2,-1
DNAH14,-1
ZIM3,0
OR5T3,-1
TLE3,-1
GNS,-1
RPL26L1,0
PLEKHM2,-1
PRDM5,-1
BZW2,-1
NUP50,-1
RABEP2,-1
KRT6B,-1
TEKT2,-1
NOP2,0
SMG1,-1
ZNF584,-1
CATSPER2,-1
PRDX1,-1
GIPC1,0
PEX6,-1
OR8K3,-1
TBX6,-1
LAGE3,-1
TMEM63C,-1
FLT3,1
RBM12,-1
ZNF354B,-1
KRR1,-1
MSL1,-1
WIPI2,-1
CDK2,-1
NBEA,1
PIAS1,-1
KRT34,-1
ATP8B1,-1
CDON,-1
PLAG1,1
ABCD2,-1
GABRG1,-1
ARSB,-1
SPCS2,0
BEND6,-1
CELF6,-1
TNS1,-1
ZFP82,0
NOL6,-1
STX7,-1
ZNF684,0
SF3B3,-1
TIPRL,-1
MYO10,-1
ESYT1,-1
CNGA3,-1
SLC35A3,-1
MPO,-1
HMGCS1,-1
ACTR8,0
SBF1,-1
XPO7,-1
HNRNPDL,-1
ATAD2,-1
PXMP2,-1
EIF4E2,-1
CDX4,-1
ATXN2L,-1
CLEC4E,-1
DAPK3,-1
PPP1R13B,-1
KBTBD2,-1
ASCC2,-1
WNK2,1
IL19,-1
APOO,-1
PTPRT,1
UPF1,-1
NAF1,-1
ADAM19,-1
PAK4,-1
TCHH,-1
SIM1,-1
MMP10,-1
TOX2,-1
SLC4A1,-1
JMY,-1
DNAJB5,-1
SORCS2,-1
ATG2A,-1
ZNF496,-1
MEF2D,-1
MAPK12,-1
OR5A2,-1
NECAB2,-1
GBA2,-1
RTN4,-1
CYP2E1,-1
CNNM1,-1
IGF2BP1,-1
WTIP,-1
PTGDR,-1
RUNX2,-1
TDRD1,-1
SDHB,1
DMD,-1
NRAS,1
SLC26A3,-1
GPR61,-1
SYTL5,0
POFUT1,-1
RHBDF2,-1
PLCB3,-1
EXOSC1,-1
CD180,-1
SSH2,-1
ZNF28,-1
AHCTF1,-1
TARS2,-1
NR2C2AP,-1
ME2,-1
ERGIC2,-1
CPSF2,0
PMVK,-1
TP53I3,-1
TOP3A,-1
FOLH1,-1
MYBBP1A,-1
HSF2BP,-1
MPG,-1
COLEC10,-1
NABP1,0
ZNF354C,0
SYNJ2BP,-1
KNG1,-1
SCRN1,-1
MYF6,-1
SUN1,0
PCNA,-1
RHOJ,-1
OR1C1,-1
SLC12A2,-1
VAV2,-1
UNC45B,-1
ZNF614,0
KPNA4,-1
PLXNA3,-1
LTBP3,-1
STMN4,0
SMPD1,-1
PRELP,-1
SELENBP1,-1
WEE2,-1
PC,-1
SLC12A4,-1
CLEC12A,-1
SLC14A2,-1
HTR2A,-1
ZNF223,0
MAP3K5,-1
PNO1,0
ENO1,-1
MYO18B,-1
WIPF2,-1
PIGO,-1
ITGAE,-1
ACE2,-1
TTC30A,0
MC5R,-1
HMX3,-1
TAMM41,-1
DBI,-1
POU1F1,-1
TYK2,-1
P2RY4,-1
SLC2A9,-1
OPTC,-1
IPO9,0
DCST2,-1
IRF7,-1
CCNG2,-1
MYOC,-1
OSMR,-1
MYB,1
PSMD12,-1
HADH,0
PARD3,-1
ZNFX1,-1
DHH,-1
CLVS1,-1
FER,-1
EIF2B2,-1
TNFSF15,-1
SHARPIN,-1
ITGA2,-1
ANO5,-1
PAX4,-1
CCL2,-1
USP5,-1
ZBTB39,0
HOXB1,-1
TLK1,0
DUSP26,0
OR11L1,-1
SLC6A17,-1
JADE2,0
SLC30A9,-1
IARS2,-1
MMGT1,0
FANCI,-1
ZFHX3,1
SLC44A1,-1
WIPF1,-1
ABCA10,-1
OR1D5,-1
CHGB,-1
ELAVL2,-1
RMDN3,0
TSNARE1,0
KLC3,-1
KDM3A,-1
EMC4,-1
CPNE3,-1
B3GAT3,-1
EIF3A,-1
NDUFS1,-1
LAMB3,-1
MITF,1
LCA5,-1
FAM162A,-1
SPAG8,-1
NUP205,-1
RAB4B,-1
ZIC4,-1
DHX35,0
ZNF454,0
WDTC1,-1
KCNH8,-1
KANK2,-1
SNAI2,-1
GGT7,-1
FIS1,0
UBE2D2,-1
EBF4,-1
POLL,-1
KIF27,-1
COMMD5,-1
CENPT,-1
RSL1D1,-1
SFTA3,-1
FOXO1,1
ZNF274,-1
ZNF285,-1
DNAJC3,-1
LRP4,-1
DNAH11,-1
FPR1,-1
HEPH,-1
MZT1,0
FOXP4,-1
EIF4E,-1
MED18,-1
SENP1,-1
PSD2,-1
ZNF853,-1
ESF1,0
RPL5,1
TSR1,-1
COPB2,-1
PPP5C,-1
RNF135,-1
NUP188,-1
ZNF610,-1
MYNN,-1
CARD9,-1
TBC1D9B,-1
SPAG9,-1
NDUFV3,-1
BPTF,-1
ST3GAL1,0
PCBD2,-1
KCNN1,0
CTCF,1
TGM3,-1
GPD2,-1
METAP2,-1
LEP,-1
MPST,-1
PPP1R9A,-1
VPS13B,-1
SORBS3,-1
OR10W1,-1
GPX3,-1
GABRG3,-1
ULK2,-1
STK31,-1
KCNV2,-1
PTPN4,-1
PIP5KL1,-1
DDX24,-1
IWS1,-1
UROD,-1
SENP7,-1
ATIC,-1
APH1B,-1
PCM1,-1
SENP5,-1
TAS2R46,-1
CD200R1,-1
PCTP,-1
DSG1,-1
ITGA1,-1
TXNDC5,-1
FAT4,1
NRIP1,-1
ZNF195,-1
NLRP6,0
SLC38A9,-1
QSOX2,-1
TRAV12-1,-1
OR5I1,-1
MTMR8,-1
IGHM,-1
NME8,-1
UGT2B15,-1
CD28,1
SLC13A1,-1
EHD1,-1
KLK6,-1
HNF4G,-1
CREBRF,-1
GLYAT,-1
NOL9,0
PTPRB,1
PLEKHH3,0
HIBADH,-1
ABCA6,-1
ETV6,1
SLC11A1,-1
ZNF79,-1
NDUFA13,-1
ZNF700,-1
POLQ,1
CATSPER3,-1
DGKQ,-1
PIAS2,-1
TPH1,-1
KLF12,-1
KIF17,-1
ZNF155,-1
ZNF530,-1
ATP6V0A2,-1
GRIA2,-1
SLC16A4,-1
GTF3C1,-1
PRPF19,-1
CYP1B1,-1
NEU3,-1
ZMIZ2,-1
FRAS1,-1
SRMS,-1
TBC1D4,-1
LIG4,-1
TRAPPC9,-1
SNX18,0
PRTFDC1,-1
AFF1,-1
ZNF429,1
HOXD11,1
RGS11,0
HYOU1,-1
EIF2B5,-1
CELA3A,-1
RERG,-1
HIPK3,-1
ARHGAP31,-1
LAMA4,-1
OR5T1,-1
ACOX2,-1
FMO2,-1
MPC2,0
PIGB,-1
SP140,0
PDE6A,-1
UGGT1,-1
TRBC2,-1
VMP1,-1
IQCE,-1
GCSH,-1
IL2RB,-1
BCAS2,-1
HIP1,1
VAC14,-1
KLB,-1
DUOX1,-1
RPS19,-1
LMNA,-1
CEP78,-1
OR5AS1,-1
DRD3,-1
KIF1A,-1
ZNF658,-1
CLCN5,-1
PCDHA3,-1
ANKS4B,-1
ZNF169,-1
SLITRK5,-1
QSOX1,-1
MMP26,-1
DOCK2,-1
SPDEF,-1
JAK2,1
MAP9,0
OXSR1,-1
CD101,0
RGS9,-1
FMR1,-1
MTNR1B,-1
CKS2,-1
MTMR1,-1
RIMKLB,-1
ADAM20,-1
MYH1,-1
ATP9B,-1
ZBTB44,0
MAGT1,-1
HEATR1,0
RPL22,1
OR8K5,-1
TYMP,-1
BCAM,0
USP20,-1
KDM5B,-1
ARPC2,-1
SERPINB5,0
RNF103,-1
CREB3L3,-1
PDPR,-1
TLR4,-1
EIF5AL1,0
PDK2,-1
ZNF521,1
HBB,-1
ZNF7,-1
TUBGCP5,-1
GPR174,-1
RFX1,-1
LLGL1,-1
KRBA2,-1
TRMT6,0
PRKCD,-1
OR8S1,-1
STXBP5,-1
SPP1,-1
NLRP2,0
F13B,-1
CYB5R2,-1
CAMTA2,-1
CHL1,-1
WNK1,-1
DLGAP1,-1
PSMD1,-1
ZNF235,0
FBXL20,-1
IPO7,-1
LRPPRC,-1
SPDL1,-1
TCN2,-1
DAGLA,-1
RARB,-1
SPSB2,-1
CELSR1,-1
SGK1,1
ATP6V1B2,-1
ZFP69B,0
CTGF,-1
ITPKC,-1
RPL7,-1
MAPK9,-1
PDE7B,-1
SIRT1,-1
MT1G,-1
WDR81,-1
DYSF,-1
AGPS,-1
ZNF669,0
AK8,-1
GRIN2B,-1
KIF21B,-1
NGFR,-1
UBE2D1,-1
SLC25A33,-1
IFT57,-1
ERC1,-1
ROS1,1
UNG,-1
CCL3,-1
FGD6,-1
ANAPC2,-1
KLK5,-1
ITGB2,-1
VAPB,-1
MORF4L1,-1
ZNF543,-1
PDE1B,0
PTPRG,-1
DGAT1,-1
VPS11,-1
DERL3,-1
RNF144A,0
SHH,-1
USP28,-1
PLCH1,-1
CHD1,-1
SLIT1,-1
ACBD4,-1
GBP6,-1
SPAG4,-1
PAPSS1,-1
NEK3,-1
EIF4B,-1
KLHL21,-1
ABCG4,-1
GCKR,-1
MAN1A1,-1
KLHL5,-1
UGT1A8,-1
GNAS,1
PSME3,-1
CHRDL1,-1
SMO,1
SLC38A8,-1
DVL1,-1
GP1BA,-1
KIF4B,-1
MIB2,-1
TGFBR3,-1
PRKD3,0
F2,-1
MAP4K5,-1
FGF14,-1
SCNN1D,-1
RHEB,-1
ZSCAN5A,0
CC2D2A,-1
DOK6,-1
SLC6A13,-1
SLC6A12,-1
KLHL9,-1
AMY2A,-1
TAS2R31,-1
BICD1,-1
PTBP1,-1
VCP,-1
NDUFB6,-1
MYLK2,-1
USP7,-1
SOCS3,-1
KAT7,1
RGP1,-1
BCORL1,1
ZNF606,-1
CNGB1,-1
NELL2,-1
OR2W3,-1
PACSIN3,-1
KCNN3,-1
RIPK4,-1
STK32B,-1
PER1,1
ALPK3,-1
DRD2,-1
PSKH1,-1
OR52B6,-1
CGNL1,-1
MFAP4,-1
IL12RB2,-1
GHR,-1
MRPS12,-1
RAB36,-1
CBL,1
AFF3,1
OR5M1,-1
B3GAT1,-1
PCCB,-1
RASGEF1A,-1
IDI2,-1
CR1,-1
RAB11FIP1,-1
OR52K1,-1
EFNB1,-1
NBAS,-1
MYO1B,-1
DIS3L2,-1
TRAF5,-1
EXOC2,-1
DTNA,-1
PIGK,-1
PIGP,-1
TTC8,-1
SLC20A1,-1
TPX2,-1
BAG6,-1
VIL1,-1
SARM1,0
KCNA2,-1
PDPN,-1
PRDM4,-1
CYFIP2,-1
DLD,-1
RAP1GAP2,0
PHF10,-1
SIGLEC8,-1
PRDM1,1
PCDHGC4,-1
MYO5A,-1
SLC4A7,-1
UNC79,-1
CRHR1,-1
NID2,-1
COPS2,0
LGALS14,0
TAF1L,-1
ZFP91,-1
ERLIN1,-1
WFDC5,-1
NFATC4,-1
PLXNA1,-1
ACADS,-1
IPO11,-1
OR5F1,-1
REN,-1
TCEANC2,0
TRIM2,-1
ADSL,-1
LAG3,-1
ZNF460,0
MSI1,-1
KLHL10,-1
USP4,-1
ADAMTS5,-1
VLDLR,-1
POLE,1
OAS2,-1
NR1I3,-1
RALGAPB,0
NPHP3,-1
KIR3DL3,0
CDK12,1
DDX54,-1
GMFB,-1
PIGM,-1
POMGNT1,-1
ANXA3,-1
FZD2,-1
ALB,-1
NOC4L,-1
SHANK2,-1
N4BP1,-1
ARFGEF2,-1
ABLIM3,-1
FGD1,-1
CDHR1,-1
CYP3A7,-1
BANK1,-1
TRBV29-1,-1
KMT2A,1
VPS39,-1
LARP1,-1
ROR2,-1
STC2,-1
NUCB2,-1
ITPR3,-1
HK3,-1
SPAST,-1
CD2AP,-1
AP5M1,-1
PIGU,-1
DNAH2,-1
TRAPPC8,-1
SART3,-1
ATP1A3,-1
SLC1A6,-1
REPIN1,0
OR11H1,-1
POU6F2,-1
HIRIP3,-1
OPN4,-1
PLXND1,-1
KLK11,-1
OR6V1,-1
ENDOG,-1
MRPL32,-1
KIF3C,-1
WNT11,-1
MUC20,-1
PLIN3,-1
PCDHGA10,-1
TLK2,-1
EAF2,-1
ZNF77,-1
SSX5,-1
POLR1B,-1
USP44,1
VPS28,-1
ARHGEF18,-1
JUN,1
MME,-1
CDC42BPA,-1
WDFY4,-1
ZNF676,0
TBK1,-1
SMYD2,-1
KDM2A,-1
CHD8,-1
ZDHHC13,-1
SNRNP48,0
RAVER1,-1
MYL6B,-1
STAB2,0
SORCS1,-1
ARHGAP26,1
IL6R,-1
FEM1A,-1
XIAP,-1
AKR1B15,-1
ITGA11,-1
ZSCAN29,0
IRAK4,-1
ATF7,-1
ARID3B,-1
TSHZ3,-1
CD1D,-1
APBB1IP,0
SLC7A3,-1
TP53INP1,-1
MYO3B,-1
PAIP1,-1
ERCC5,1
SUGP1,-1
GTF2IRD1,-1
GOT2,-1
DTNBP1,-1
IGHG3,-1
MRPS22,-1
RAP2B,-1
WDR5B,-1
NAALAD2,-1
NLGN1,-1
GPCPD1,-1
GRSF1,-1
VWF,-1
PAK6,-1
ITGA10,-1
PPP6R3,0
CD300E,-1
DNAJC7,0
ANKRD2,-1
KIF18A,-1
SMAD9,0
MIS18BP1,0
RNF220,-1
C8A,-1
OR52J3,-1
NEUROD6,-1
DPH2,-1
TFDP2,-1
SMG6,-1
TBC1D25,-1
FZD4,-1
PSD3,-1
KRT71,-1
MED13,-1
CALB1,-1
COG5,-1
RPL11,-1
SEMA4D,-1
ZNF287,-1
FBXL19,-1
SOX7,-1
FARP2,-1
TNNT2,-1
IGHG4,-1
KPNA2,-1
COL15A1,-1
DSG3,-1
MTHFD1,-1
IREB2,-1
ZNF468,-1
HGS,-1
PEPD,-1
SCRN2,-1
SH3BP4,-1
ABCD4,-1
HPGD,-1
LAMA5,-1
BBS12,-1
SLCO1C1,-1
GALT,-1
GABRB3,-1
HOXB13,-1
MTMR10,-1
ACTN1,-1
SCGB3A2,-1
BRD8,-1
GZMA,-1
CREB3L2,1
SLITRK6,-1
EIF6,-1
USP2,0
MTF2,-1
FLNB,-1
ADAM10,-1
HPS5,-1
ANKRA2,-1
UBE4B,-1
PATL2,-1
CD200,-1
RNASEH2B,-1
GPR45,-1
MAOB,-1
ZBTB4,-1
DUOX2,-1
EEF1G,-1
ZNF598,-1
SYDE1,-1
SHF,-1
PILRB,-1
MAPT,-1
COL6A6,-1
PDCD5,-1
JAK1,1
ATP13A2,-1
SLC4A3,0
HTATSF1,-1
GIT2,0
ADAM11,-1
PPL,-1
JAGN1,-1
POU3F3,-1
CYP2B6,-1
GDF11,-1
ARFGEF1,-1
GAS7,-1
ZNF214,-1
ANK3,-1
ZBTB21,-1
CLDN4,-1
CDX1,-1
PICALM,-1
STAG3,-1
SNCAIP,-1
GNAI1,-1
BRINP2,0
BDKRB2,-1
ATCAY,-1
SLC13A4,-1
ZNF716,0
AUH,-1
KANSL1,-1
IGLV7-46,-1
FRMD4B,-1
HNRNPLL,-1
SPTBN4,-1
FBN2,-1
CDH2,-1
STAR,-1
PLAU,-1
GLI3,-1
DCAF11,-1
CDC73,1
SLIT2,-1
SPATA20,-1
COL28A1,-1
CD34,-1
GPR63,-1
CIC,1
BCL2A1,-1
PPARGC1A,-1
PER3,-1
DYRK3,-1
KRT85,-1
CAMLG,-1
KRT19,-1
PNPLA4,-1
MYCL,1
STAU2,-1
MAP3K9,-1
SALL3,-1
SNRNP70,0
REC8,0
FSTL3,1
HSPD1,-1
PCDHAC2,-1
OR2T10,-1
HIVEP1,-1
UTP15,-1
RNF213,-1
PPFIA3,-1
PARS2,-1
API5,-1
DHRS4,-1
MAPK6,0
SLC7A13,-1
ABCG8,-1
MKKS,-1
EDRF1,0
KLHL22,-1
PCDHA11,-1
OR52W1,-1
PPA2,-1
NLRX1,-1
ULK1,-1
PSTPIP2,-1
PRF1,1
SMC1B,-1
NOS2,-1
FGA,-1
TJP1,-1
ZNF639,0
OR7G1,-1
SLC18A3,-1
AGK,-1
PSKH2,-1
ZFAT,0
CCR6,-1
CACNA1I,-1
ZNF674,-1
HIF1A,1
DVL2,-1
ABCC6,-1
FREM1,-1
RAC1,1
NPR1,-1
RPGRIP1,-1
PRRC2B,-1
MYOM2,-1
PKP2,-1
ZNF75D,-1
OR6B2,-1
STAT6,1
CHRM3,-1
PGLYRP3,0
FASTKD1,-1
MAP3K10,-1
RAB43,0
ACTN2,-1
MRPS18B,-1
IGSF6,-1
MAPK10,-1
NLRP5,-1
AOX1,-1
ALDH3B1,-1
CDCA7,-1
HADHB,-1
SEMG2,-1
IKBKB,1
ANTXR1,-1
ACSL5,-1
FGF23,-1
PRKRA,-1
FEM1B,-1
ASAP2,0
ZNF493,0
EPHB6,-1
RECQL4,1
LIPE,-1
COL7A1,-1
MYLK3,-1
ATXN2,-1
CLU,-1
RAB3D,0
UNC45A,-1
SPSB3,-1
BTG2,-1
ZMAT2,0
MRPS17,-1
CNOT6L,-1
R3HDML,0
HELZ2,-1
FEM1C,0
KITLG,-1
CD74,1
IL3,-1
LMOD2,-1
MAP1A,-1
SDHD,1
TTK,-1
GRM7,-1
PTPN9,-1
ZNF485,0
STARD3,-1
ZNF513,-1
DSC3,-1
RORB,-1
RB1CC1,-1
ZBTB14,0
TAS2R50,-1
DCUN1D3,-1
ZBTB7A,-1
ADAM12,-1
ABCG5,-1
COL16A1,-1
RANBP6,-1
ARL8B,-1
RIPK3,-1
PRPS2,-1
DMRT3,-1
NAPG,-1
R3HDM2,0
NACC1,-1
ATG5,-1
DGKB,-1
PUM2,-1
HTR2C,-1
UBN2,-1
TRPM7,-1
PSMD4,-1
CABLES1,-1
ZNF836,-1
CHAD,-1
TGOLN2,-1
LPCAT3,-1
TMEM165,-1
BMP7,-1
NUP210,-1
GRIA3,-1
MAPK8IP2,-1
MFAP5,-1
PAPOLA,-1
PTAFR,-1
DSE,-1
IQGAP3,0
MAGI2,-1
OR4M1,-1
SPCS1,-1
DMRT2,-1
APOL6,-1
ZNF112,-1
PSMD11,-1
ZNF805,0
TBC1D16,-1
RASA3,-1
CCDC91,-1
SERPINI1,-1
NFE2L1,-1
PTPN1,-1
RAPGEF4,0
PMP22,-1
OTOGL,-1
ZNF679,0
RAPGEFL1,-1
MCMDC2,-1
RXRB,-1
ITGA7,-1
PMS1,1
HIPK1,0
FAXDC2,0
SPTBN5,-1
ACADL,-1
NPTX1,-1
ZNF774,0
BBS9,0
MAP7D3,-1
TXNIP,-1
CLCA4,-1
USP18,-1
PROKR2,-1
PSG8,-1
RTF1,-1
SBF2,-1
LAP3,0
APLP1,-1
DAPK1,-1
SMARCAD1,-1
CD4,-1
CSF2RB,-1
DENND2A,-1
MYH6,-1
LAMA3,-1
ADNP2,-1
NLRC4,-1
ANXA1,-1
HYDIN,-1
INTS6,-1
GPM6A,-1
CYP4F2,-1
CDK17,-1
ALK,1
ZNF572,-1
BIRC3,1
THRAP3,-1
BBS4,-1
EME2,-1
WRN,1
OR5K2,-1
PRDM16,1
EIF4A2,-1
AKAP4,-1
ZNF22,-1
TRIM62,-1
BCAT1,-1
OR4C12,-1
C3,-1
SLC51A,0
RABGGTA,-1
NFKBIZ,-1
FBXL18,-1
NCAPH2,-1
NR6A1,0
GUCY2C,-1
TSNAXIP1,-1
IL36B,-1
BSND,-1
ZNF473,-1
KAT6A,1
MDH1,-1
NPFFR2,0
SCCPDH,0
RAB9A,0
SEC62,-1
CHRM5,-1
NOS1,-1
ZNF451,-1
MFSD2A,-1
ZNF486,-1
PSG4,-1
ZAP70,-1
KRAS,1
ACE,-1
ZSCAN20,-1
BCHE,-1
KCNC4,-1
OR13C4,-1
GANAB,-1
IL17RD,-1
GNA14,-1
GPR62,-1
RFC2,-1
MSC,-1
SFRP4,1
ASB4,-1
APAF1,-1
USP9X,-1
MSH3,-1
ADAM2,-1
HOOK1,-1
PDZD3,-1
MFN1,0
NFRKB,-1
ZFYVE27,-1
PARP4,-1
STRA6,-1
RPS3,-1
SMG8,-1
ARHGAP6,-1
WDR1,-1
KIDINS220,-1
SIGLEC6,-1
POLD1,1
SUCLG2,-1
SGCG,-1
GBP2,-1
NEGR1,-1
WWP2,-1
DROSHA,1
SPSB4,-1
KLHL25,0
COX11,-1
RBM42,-1
NLGN4X,0
PPARG,1
SMC2,-1
WDR91,-1
TBC1D10B,-1
PCDHA13,-1
HMGCS2,-1
ACKR3,1
ORC5,-1
NCAPD3,-1
TBX18,-1
MYBPC2,-1
IL2RG,-1
FNTB,-1
DPP10,-1
SRSF1,-1
PLAUR,-1
MLF2,-1
RFX6,-1
SYT3,-1
MTMR2,-1
MAGEA4,-1
SPON2,-1
ZNF233,-1
KCNN4,-1
MYO1H,-1
NOTCH3,-1
DXO,-1
GPC5,1
CHST4,0
HERC6,0
CPA2,-1
OR10H4,-1
FCN1,-1
GPR183,-1
IFT80,-1
SLC6A8,-1
XAB2,-1
CD300LD,-1
CORO1B,-1
MRI1,-1
MAML3,-1
WIPI1,0
BRD2,-1
MOV10L1,-1
ITPR2,-1
TTC4,-1
GABPB1,0
GRIA1,-1
ZNF165,-1
ZGPAT,0
AGAP2,-1
KLHL24,-1
PLCB2,-1
DAXX,1
ECT2,-1
WNT9A,-1
AGO4,-1
CHN1,-1
SPRED1,-1
PER2,-1
SF3A1,-1
HERC2,-1
NOX3,-1
PSMB5,-1
OSBPL9,-1
ZNF182,-1
STK38L,-1
ZNF222,-1
GAB1,-1
NAA10,-1
DDX60L,-1
CST9L,-1
PPIB,-1
CERS2,-1
WBP11,-1
CNTN2,-1
VPS45,-1
ZNF304,-1
CYP2A13,-1
ZFX,-1
OR10H1,-1
LGR5,-1
ECE1,-1
NMNAT3,-1
AHCYL1,-1
ECH1,-1
PABPC5,-1
PDLIM5,0
CA9,-1
MAPK1,1
RASGRP2,-1
LHX1,-1
FCHSD1,-1
SF3A3,-1
DNM3,-1
ZNF217,-1
BTN3A3,-1
NOP16,0
GOLGA2,-1
RNF14,-1
MED26,-1
LRRCC1,-1
MYH15,-1
CASP2,-1
TGFB3,-1
FERMT1,-1
CSGALNACT2,-1
SUCLA2,-1
POM121,-1
JPH1,-1
CDT1,-1
RPL15,-1
IGKV1-6,-1
ZNF608,-1
EBP,-1
RAB18,-1
RUSC1,-1
GATA5,-1
SIL1,-1
ARHGEF5,-1
HTT,-1
CTNNA1,-1
RAB11FIP3,-1
CDH4,-1
NDUFC1,-1
TSSK6,-1
CEP170,-1
DDX50,-1
PROS1,-1
TP53,1
SLC6A14,-1
ERCC1,-1
CNTNAP2,-1
CD1E,-1
KALRN,-1
CPSF3,0
TECPR1,-1
ZNF280D,0
YY1AP1,-1
CYP11B2,-1
ABHD17A,-1
IFNA14,-1
RTN2,-1
CCT8L2,-1
PACS1,-1
PDE3A,-1
SLCO3A1,-1
KRT75,-1
PTPN18,-1
ADTRP,0
MYOZ1,-1
KRT39,-1
KRT26,-1
RC3H2,-1
SCG2,-1
AOC3,-1
CTCFL,-1
PCDHB1,-1
PLA2G4E,-1
ALG5,-1
SKIL,-1
PTPRA,-1
RGR,-1
PPP1R3A,-1
WASF3,-1
CCT8,-1
RBM28,-1
IFNA16,-1
MICA,-1
TYW1,-1
MATN2,-1
MCM5,-1
PLCD1,-1
ANGPT4,-1
RASGRF2,-1
SERINC5,-1
LMBR1L,-1
KCNK18,-1
DCSTAMP,-1
PCDH18,-1
CCDC40,-1
FAN1,-1
MYO1F,-1
WNT5B,-1
NUDT7,0
XYLB,-1
DIDO1,0
UTP6,0
CACNA1E,-1
ASB6,-1
ZNF90,-1
CNOT2,-1
AGTR1,-1
TUBD1,-1
EGLN1,-1
ZNF57,0
CD82,-1
GPN2,-1
GRXCR2,-1
CBLL1,-1
ATG4A,-1
NLGN2,-1
MRPL51,-1
CDK13,-1
POLM,-1
MFAP1,-1
CSF3R,1
DYRK4,-1
SNRPB,-1
URM1,-1
ADAMTS8,-1
ZNF561,0
ASXL1,1
RYR2,-1
AKAP8,-1
CSNK1G3,-1
MTA1,-1
HTR5A,-1
CLEC10A,-1
TRAPPC6A,-1
PEX5L,-1
AAMP,-1
PTPRZ1,-1
MAN2C1,-1
OR3A3,-1
PPP2R3A,0
EXPH5,-1
NFIX,-1
UNKL,-1
FUBP3,-1
DENND6A,-1
IFNA8,-1
FANCF,1
IKBIP,0
GTF2F1,-1
ACOT8,-1
MMAB,-1
COL5A3,-1
PCDHA4,-1
TRAFD1,-1
ZNF546,-1
CD274,1
CACNA1G,-1
AICDA,-1
CHRNA3,-1
SPATA5L1,0
NUMA1,-1
CNOT1,-1
ATP1A2,-1
GABBR1,-1
MST1,-1
GGA1,-1
OR12D3,-1
PIWIL1,-1
PDE4B,-1
CFLAR,-1
TXNRD2,-1
SLC5A1,-1
ACTG1,-1
WDR19,-1
ZXDB,-1
MYO1E,-1
MTF1,-1
PHLPP1,-1
SDCCAG8,-1
OR52M1,-1
NEURL1,-1
SPIB,-1
OR10J3,-1
CEP63,-1
SCARB1,-1
TUBB,-1
FAM13A,-1
AKT3,1
ADAMTS7,-1
ATP10B,-1
ASL,-1
GMPR,-1
AP1B1,-1
TBC1D12,-1
ZNF419,-1
COLGALT2,-1
CYBRD1,0
RPTOR,-1
PDE11A,-1
ABCC8,-1
PCDHAC1,-1
TAAR1,-1
PCCA,-1
KCNG1,-1
LGR4,-1
CHPF,-1
PFKFB3,-1
ZBTB12,-1
SMURF2,-1
ACTR2,-1
SCAF11,-1
ZEB1,1
GJA9,-1
ABCA3,-1
CSNK1A1,-1
HSP90AB1,-1
RASAL1,-1
CACYBP,0
NIN,-1
PPP2R5A,-1
MSL3,0
RCE1,-1
HEXA,-1
LILRB5,-1
HDAC6,-1
BZW1,0
TPST1,-1
FAM120B,-1
DERL2,-1
CCDC13,-1
SUGP2,-1
MTSS1,-1
CENPW,0
ZNF764,0
MAPK3,-1
TDP1,-1
APOBEC1,-1
TUBB2B,-1
PCDHB6,-1
CALD1,-1
KCNK1,-1
ELP4,-1
ESRP1,-1
CXCL11,-1
PSME4,-1
GLMN,0
PJA2,0
RAP1GDS1,1
HS3ST3A1,-1
ALDH1A2,-1
MBP,-1
UBR3,-1
LRFN2,-1
ATP11C,-1
USP42,-1
CDH3,-1
KLF9,0
ODF2,-1
FTSJ3,0
CAPN6,-1
RRBP1,-1
TAF5,-1
ZNF350,-1
APOBR,-1
NOM1,-1
DNAH9,-1
CPEB4,-1
IL33,-1
CNTN3,-1
LOXL1,-1
MAML1,-1
BEST1,-1
STK36,-1
MMP17,-1
PI16,0
NEK11,-1
C1S,-1
PPP6R1,0
FLI1,1
LUC7L3,-1
NEK1,-1
ACLY,-1
DOCK4,-1
ASXL3,-1
SLCO1B3,-1
PCF11,-1
SMARCA5,-1
TXNRD1,-1
UBE2R2,-1
TANK,-1
TLR5,-1
KRT16,-1
XRCC5,-1
GNB1,-1
S100A12,-1
ALX4,-1
ZNF404,0
OR2AG1,0
CENPL,-1
UBAP2L,-1
NLE1,0
SALL1,-1
GRIK2,-1
PDC,-1
IQSEC1,-1
PGF,-1
EPHX2,-1
VDR,-1
MYO5C,-1
ZNF276,0
PRPF6,-1
CORIN,-1
BMPER,-1
PPM1A,-1
PPP1R7,-1
DKK1,-1
ASB15,-1
ZC3H11A,-1
NEK2,-1
VCL,-1
ZNF778,-1
POT1,1
CACNA1S,-1
TGM5,-1
MS4A2,-1
ENPP1,-1
TJP3,-1
SEMA6C,-1
KLRC1,-1
PRMT7,-1
DDR2,1
VAPA,-1
SLITRK2,-1
CSNK2A2,-1
KLK14,-1
MYRF,-1
PREPL,-1
IRX6,-1
OCRL,-1
PLCG2,-1
TUBGCP3,-1
IFT81,-1
FBXO43,-1
CYFIP1,-1
SIRT6,-1
PALB2,1
SLC32A1,-1
OPRD1,-1
UGT2B7,-1
MAP3K3,-1
CDC37,-1
ZNF397,-1
NCAN,0
INTS8,-1
IL17F,-1
CACNA1B,-1
XPC,1
POC1B,-1
S100A10,-1
PIK3CB,1
FHOD3,-1
MEFV,-1
ADAM30,-1
MED16,-1
MYT1L,-1
NUP153,-1
XYLT1,-1
ATR,1
BACE1,-1
NOL8,-1
CAMKK2,-1
ZNF33B,-1
BAZ1A,1
CMTM1,-1
SNAI3,-1
PRSS21,-1
OLFML3,-1
DSG4,-1
TAP1,-1
PRKAR2B,-1
KBTBD7,-1
EVI5,-1
ZNF98,-1
PSMC1,-1
SLC37A2,-1
ARIH1,-1
TSPAN5,-1
DCTN2,-1
TNKS2,0
HJURP,-1
HAGH,-1
MAP3K4,-1
RTN4IP1,-1
HNRNPCL1,0
TSHZ2,-1
USP22,-1
RRP12,-1
OR2L8,-1
STXBP5L,-1
SYCE3,-1
ZNF560,-1
IL1R1,-1
CHMP7,-1
HSF4,-1
CNOT3,1
MAP3K6,-1
GNL3L,-1
GCC2,-1
RAET1G,0
BUB3,-1
TMEM129,-1
HNRNPD,0
FOXO3,1
GRIK5,-1
NSA2,0
WFDC8,-1
POLD2,-1
ASIC5,-1
DNAH7,-1
MED13L,-1
RPLP0,-1
PWP1,0
SLC25A5,-1
RIN2,-1
OR4K15,-1
EN2,-1
CLOCK,-1
ARHGEF9,-1
RANBP17,-1
NEDD9,-1
ITGB6,-1
TCOF1,-1
TDRD3,-1
NCF1,-1
RIOK3,-1
SOX13,-1
AMT,-1
RINL,-1
DTX4,-1
PASK,-1
ARHGAP11A,-1
CUBN,-1
RAC2,-1
KAT8,-1
ATF7IP,-1
COL18A1,-1
FOXRED2,-1
OR8D1,-1
SCUBE2,-1
BMPR2,-1
ADH5,-1
OR8G5,-1
PARP1,-1
KCND3,-1
IRS1,-1
MIER1,0
KIF5C,-1
ZNF814,-1
STAG2,1
CAMK2A,-1
ADAMTS3,-1
LENEP,-1
BCL9L,1
OR5D14,-1
CASP1,-1
DHX15,-1
ISL2,0
TBXA2R,-1
DUSP2,-1
ABR,-1
ERG,1
PDE4C,-1
PLCD4,0
BMPR1B,-1
ACTL9,-1
CACNA2D1,-1
CDH8,-1
NLRP4,-1
ADAR,-1
CTSB,-1
DTL,-1
PNP,-1
PYGL,-1
RAB24,-1
ARFRP1,-1
CAPN10,-1
VPS4B,-1
DDX3Y,-1
ZNF680,-1
SLC13A3,-1
WDR55,-1
TBX19,-1
RASAL3,-1
NRXN3,-1
CAPN2,-1
PCDH9,-1
PLEKHA2,-1
GPR152,0
CCR7,1
IBTK,-1
ADCK1,-1
YTHDF1,-1
NOTCH2,1
EPB41L2,-1
KRT4,-1
ATG16L2,0
SKOR1,-1
PHGDH,-1
NFAT5,-1
GABRA4,-1
UTP18,-1
TRAV26-1,-1
ERAL1,-1
WLS,-1
RNASEH2A,-1
AXIN1,1
CSF1R,1
RALGAPA2,0
RPRD2,-1
EPHA2,-1
CDK3,-1
EFR3A,-1
RARA,1
NXF1,-1
MET,1
RPS11,-1
NAP1L4,-1
DUS2,0
SEC24C,-1
BIRC6,1
YBX3,0
LRIF1,-1
RHCG,-1
PSMD3,-1
REG4,-1
DOCK8,-1
OR1G1,-1
LAMB2,-1
HNF1B,-1
SERPINB7,-1
PCDHGB7,-1
IKZF2,-1
PPFIA2,-1
MAU2,-1
GLCE,-1
GAD1,-1
MYBPC1,-1
LIPN,-1
ZNF469,-1
SYT7,-1
SLAMF1,-1
CSRNP2,0
MLXIP,-1
EEFSEC,-1
ZNF425,-1
BHMT,-1
VRK2,-1
CBLN1,0
PTGS2,-1
GRIA4,-1
SNTG1,-1
DLAT,-1
GCNT3,-1
STAMBP,-1
ZIC5,-1
IL1RL1,-1
ACACB,-1
HHIP,-1
LUM,-1
MAP3K12,-1
TBL1XR1,1
NUP98,1
PPP1R1B,0
CYB5R1,0
ELP2,-1
BAZ2B,-1
TNKS,-1
CLIP1,-1
KBTBD8,-1
PTTG1,-1
TMUB2,0
SHMT2,-1
SRP68,-1
ARID5A,-1
ZNF292,-1
TPI1,-1
MATN4,-1
ACTL6A,-1
UNC119B,0
HRNR,-1
TSPYL6,0
PON3,-1
NEUROD2,-1
SMARCC2,-1
CHMP5,-1
SLC18A1,-1
GCM1,-1
RPGRIP1L,-1
TRHR,-1
TRIM41,-1
OR1J2,-1
NTSR1,-1
MAP3K11,-1
TNR,-1
VCAM1,-1
APOB,-1
MAP3K15,-1
PINK1,-1
ZNF782,-1
TMEM30A,-1
ETFDH,-1
SENP8,-1
RNF123,-1
CCNT2,-1
LAMP3,0
SHROOM2,-1
SLC30A1,-1
UCK1,-1
AP4B1,-1
UGT1A4,-1
DDX27,-1
ETV4,1
ZNF479,1
UXT,-1
APPL2,-1
PDRG1,-1
ZKSCAN4,-1
ASCC1,-1
EDNRB,-1
TAP2,-1
KLF15,-1
VN1R2,-1
CDH23,-1
LRRC8E,-1
MRPL24,-1
ATP6AP1,-1
UBC,-1
IGFLR1,-1
ZNF117,-1
TBC1D8,-1
HUNK,-1
MACF1,-1
SLC4A9,-1
ME1,-1
PIK3C2G,-1
TAF3,-1
ACVR1B,1
RPUSD2,-1
KCNQ2,-1
LLGL2,0
EEF1A2,-1
ANGPTL3,-1
SLC26A8,-1
KCNJ10,-1
FNIP2,-1
XRN2,-1
UHRF2,-1
TLR1,-1
BAP1,1
ZNF763,0
ADAMTS16,-1
MUC2,-1
ATP1A4,-1
KEL,-1
NOX1,-1
NEDD4,-1
ATXN1L,-1
RGS22,-1
CBLC,1
VPS25,-1
MLH3,-1
BSCL2,-1
RELB,-1
AOC2,-1
STXBP2,-1
LIFR,-1
EVPL,-1
SLC2A8,-1
CRTC1,1
SCAMP2,-1
IL31RA,-1
EIF2S2,-1
MEPCE,-1
DPAGT1,-1
PDSS1,-1
LIMD1,-1
RPS2,-1
ASB10,-1
ITPK1,-1
FHL5,-1
OLFM4,-1
MBNL1,-1
LAS1L,-1
ASCC3,-1
MYH13,-1
ABCC10,-1
DPYSL4,-1
MRPL15,-1
SFXN2,-1
PTK2B,-1
CD6,-1
CHST2,-1
BTG1,1
DNAJB4,-1
CGN,0
TNNT3,-1
EPS8L2,-1
PYGM,-1
CLPB,-1
TELO2,-1
ANGPTL6,-1
REV3L,-1
CACNA1C,-1
NGEF,-1
POLA1,-1
PDE2A,-1
GPT2,-1
TBC1D1,-1
GLO1,-1
ALAS2,-1
NME5,-1
DPP4,-1
GEMIN8,-1
HSPG2,-1
OR7G2,-1
ZNF841,-1
NPAS4,-1
NPAS3,-1
CAMK1D,-1
NME9,-1
APLP2,-1
APOH,-1
ETHE1,-1
WTAP,-1
TOP2A,-1
IGKV1-12,-1
CHST7,-1
NTHL1,1
MGARP,-1
ASS1,-1
RADIL,-1
STAT5B,1
RAPGEF6,-1
FASN,-1
SHKBP1,-1
CORO7,-1
LBR,-1
BMS1,-1
AZU1,-1
TTC7B,-1
ACSL3,-1
RMND5B,-1
TCF21,-1
GAR1,0
RND1,-1
EGF,-1
ADRB2,-1
FOXK1,-1
EIF2AK1,-1
DCLRE1C,-1
MSH2,1
ENAM,-1
ZNF91,-1
ENPEP,-1
SLC25A28,-1
RCC2,0
DRD5,-1
RERE,-1
MED25,-1
ZNF611,0
MVB12A,0
GRM2,-1
CLEC4M,-1
GJB3,-1
EIF3B,-1
COL5A1,-1
COPS4,-1
NOD2,-1
TAB2,-1
AFG3L2,-1
EPHA7,1
IST1,-1
SNAPC3,-1
ZNF154,-1
TAF2,-1
TDRD5,-1
NAA16,0
GDF3,-1
FLT3LG,-1
RBAK,-1
PREX2,1
CCNY,-1
BRPF1,-1
SYTL4,-1
UBE3B,-1
IRF9,0
CAST,-1
OR4C3,-1
LIMS1,0
SAP130,-1
VEZT,0
OGG1,-1
OR7D4,-1
KLRC2,-1
RAG1,-1
RGS2,-1
TRIM33,1
MMRN1,-1
THBS3,-1
ZC3H12B,-1
BRD7,-1
DOCK1,-1
OSBPL3,-1
COL24A1,-1
MCU,-1
SFXN3,-1
AASDHPPT,-1
GFI1B,-1
POLI,-1
DRD1,-1
IDH1,1
MYOCD,-1
RPL21,-1
ATG3,0
ZNF714,0
EPHA8,-1
TMA16,-1
EPS8,-1
IGLV6-57,-1
THRA,-1
EVX2,-1
KLF8,-1
FRYL,-1
IL21R,-1
CCDC18,-1
BTAF1,-1
IK,-1
GPSM2,-1
ZBTB22,-1
IGSF11,-1
GPSM1,0
HERPUD1,-1
TRPV6,-1
FIGNL1,-1
GGN,-1
SRSF4,-1
STK3,-1
CNOT4,-1
CAPRIN2,-1
CHRD,-1
SLC34A1,-1
DYNC1H1,-1
BRPF3,-1
CLDN19,-1
PYDC2,-1
NDC1,0
GRM6,-1
ADCY7,-1
PTPRN2,-1
CORO2A,-1
KCNQ3,-1
SLC5A2,-1
MBD4,-1
PRMT6,-1
A4GNT,-1
RIMKLA,0
DYNC2H1,-1
ILKAP,0
KEAP1,1
NLRP1,-1
PRKD1,-1
PAXBP1,-1
SIK2,-1
CACNA1F,-1
SEMA5B,-1
TLR2,-1
OR52I1,-1
DIAPH2,-1
ZNF226,-1
PRKCB,1
NOL11,-1
IL17RB,-1
LARS2,-1
CPB1,-1
CD86,-1
CIT,-1
OGT,-1
ADAMTS13,-1
CLCN3,-1
SOX8,-1
FCRL1,-1
B3GNT6,-1
KIF20A,-1
ADCY2,-1
NUCKS1,-1
ZNF202,-1
VPS37A,-1
SELE,-1
IFT172,-1
PCDHB3,-1
MCM7,-1
VTN,-1
SBNO2,-1
ATP7B,-1
IGF1R,-1
ZNF24,-1
AKAP13,-1
CR1L,-1
PGM1,-1
MCM10,-1
MLH1,1
MC2R,-1
DHCR7,-1
CCNT1,-1
ZNF423,-1
SCAMP3,-1
GYPC,-1
RBMXL1,0
IFNGR1,-1
CUX2,-1
CERS3,-1
SV2A,-1
ZNF236,-1
ADAM17,-1
DNAJB11,-1
PRRC2C,-1
JARID2,0
MATK,-1
ZNF208,-1
PPIE,-1
HS3ST5,-1
SSH1,-1
GPR32,-1
CCDC51,0
MST1R,-1
THRSP,-1
CSTF2T,-1
STK11IP,-1
DCAF7,0
MTO1,-1
CIITA,1
KIF2A,-1
RNF4,-1
SMG5,-1
RHPN1,-1
MRGPRX4,-1
LINGO1,-1
INPP5B,-1
ZSCAN31,0
PDPK1,-1
ZNF430,0
TRIM25,-1
OR7A5,-1
OR1D2,-1
MYH11,-1
L1CAM,-1
YME1L1,-1
PHKB,-1
GRIK1,-1
UNC5C,-1
ZNF780A,0
RAB39B,-1
CUL1,-1
WNT10A,-1
ABI2,-1
ZNF727,-1
SNED1,-1
PSG6,-1
KCNJ15,-1
CFHR3,-1
AGL,-1
BUB1,-1
OR9G4,-1
BTN2A1,-1
DHX37,-1
DAO,-1
NHEJ1,-1
ARID1A,1
DHX8,-1
MSGN1,-1
RDH11,-1
GATAD2B,-1
VPS54,-1
WDR35,-1
PCDHB4,-1
ZNF701,0
EMC9,-1
SPRR3,-1
CHI3L1,-1
RAP1GAP,0
ADCY9,-1
ATAD3A,-1
NIPBL,-1
MBL2,-1
OR4S2,0
TNRC6B,-1
CCAR2,-1
CLASRP,0
MAML2,1
ARNT,1
MSH4,-1
IL18RAP,-1
AGAP3,-1
GFRA3,-1
PPARGC1B,-1
RFXAP,-1
GRID1,-1
TMF1,-1
GRAP2,-1
PMS2,1
CNN2,-1
TBKBP1,-1
RPA3,-1
RXFP1,-1
UNC80,-1
OR8K1,-1
TMC2,-1
TP53BP1,-1
FZD10,-1
PHLPP2,0
CYP2S1,-1
TBL1Y,-1
CDKN2C,1
LTBP2,-1
PLXNB1,-1
ZNF234,-1
TGFB2,-1
HIVEP3,-1
NAA20,0
KIR2DS4,-1
KRT31,-1
JAK3,1
CLSTN2,-1
CLSTN3,-1
NLGN3,-1
CNDP2,0
DDX4,-1
AJUBA,-1
NINL,0
TAX1BP1,-1
ECI2,-1
CAMSAP3,-1
OR5B12,-1
CHD7,-1
POSTN,-1
KLK8,-1
NEK5,-1
MT1H,-1
GDI2,-1
PPP1R13L,-1
ADAMTSL1,-1
OR2J2,-1
RIMS4,-1
GATAD2A,-1
STK10,-1
BACE2,-1
SLC18A2,-1
PKDREJ,-1
UGT2A1,-1
SOX2,1
TXLNA,0
KHDRBS2,-1
OR4K2,-1
GIPR,-1
FLT4,1
GREB1,-1
AMY2B,-1
LRIG3,1
SEMA6A,-1
ABCC11,-1
GJA5,-1
MAGEE1,-1
FCRL3,0
TSC22D4,-1
LHX9,-1
KLK13,-1
ZFYVE9,-1
SATB2,-1
SLC27A1,-1
P2RY12,-1
GRM4,-1
SIPA1L3,-1
POLH,-1
BTG4,-1
ZNF670,0
ATP13A1,-1
RAMP1,-1
KRT1,-1
CMA1,-1
ACADM,-1
UBE4A,-1
EPB41L4B,-1
PCDHB5,-1
TINAG,-1
AGPAT5,-1
PKN2,-1
ZNF816,0
CARS2,-1
RFPL2,-1
PSMC6,-1
FRZB,-1
MTOR,1
LRRK2,-1
C9,-1
HCAR1,-1
TUBG1,-1
OGDHL,-1
GRID2,-1
F12,-1
NDUFS8,-1
EIF2A,-1
ABCD3,-1
UBA5,-1
CNTN6,-1
CATSPERG,-1
ZBTB46,-1
CBX2,-1
AHNAK,-1
CUL7,-1
SP4,-1
MTMR14,-1
TEX19,-1
ISLR,-1
CACNG6,-1
OR13F1,-1
PDLIM4,-1
GALNT11,-1
GINS3,-1
PTBP3,0
P2RX7,-1
SEPHS2,-1
TNFAIP6,-1
MOGAT3,-1
EEPD1,-1
PTCD3,-1
HCLS1,-1
ITPR1,-1
FILIP1,-1
ZBTB6,0
TALDO1,-1
ANO1,-1
ITIH3,-1
ABT1,0
CCNE1,1
CS,-1
SMG7,-1
FZD7,-1
OSBP,-1
GRIP1,-1
LUC7L2,-1
TRIM28,-1
KPNA5,-1
MRPL17,-1
NT5M,-1
BBS1,-1
ZFP36L2,-1
RTN4RL1,-1
PKP4,-1
TOPORS,-1
FTMT,-1
MIS12,-1
PCK2,-1
RAB1A,0
NCOR2,1
RIC8A,-1
PFN4,-1
FGL2,-1
LRP5,-1
INSC,-1
UPF2,-1
OR5AR1,-1
BRINP1,-1
STAT3,1
THOP1,-1
ZC3HAV1,-1
ECEL1,-1
PACSIN2,-1
ACD,-1
E2F8,-1
COL4A4,-1
ZNF641,-1
DSG2,-1
GATA2,1
OR1L1,-1
SERPINA5,0
RXFP3,-1
RAN,-1
RMI2,1
DENND1C,-1
TEKT4,0
NAA25,0
ACVR2A,1
KCNH5,-1
KCNH7,-1
LYN,-1
MAPK13,0
CHSY3,-1
ZNF621,0
ALDH3B2,-1
CLTC,1
ZNF570,-1
DENND6B,-1
FGF9,-1
CSRP3,-1
MRPS5,-1
SLC26A1,-1
TLR7,-1
ZNF721,0
IL10,-1
MGA,-1
SUPT6H,-1
IGF2BP2,1
ZNF677,-1
MSLN,-1
GPR65,-1
PCDHB8,-1
RSPH6A,-1
AMOT,-1
TIMM17B,-1
MED24,-1
LRCH4,0
RPAP2,-1
UBAC2,0
TSC1,1
SLC22A4,-1
WFIKKN1,-1
SYNJ1,-1
OR4X1,0
OR8I2,-1
HSPA4L,0
TG,-1
VN1R1,-1
USP33,-1
CXCL1,-1
SLC19A3,-1
SIGLEC7,-1
ZNF45,-1
SVIL,-1
FGR,-1
ATG7,-1
OR2T12,-1
OR6M1,-1
PTPRJ,-1
ZNF827,-1
LONRF1,-1
NOTCH1,1
UBE3C,-1
DOCK7,-1
OTUD7B,-1
ATP8B4,0
NDUFAF2,-1
P2RY14,-1
ZNF85,-1
HAUS8,-1
IRS2,-1
SETDB1,1
ADAMTSL2,-1
ELF1,-1
MDN1,-1
CDH16,-1
FN1,-1
LIPC,-1
SLCO1B7,-1
GCC1,-1
PEX1,-1
PLOD3,-1
HECTD1,-1
CLASP1,-1
SIX6,-1
RREB1,-1
TRPV5,-1
TMPO,-1
MKI67,-1
CDS2,-1
PRKCSH,-1
PCBP1,1
USP34,-1
GPR17,-1
OR4K1,-1
GRHL3,-1
MTMR3,-1
CCDC8,-1
RYR1,-1
CPXM1,-1
CYP4A11,-1
ACTBL2,-1
GNG3,0
ADAM33,-1
COL21A1,-1
AP3S1,-1
NFIA,-1
DDHD1,-1
TSSK4,-1
PKD2L1,-1
NKX2-2,-1
METAP1,-1
PBXIP1,0
DNAJC10,-1
PBRM1,1
SLITRK3,-1
SIPA1L2,-1
OR5L2,-1
CDK15,-1
ST8SIA1,0
RIMS2,-1
ZNF99,-1
HOXB6,-1
COG8,-1
HSPA14,-1
CELSR2,-1
PROP1,-1
FANCA,1
GJC2,-1
AIMP1,-1
FBXO40,-1
MYH10,-1
ZPBP2,-1
GLS,-1
SPATA22,-1
FBXW11,-1
RXRG,-1
CCDC88A,-1
CHRNB2,-1
GNAO1,-1
COL6A1,-1
EIF4A3,0
DDI1,-1
POLR3H,0
COL20A1,0
SGPP1,-1
KCNJ1,-1
RSPH9,-1
ECSIT,0
PCDHGA5,-1
QRSL1,-1
WDR77,-1
CELSR3,-1
DCAF17,-1
FAM20B,-1
CAPN7,-1
SEC24D,-1
PRKCG,-1
ALPK2,-1
LBP,-1
PRIM1,-1
GREM2,-1
SLC30A2,-1
HMG20A,-1
TP73,-1
INO80,-1
NRXN1,-1
CDC7,0
GRPEL1,-1
TACR3,-1
ZNF432,0
ZNF462,-1
ARHGAP10,-1
TIPIN,-1
ATP1B4,0
MCTS1,-1
KRT3,-1
CDC23,-1
NOD1,-1
CHST8,-1
ADAM22,-1
OR2B11,-1
OR8J3,-1
SERINC1,-1
POTEF,0
CAMK2G,-1
MRPS26,-1
EME1,-1
ASXL2,1
WDR5,0
IL17RC,-1
B3GNT2,-1
RGS12,-1
RAPGEF2,-1
OR6K2,-1
ZNF615,0
SETD1A,-1
PTPN5,-1
UFL1,-1
PPIP5K2,0
ITGA6,-1
GOLGA4,-1
PARP14,-1
METTL14,-1
LATS1,1
OR7A10,0
EFCAB7,-1
ZFYVE26,-1
TRAPPC13,-1
TMEM63B,0
SLC17A8,-1
FRS2,-1
AQR,-1
LRRK1,-1
NDC80,-1
CHEK2,1
PTMA,-1
PGC,-1
EXOC3L4,-1
PLG,-1
SDC3,-1
SCN7A,-1
ACO1,-1
GOT1,-1
SRCAP,-1
EIF3E,1
HDAC4,-1
NKRF,-1
FIP1L1,-1
USP17L2,-1
PPHLN1,-1
PRC1,-1
PRDM10,-1
RBPJL,-1
IGFBP7,-1
KIF3B,-1
ZBTB5,-1
WDR70,-1
ACAN,-1
SH3RF1,0
KAT2A,-1
CENPE,-1
NDUFS5,-1
SUN5,-1
UBA3,0
RER1,0
NRCAM,-1
FADS2,-1
WASL,-1
HLF,1
ZHX2,-1
RIPK1,-1
LRRC52,-1
B4GALT1,-1
LOXL4,-1
KRT24,-1
FRY,-1
ZNF383,0
THOC2,-1
SEC23IP,-1
MRPL9,-1
ALDOB,-1
GNAT1,-1
GRIN3A,-1
MAP4K3,-1
FGF13,-1
NPRL2,0
VANGL2,-1
GLG1,-1
CATSPERD,-1
SRRM1,-1
PRPF31,-1
REG3G,-1
GALK2,-1
ENOX2,-1
PCDHA10,-1
VCPIP1,0
UBE2NL,-1
PDCD6IP,-1
SLC5A10,-1
LTA4H,-1
BMP2K,-1
TMPRSS11A,-1
NR4A3,1
FKBP7,-1
NTRK1,1
MTA2,-1
ATP6V1H,0
KRT12,-1
ERCC4,1
NAMPT,-1
OR4A15,-1
RAI1,-1
TRPC1,-1
OR5H1,-1
OR5AP2,-1
ITGAL,-1
ALDH1L1,-1
KLF13,-1
KMT2E,-1
GJA3,-1
ULK3,-1
ARHGEF2,-1
TRRAP,1
CENPH,-1
ZNF23,-1
ANKRD17,-1
ITPKA,-1
SUPT16H,-1
ABCC3,-1
KCNQ5,-1
TRPM2,-1
PFN1,-1
GALNS,-1
CDC16,-1
LYPLA1,-1
STK4,-1
M6PR,-1
IKBKE,-1
HLA-E,-1
SGCZ,-1
RLBP1,-1
MAS1,-1
OSBPL8,-1
PAN3,-1
OR4D1,-1
EPHB4,-1
TEAD2,-1
TNFRSF1A,-1
PLEKHA3,-1
RPRD1B,-1
PKD1,-1
ABCA9,-1
CCT6B,-1
UEVLD,-1
DDX31,-1
ECM1,-1
FOXD3,-1
STRIP1,-1
XPO5,-1
POU2AF1,1
FGD2,-1
POLR2I,-1
TESC,-1
LHX6,-1
SLC44A5,0
PRPS1,-1
TRA2B,-1
SIRPB1,-1
MYL1,-1
MTHFR,-1
TTC28,-1
PIAS3,-1
SNRNP40,-1
PDE6B,-1
SLC28A1,-1
CAT,-1
TOM1L2,-1
COX19,-1
MLLT4,-1
TBX21,-1
EEF1D,-1
CDC45,0
ERCC6,-1
F8,-1
KCTD10,-1
KCNK10,-1
DNAJC2,-1
ARID1B,1
LAMA1,-1
OR4K5,-1
OR5T2,-1
MADD,-1
SNAPC5,-1
SLC36A1,-1
UBQLN1,-1
PPM1K,-1
CYP17A1,-1
COL11A1,-1
ZRANB1,-1
FMO5,-1
P2RY13,0
HECTD3,0
EPC1,-1
MAP6,-1
PES1,-1
USP1,-1
ELK4,1
NOBOX,-1
SORBS1,-1
SAMD4B,-1
MYL12B,-1
NCAPH,-1
PEX26,-1
YIPF4,-1
RANBP3,-1
RAB26,-1
JAG2,-1
EIF4G1,-1
TDRD7,-1
CSK,-1
SIK1,-1
PRKG1,-1
AKT1,1
SOX9,1
BMX,-1
AKAP9,-1
ZNF518B,-1
COPE,-1
CLCA2,-1
GTF2A2,-1
PDE4A,-1
F11,-1
ALDH1A1,-1
DENND1A,-1
LY6E,-1
SLC7A9,-1
MARK2,-1
MKRN1,-1
GLYCTK,-1
ADNP,-1
SPARCL1,0
SLC6A18,-1
MAB21L1,-1
ADAP1,0
IFNA21,-1
AMOTL1,-1
LILRA1,-1
TIA1,-1
MICU2,-1
AMPD2,-1
CHST1,-1
RAB8A,-1
XRN1,-1
TDRD9,-1
USP29,-1
BRCA1,1
TMEM214,-1
HCN4,-1
MRPL48,-1
ARID5B,-1
ARL2,-1
GLB1L,0
PAPPA,-1
GLUD2,-1
MAST4,-1
CTNNB1,1
PELI2,-1
MAFB,1
MKRN3,-1
PAIP2,-1
SLAMF7,-1
PTAR1,-1
LTA,-1
TNC,1
IGLC2,0
ZBTB18,-1
FHL2,-1
KRT2,-1
GALNT1,-1
POLG,1
SHPRH,-1
SEC63,-1
SNX1,-1
YLPM1,0
CORO1A,-1
MMP9,-1
CTPS1,-1
PLA2G4C,-1
TRIM34,-1
TRPM6,-1
FHOD1,-1
BRAF,1
BCL11B,1
NEUROD1,-1
SLC22A25,-1
REEP4,-1
AHSG,-1
OSBPL7,-1
USP51,-1
ZFPM2,-1
TMEM59,-1
KRI1,-1
CTSS,-1
TNXB,-1
SHANK3,-1
LSM12,-1
MTIF2,-1
SCLT1,-1
CREBZF,-1
AMZ2,-1
GDA,-1
NEO1,-1
HDAC1,-1
PPP1R3D,-1
RPL30,-1
CEL,-1
OR51A2,-1
PHF3,-1
ZBTB1,-1
TET2,1
UBE2W,-1
NEURL4,-1
CNGA2,-1
LILRA6,-1
TNFRSF9,-1
SEC61B,-1
KDR,1
ATAD1,-1
IGKV1-16,-1
SORBS2,-1
ZNF337,0
PRKCE,-1
PTPN22,-1
PRX,-1
LRP1,-1
OPRL1,-1
NRBP1,0
GAS8,-1
SPATA2,-1
DDX60,-1
KLF10,-1
TBC1D8B,-1
TIMM17A,-1
GLB1,-1
SULF2,-1
STAB1,0
EHMT1,-1
FOXRED1,-1
ABCA8,-1
LIN54,-1
P2RX3,-1
MKS1,-1
TNNT1,-1
CCDC88C,-1
ZFP57,-1
CDH6,-1
MAP2K7,-1
CDC27,-1
ADCY8,-1
MUC17,-1
VN1R4,-1
SUB1,-1
SNX33,-1
SULT4A1,-1
KIFC2,-1
ZNF705A,-1
KCNJ16,-1
SPRED2,-1
PCDHB16,-1
MRPL2,-1
RNF19B,0
DEPTOR,0
KCNQ1,-1
ROR1,-1
PCDH1,-1
DOK7,-1
PRPF38B,0
ZNF683,-1
PTP4A2,-1
ATP8A1,0
SH2D1B,-1
ALDH1B1,-1
PIK3R5,-1
NOSTRIN,-1
ETNK1,1
RBM27,-1
PIK3R1,1
LY9,-1
MYO1G,-1
TBCK,-1
OPCML,-1
EXT1,1
PLEKHA7,-1
CYB5B,-1
KCNG4,-1
CENPC,0
SKP2,-1
ZBTB26,-1
ATP9A,0
ISL1,-1
NUCB1,-1
KDELR3,0
MYO15A,-1
TMPRSS9,-1
PHLDB2,-1
CRHR2,-1
OR2L2,-1
SEMA4A,-1
VRK1,-1
IER2,0
MAP3K2,-1
PCSK2,-1
PGM2,-1
PCDH11Y,-1
TEX15,-1
PTPN12,-1
CD19,-1
ASB13,-1
PTPRU,-1
TONSL,0
SPEF2,-1
TOB1,-1
MYO1D,-1
RGS14,-1
ZNF703,-1
TSEN2,-1
RPS19BP1,-1
SEMA3A,-1
PTEN,1
TMPRSS11F,0
PHF12,0
ACTL7B,-1
STK17B,-1
MLYCD,-1
RPL19,-1
USP16,-1
ANO8,0
ANO9,0
EEA1,-1
ALPK1,-1
CLEC4F,-1
CHRNA4,-1
PSD,-1
OR4N2,0
AP4E1,-1
SRRT,-1
UBAP2,-1
DIS3L,-1
TRPM4,-1
RALGAPA1,-1
DNAJB1,-1
KCNMA1,-1
BAZ1B,-1
ZSCAN10,-1
RHOU,-1
CDH20,-1
SUGT1,-1
RIF1,0
IP6K2,0
FCRL2,0
KCNC1,-1
SUV39H2,-1
PI15,-1
TRAC,-1
APBB2,-1
ZNF433,0
CTSV,0
RBM17,-1
SRRM4,-1
ARNT2,-1
OR4N5,-1
MUC5B,-1
RYK,-1
DACT1,-1
RHBDF1,-1
LPAR2,-1
OTUD3,-1
ZNF12,-1
IGHMBP2,-1
ZNF777,-1
NR1I2,-1
POFUT2,-1
OXCT1,-1
MPV17,-1
EIF2B1,-1
IFT140,-1
STARD13,-1
LATS2,1
C6,-1
CNDP1,-1
YEATS4,-1
SOX10,-1
TGFBI,-1
MAX,1
IGHD,-1
POLR3G,-1
PGAP1,-1
P4HA2,-1
PITHD1,-1
TAPBP,-1
HPRT1,-1
TRUB2,-1
RNF19A,0
SRC,1
EPX,-1
USP25,-1
RNF139,-1
MYH4,-1
PCDHA2,-1
DNMT3B,-1
NMUR2,-1
HCRTR2,-1
DMXL1,-1
SNAP47,0
IRX1,-1
SIRPG,-1
ZNF510,0
B2M,1
UGT2B4,-1
TRIM21,-1
CACNA2D4,-1
CDK14,-1
KCTD18,0
FBLN2,1
CENPF,-1
MRPS31,-1
AGO3,0
BSN,-1
EXOSC9,-1
ABCB4,-1
CEACAM5,-1
SOX5,-1
PCDHGA12,-1
MCF2,-1
HRH4,-1
CALM2,-1
LAMB4,-1
ATP7A,-1
BIN2,-1
RAD21,1
ZC3H13,-1
ADAMTS14,-1
PLTP,-1
ROBO2,1
TRPS1,-1
COL11A2,-1
MCM3AP,-1
CRHBP,-1
FBXL17,-1
MUTYH,1
NSF,-1
MARCKS,0
OBSL1,-1
OR6T1,-1
SULT1A1,-1
IL12RB1,-1
LRRC4C,-1
MOCS3,0
DPEP1,-1
ARAP2,-1
UTY,-1
F2R,-1
COL1A1,-1
CDH10,1
HSPB2,-1
SETD1B,1
SYT10,-1
RAPH1,0
FOXI1,-1
PKD2L2,-1
BDKRB1,-1
DNAJC17,-1
ARHGDIG,0
ADH1B,-1
MAGEC1,-1
CHRDL2,-1
FBXW10,-1
TLN1,-1
NAT8,-1
GABRA5,-1
GTPBP2,-1
DNAJB2,-1
UCN3,0
ZNF284,0
CLGN,-1
F2RL1,-1
ALAS1,-1
GRB10,-1
RBFOX1,-1
MRPL18,-1
EML2,-1
POR,-1
SYF2,-1
JMJD1C,-1
ALOXE3,-1
CSGALNACT1,-1
UBE2D3,-1
MYH3,-1
SLC8A1,-1
RABGAP1,-1
TSHR,1
ZNF732,0
PSMB7,-1
RORA,-1
GRIN1,-1
DNAH3,-1
SCML1,-1
CSTF3,-1
PRKAR1A,1
MCC,-1
RUFY1,-1
MYCBP2,-1
VSTM1,-1
HORMAD2,0
ATP11B,-1
ATP2A3,-1
MRPL4,-1
PCDHA9,-1
AVPR2,-1
UBE2J2,0
DNAH1,-1
TMC3,-1
MISP,-1
OPRM1,-1
RASGRF1,-1
GOSR1,-1
IL1RAP,-1
OXER1,0
RNF20,-1
MAPK7,-1
TFRC,-1
ZNF107,-1
CFHR4,-1
SERPINA1,-1
CBS,-1
POMP,-1
GRHL1,-1
PTGFR,-1
DISP2,-1
OR51F1,-1
PDGFRB,1
KLK9,-1
COG2,-1
CD44,-1
RILP,-1
IL23A,-1
KRT79,-1
MAOA,-1
DLG2,-1
NFATC1,-1
COG3,-1
TAF1A,-1
CYB5R4,-1
PRPH2,-1
ZMYND10,-1
RAC3,-1
SYNPO2,0
GRK4,-1
CNOT11,0
SARS2,-1
SYK,1
HCN3,-1
SSTR1,-1
IDE,-1
TSC2,1
DMTF1,-1
PARP6,-1
NSMAF,-1
C2CD5,-1
SLC2A10,-1
MICAL1,-1
OR56A4,-1
MED4,-1
ZNF646,0
ELOVL5,-1
ASPM,-1
MGAT4A,-1
ALPI,-1
SLCO4A1,-1
PRICKLE1,-1
PGLS,-1
GCM2,-1
ZNF221,0
PIGT,-1
OR4M2,-1
B4GALT6,-1
USP47,-1
FOXK2,-1
CCKAR,-1
RRM1,-1
IP6K3,0
DPP6,-1
SGCD,-1
CTSH,-1
OR52B4,-1
RPE65,-1
TOPBP1,-1
FKBP11,-1
B3GALNT2,-1
PCGF2,0
TEC,1
VENTX,-1
HSPH1,-1
SLC37A1,-1
OR4K14,-1
CEP57,-1
MFAP2,-1
SLC5A6,-1
PIK3R6,-1
PHLDA1,-1
OR6N1,-1
TRAPPC2,-1
EML4,-1
XPO4,-1
DNMT1,1
SCMH1,-1
LRP2,-1
PRDX5,-1
PRKCH,-1
PPIP5K1,-1
SAMD4A,-1
CASP10,-1
MAP3K7,-1
TEN1,-1
SLC39A10,0
FBXO2,-1
THBS1,-1
NPLOC4,0
ATG4D,-1
ZDHHC18,0
DDC,-1
DDAH1,-1
PI4K2B,-1
CNTNAP1,-1
NPC1,-1
OR2T4,-1
TAOK3,-1
PTK7,-1
CDC25C,-1
GABRE,-1
DPYS,-1
CEP350,-1
TCERG1L,-1
HLA-F,-1
HDAC9,-1
KLC1,-1
COPA,-1
ASZ1,-1
COX17,-1
SMURF1,-1
KCNB2,-1
ZP4,-1
GPRC5A,-1
XPO6,-1
SLC25A21,-1
HOXC13,1
RBM15,-1
DAAM1,-1
DENND4A,-1
MTCH1,-1
THOC3,-1
LRFN3,-1
TRIM23,-1
UBA2,-1
KCTD7,-1
PSAT1,-1
GABRA2,-1
PTK2,-1
USP31,-1
RFC4,-1
IFNL2,-1
ZNF568,-1
CA14,-1
SMC3,-1
DSC2,-1
TPTE2,-1
ACP5,-1
ACACA,-1
DYRK1A,-1
MRPS7,-1
AHI1,-1
MYPN,-1
TBC1D22B,-1
NR1H4,-1
CAPN9,-1
TTBK1,0
TNPO2,-1
ZNF184,-1
LIME1,-1
MPHOSPH10,0
DNAH10,-1
LIPK,-1
RND3,-1
CUL4B,-1
BEX1,-1
INPPL1,-1
RYR3,-1
ARHGEF3,-1
UNC13C,-1
ZMYM3,1
CNGB3,-1
DOCK9,-1
ZNF143,-1
TSPAN1,-1
MRPL22,-1
ZNF354A,0
FMO1,-1
DDX53,0
MMP11,-1
ACTR5,0
CTDSP2,-1
HES1,-1
CFTR,-1
MZB1,-1
INTS10,-1
ZSCAN9,0
GNA13,-1
OR13C8,-1
ZNF415,0
UNC5D,-1
SOCS6,-1
ZNF141,-1
AAAS,-1
OR4C6,-1
ZNF180,-1
PHF14,-1
RPL7A,-1
HTR7,-1
RBM14,-1
EFTUD2,-1
CNP,-1
SLC16A1,-1
HNRNPK,-1
GATM,-1
ATP2A2,-1
CRB1,-1
NPEPPS,-1
UGT1A6,-1
TRADD,-1
WIZ,0
RNASEL,-1
FBXO27,-1
FPR2,-1
CDC40,-1
SFRP2,-1
GAS2L1,-1
RRM2,-1
AGA,-1
ZNF749,-1
CDC14A,-1
PI4KB,0
PROX1,-1
CD3D,-1
MC3R,-1
UBXN10,-1
ZNF224,-1
KIF1B,-1
ZNF740,0
PPIL4,-1
RPL4,-1
NOS1AP,-1
ADD1,-1
APBA2,-1
RAPGEF5,-1
KCNG3,-1
TMPRSS11D,-1
EPPK1,-1
MED14,-1
SRGAP3,-1
RAB40B,0
MC4R,-1
NEK9,-1
PCDH11X,-1
CREBBP,1
GPC4,-1
NYAP1,-1
TMPRSS6,-1
KLF17,-1
FUS,1
DNASE2,-1
SPPL3,-1
DCHS2,-1
CREM,-1
DHCR24,-1
GEMIN4,-1
PDE3B,-1
CPS1,-1
KAT2B,0
IFT88,-1
CALCOCO1,0
LGR6,-1
NFATC3,-1
BRS3,-1
SCN3A,-1
MAST2,-1
CEP164,-1
GALNT6,-1
NLRP12,-1
PPP2R2A,0
PTPRR,-1
TEX14,-1
MRPS24,-1
GPAA1,-1
SLU7,0
FLNA,1
FRK,-1
MAGED2,-1
GLS2,-1
KLRD1,-1
PIK3CA,1
A2M,0
F11R,-1
PRKACA,1
HIP1R,-1
DENND5A,-1
SF3B2,-1
LHX2,-1
HTR1A,-1
APC,1
S1PR3,-1
PHB2,-1
MYL7,-1
OR10T2,-1
GDF5,-1
OR4D6,-1
IQGAP2,-1
NBR1,-1
ZNF717,-1
DDX46,-1
LRRTM1,-1
GTF2IRD2B,0
INTS7,-1
PCDH10,-1
LRR1,-1
COIL,-1
PCDHB7,-1
ZNF562,0
HNF4A,-1
CD109,-1
CCNF,-1
EXOSC5,-1
EDC4,-1
SF3B1,1
MSX2,-1
BRMS1L,0
ADAMTS2,-1
SLC25A45,-1
SIRPA,1
TMEM120B,-1
ASIC3,0
ABCB11,-1
DLG1,-1
VAV1,1
RPS24,-1
ZNF14,-1
IPPK,0
ALOX12B,-1
PLD1,-1
CYP1A2,-1
VPS13A,-1
HSP90AA1,-1
ANO3,-1
DLGAP4,-1
ZMYM6,-1
NDRG1,1
SPCS3,0
CEBPZ,-1
BPI,-1
DDX3X,1
CALU,-1
CWC22,0
PLXNC1,0
HMGCR,-1
PIK3CD,-1
GFPT2,-1
ZNF121,-1
RUFY3,-1
ACSF2,-1
MRE11A,-1
PAPOLG,-1
ORC4,-1
SORT1,-1
RBM8A,-1
NEDD1,-1
RBM47,0
OR2M4,-1
QTRT1,-1
TICAM1,-1
ZBTB16,1
RPS6KC1,-1
AP5Z1,-1
MCPH1,-1
SLC29A4,-1
SEMA4G,0
ZFP42,-1
FAM170A,-1
FOXN2,0
MLIP,-1
TUBB3,-1
ATP2B1,-1
EIF1,0
SLC2A14,-1
CNNM3,-1
TIMELESS,-1
RRAGC,-1
DDX55,-1
DNASE1L1,-1
TPM2,-1
SPTA1,-1
ITGB7,-1
GPRC5C,-1
PIP5K1C,-1
PIGQ,-1
EHBP1,-1
PCDHB11,-1
TAS1R3,-1
STAP2,-1
GAS2L3,-1
PRUNE2,-1
RAB11FIP2,-1
SLC44A4,-1
PDP2,-1
ABCG1,-1
SEMA6D,-1
ROBO1,-1
GRM5,-1
LIN9,-1
SLC6A3,-1
MYBPC3,-1
NUDT6,-1
OR1B1,0
NUMB,-1
HMBS,-1
MCCC2,-1
PASD1,-1
GJA10,-1
MAP1LC3A,0
BRWD1,-1
ASPSCR1,-1
C1R,-1
WBP2,-1
FYCO1,-1
RFTN1,-1
BCL9,1
PAPPA2,0
RRS1,-1
CACNA1D,1
CYP2A6,-1
PILRA,-1
COX15,-1
GSTA5,-1
NIF3L1,-1
TAAR2,-1
SERPINF2,0
OR7C1,-1
HSPA9,-1
SLC7A10,-1
MED15,-1
AFF4,1
ERBB3,1
TNKS1BP1,-1
DUOXA1,-1
CYB5RL,-1
FCRL5,0
ZNF395,-1
MMP27,-1
GABRG2,-1
POC5,-1
SPINK5,-1
ZFP37,-1
SLC9B2,0
EPS15L1,-1
IDO2,-1
DRGX,-1
MECOM,1
AP2A1,-1
SLC7A8,-1
ONECUT2,-1
LILRA4,-1
SUCLG1,-1
SGPL1,-1
ANGPT1,-1
CWH43,-1
MIA3,-1
APOA5,-1
DDOST,-1
ASAP3,-1
TP53TG5,-1
PAQR8,-1
SLC34A3,-1
VPS35,-1
UBR2,-1
SH2B1,-1
GAB3,-1
NCOR1,1
TAF15,1
C1QTNF9,0
ELMO3,-1
SLC9A9,-1
CRAT,-1
CASP4,-1
BAG1,-1
CDH12,-1
PCMTD1,0
BICD2,-1
TAS2R60,-1
SASH1,-1
MAD2L1,-1
USP12,-1
PTH1R,0
S1PR2,-1
BRCC3,-1
DNM1,-1
FGFR3,1
GPBP1,-1
CDH7,-1
EIF5B,0
SLC6A11,-1
NUP88,-1
KAT6B,1
SIGLEC9,-1
BET1L,-1
ZNF808,0
ATRIP,-1
SLC17A1,-1
NMNAT2,-1
MATN1,-1
AMBRA1,-1
RAB7A,0
WDR26,-1
XIRP2,-1
DNAJB9,-1
ANKRD1,-1
ZNF318,-1
GEMIN5,-1
STAT2,-1
TACC2,-1
PRR11,-1
FITM1,-1
PARN,-1
TET1,1
MYOT,-1
EVI2B,-1
KIF7,-1
SLITRK1,-1
PFDN6,0
GUSB,-1
LPGAT1,0
GLP2R,-1
SENP6,-1
CORO2B,-1
OSBPL6,-1
MTMR4,-1
LARP4,-1
ATXN1,-1
CDC6,-1
PAF1,-1
JADE3,0
KCNJ4,-1
CDKN3,-1
DAP3,-1
SERPINB6,-1
FNBP1L,-1
CASP5,-1
TRIM5,-1
CENPM,0
RECQL5,-1
ZNF467,-1
ABCA1,-1
OR51I2,-1
UCP2,-1
TMEM50B,-1
ATP6V0D1,-1
MLEC,-1
RBM12B,-1
ROCK2,-1
KLHL13,-1
PLEKHG1,-1
OR6C6,-1
ZNF267,-1
OR6A2,-1
DMTN,0
FCGR3B,-1
HIPK2,-1
LPXN,-1
RAB40A,-1
ZNF879,-1
CMTM2,-1
TRPC4,-1
RDH16,-1
ARHGAP21,-1
SLC5A4,0
RRP1B,-1
CPNE5,-1
PSMB10,0
CPZ,-1
ZNF326,-1
CNKSR2,-1
FOXB1,0
MARK4,-1
BMF,-1
ATRX,1
RPS6KB1,-1
SP1,-1
TUBA1A,-1
KDM3B,-1
CSRNP1,-1
TTC7A,-1
SLC22A12,-1
FXYD1,-1
GGNBP2,-1
IRF4,1
BTN3A1,-1
BTC,-1
KCND2,-1
DAB1,-1
ARHGAP32,-1
SIX5,-1
SNW1,0
APC2,-1
GLYR1,-1
HNRNPH1,0
CKAP2L,-1
NPC1L1,-1
ABCA7,-1
USH1C,-1
SEMA3G,-1
FKBP15,-1
PDSS2,-1
USP26,-1
ING1,-1
ANKRD28,-1
NR5A2,-1
ZIK1,0
C1QC,-1
MCTP1,-1
KMT2B,-1
CEBPG,-1
SYNRG,0
OSBPL5,-1
IL21,-1
UBQLN4,-1
LPIN1,-1
CLEC9A,-1
FAS,1
DDX39B,-1
IQGAP1,-1
GPR15,-1
OCA2,-1
ADCY5,-1
PI4K2A,-1
DCAF5,-1
IPO8,-1
CLCN6,-1
SREBF2,-1
MTFR2,-1
EPC2,-1
KCNA4,-1
ZBTB7B,-1
KCNMB4,-1
FAM9A,-1
GLDC,-1
ZNF713,-1
TNRC6A,-1
CYTH1,-1
LIMA1,-1
GAN,-1
RAB27B,-1
ELAC2,-1
HPSE,-1
AMACR,-1
DOCK11,-1
CREB3L4,-1
MMP25,-1
ZNF319,0
CIDEB,-1
TRIP13,-1
PRAM1,-1
VANGL1,-1
KL,-1
STAC2,-1
PLEKHG2,-1
C5,-1
SCEL,-1
ARHGAP44,-1
UBLCP1,-1
FCHO2,-1
EPS8L1,-1
PCBP2,-1
SLC25A39,-1
VSIG4,0
MSRB1,-1
AVPR1A,-1
RPL18,-1
MYBL2,-1
NFE2L3,-1
TYRP1,-1
PLAA,-1
KBTBD6,-1
OR4C16,-1
ZNF83,-1
BMP4,-1
N6AMT1,-1
GABRA1,-1
MYLIP,-1
MEIOB,-1
SLC3A2,-1
CRNKL1,1
EIF2AK4,-1
ERCC3,1
AP3S2,-1
CYTH2,-1
STX2,-1
KIF20B,0
SRA1,-1
PRDM9,-1
GPR171,-1
INSR,-1
EIF3L,0
PUM1,-1
FKBP6,-1
LCT,-1
ACTG2,-1
DNAI1,-1
ULBP2,-1
FMNL3,-1
PSG2,-1
OR51L1,-1
PHC2,-1
ADCY4,-1
ZNF790,0
P2RX2,-1
KIAA1522,-1
TNIK,-1
ZFY,-1
ABAT,-1
TAS1R2,-1
PTCH1,1
NECAB1,0
LOXL2,-1
EPHB2,-1
TRIM24,1
SLC6A5,-1
FCGRT,-1
NFX1,-1
PACSIN1,-1
SCARB2,-1
THAP10,-1
CGGBP1,-1
BUB1B,1
CELF4,-1
RB1,1
KIFC1,-1
RAB33A,-1
FRAT1,-1
NDUFAF3,-1
GTF2E2,-1
MGAT5,-1
MYSM1,-1
NHP2,0
NDOR1,0
EFEMP2,-1
PJA1,-1
ACSM3,-1
CYP1A1,-1
DTX3L,-1
RHOBTB2,-1
U2SURP,-1
TH,-1
LSS,-1
MAPK8IP3,-1
FMNL1,0
GHRL,-1
TRIM67,-1
PLCL1,-1
IRX2,-1
MYH7B,-1
TEX101,-1
TACR1,-1
TLE6,-1
PRSS3,-1
ACSM2B,-1
UNC5B,-1
B3GNT8,-1
GMIP,-1
PFKM,-1
AKR1C1,-1
ABCA12,-1
RD3,-1
CYP4F12,-1
KNSTRN,1
EEF1A1,-1
AGTPBP1,-1
PRPS1L1,-1
ZNF555,0
COL14A1,-1
METTL17,-1
RGPD3,1
CHCHD5,-1
LSM1,-1
FBLN1,-1
BPIFB3,0
PALMD,-1
PDGFD,-1
PDK1,-1
SCN9A,-1
ETF1,-1
EIF4G2,-1
CD209,1
ZNF3,-1
AFTPH,0
CYB5R3,-1
UACA,-1
IRF2BP2,-1
SGPP2,-1
KRT5,-1
ELF2,0
RPTN,-1
ATP1A1,1
DDX18,-1
CDCA2,0
MYO16,-1
ZNF32,-1
KRT28,-1
ATP2A1,-1
DOCK10,-1
GTPBP4,0
CC2D1A,-1
DONSON,-1
SLC24A4,-1
OR4K13,-1
CPLX1,-1
ROPN1L,-1
URB2,-1
ENY2,0
CLEC4C,-1
IRAK3,-1
LRIG1,-1
ABL2,1
OR10A7,-1
FZR1,0
PKNOX1,-1
NSUN2,-1
NPHP4,-1
SLC44A2,-1
HMGN2,-1
IMPG1,-1
CKAP5,-1
PIGR,-1
ZBTB2,-1
COL13A1,-1
TUFT1,-1
ANK1,1
SLC27A2,-1
GZMK,-1
TLR10,-1
LEMD2,-1
DUSP10,-1
MYO7A,-1
ZFP90,-1
ZNF629,0
LGI2,-1
MTA3,0
NPNT,-1
SLC9A2,-1
RAB8B,-1
SORCS3,-1
FANCB,-1
SSNA1,-1
MLLT10,1
ZDHHC5,-1
SLC4A8,-1
SHMT1,-1
ALG13,-1
OLAH,-1
PLAGL2,-1
ADCY3,-1
SMCHD1,-1
C5AR1,-1
SSRP1,-1
MPDZ,-1
NNT,-1
PMEPA1,-1
LRP6,-1
TOP2B,-1
SEC24A,-1
COL2A1,1
DHX29,-1
PRIM2,0
NACA,-1
COL8A2,-1
NFASC,-1
CWC15,0
DNAAF3,-1
NUP155,-1
PPFIA1,-1
ACOX3,-1
CELF3,-1
HMBOX1,0
BRIP1,1
PHIP,-1
CLDN7,0
PCDHA6,-1
PML,1
MRPL3,-1
CD83,-1
GALNT15,-1
ZNF540,-1
AP2B1,-1
LARP1B,-1
CASP7,-1
VPS13D,-1
PLD3,-1
UCP1,-1
ETV7,-1
CDH22,-1
PSG5,-1
IPO5,-1
FBXL3,0
OR10G4,-1
NEMF,-1
PFAS,-1
AHSA1,-1
AFAP1L2,-1
ORC1,-1
NRG3,-1
LAMTOR1,-1
CBX8,-1
MLC1,-1
DOK2,-1
CCNB3,-1
MYL9,-1
ZNF594,0
SEMA3C,-1
LNPEP,-1
NCOA5,-1
NRAP,-1
OR11H12,-1
HOXD4,-1
SMC5,0
NONO,-1
UQCRC2,-1
LRCH1,-1
SCRT1,-1
EBF2,-1
LONP1,-1
HEATR5B,-1
NOSIP,-1
STEAP3,-1
ANKRD27,0
PHKA1,-1
ATP10A,-1
ACAD11,-1
YTHDC1,-1
SIRT7,-1
PLEC,-1
SLC1A1,-1
JMJD6,-1
IMPG2,-1
TEK,-1
MAP4K4,-1
PLAT,-1
DCST1,-1
KDM5C,1
COMMD10,-1
RMI1,-1
NELFCD,0
ACAP1,-1
MEP1B,-1
GATA3,1
SMARCB1,1
SH3BP2,-1
PRPF8,-1
ALDH3A2,-1
FARP1,-1
ZNF770,-1
TSPYL2,-1
PLEKHG4,-1
SLC15A4,-1
PTPN11,1
TAF5L,0
EGR1,-1
TBC1D5,-1
MOS,-1
FLRT2,-1
EIF5A,-1
DUSP14,-1
KPNA1,-1
KIF24,-1
PABPC3,0
CDH11,1
UGT2A3,-1
SYT4,-1
LTBP4,-1
CASR,-1
ALCAM,-1
TBC1D24,-1
ESPN,-1
LTB4R,-1
DNAH6,-1
PARD6B,-1
SOX4,-1
PTGES2,-1
LILRA3,-1
PLA2G4D,-1
RNF43,1
RABL3,-1
SMC1A,1
NRK,-1
ZNF765,-1
SPOCD1,-1
TTLL1,-1
ITK,-1
SULT1C3,-1
PLIN2,-1
GCK,-1
TLR8,-1
XCL1,-1
SCN2A,-1
PSMA6,-1
MRPL54,-1
ECHDC2,0
GTF2F2,-1
LAMTOR2,-1
TANC1,-1
ZNF544,0
GPR26,-1
VPS53,-1
KATNA1,-1
SMAD1,-1
NFE2L2,1
KCNN2,-1
PNRC2,-1
ETV1,1
WSB2,-1
DCAF6,-1
NRP1,-1
UTRN,-1
ZNF76,-1
LILRA2,-1
SMARCE1,1
CEP192,-1
TRIM59,-1
NFATC2IP,-1
PCDHGA11,-1
LRRC4B,0
INO80D,0
ZC3H12D,-1
ZBP1,-1
ZFP14,0
CSE1L,-1
PORCN,-1
SYDE2,0
KCNS3,-1
TCERG1,-1
OR2AK2,-1
NGF,-1
RAB11FIP5,0
LRRC49,0
USP43,-1
DHX30,-1
BOC,-1
CDH5,-1
OR1M1,-1
COL6A2,-1
PLCE1,-1
ST3GAL3,-1
PTPN14,-1
MYO9B,-1
DYRK2,-1
AMPD1,-1
KLK10,-1
CHRNA2,-1
ZSCAN5B,0
GAK,-1
RP1,-1
PHEX,-1
WDR46,-1
COQ10A,0
CATSPER1,-1
INTS1,-1
PFKFB1,-1
ARSK,-1
FBXL13,-1
RFX7,-1
MAGI3,-1
TOP3B,-1
TLL1,-1
UQCC1,0
PLEKHG3,-1
SETX,-1
TP53BP2,-1
PPP1R3F,0
ZBTB40,-1
TMC8,-1
ZNF483,-1
RABEPK,0
ADAD2,-1
CDS1,-1
ZNRF4,-1
CKAP4,0
MAPK8IP1,-1
OR10J1,0
SLC25A24,-1
GALNT13,-1
OR5J2,-1
MARK1,-1
KIF1C,-1
GRAMD1A,-1
ZNF800,0
USO1,-1
INTU,-1
SERPINA3,-1
ANPEP,-1
INTS12,-1
ZFYVE28,-1
ATP6V0A4,-1
WDR74,-1
SNX17,-1
MINK1,-1
ANGPTL4,-1
MTAP,-1
GRM3,1
GOLGA5,-1
MUC16,-1
INSIG1,-1
GRIK3,-1
SMARCD2,-1
THADA,-1
GP2,-1
GALNT10,-1
PHF2,-1
PDK3,-1
TUBAL3,0
ORC3,-1
STMN2,-1
KLKB1,-1
MCM6,-1
ADRA1A,-1
DVL3,-1
RGPD8,-1
DLX3,-1
NDST1,-1
SDE2,-1
IVL,-1
RAI14,-1
MACC1,1
MGAT4C,0
EPN1,-1
TRIM37,-1
QRFPR,-1
EIF4G3,-1
BORA,-1
DLG5,-1
RUVBL2,-1
PCDHA1,-1
CLUAP1,-1
GZMM,-1
TXN,-1
TRIM71,0
DDX21,-1
CLDN15,-1
SLC38A6,-1
ZDHHC8,-1
ARHGEF1,-1
GOLPH3,-1
PLD4,-1
KCNH2,-1
NETO1,-1
GRM8,-1
SGIP1,-1
TRIM6,-1
GNPTAB,-1
PTBP2,-1
NPAS2,-1
NR2F2,-1
SIGLEC11,-1
STK33,-1
CUL5,-1
PRKAG1,-1
BHLHE40,-1
RPA1,-1
OR51G2,-1
IDO1,-1
ZNF556,0
HMMR,-1
CYP7B1,-1
AP3M1,-1
MBD6,0
CUL2,-1
RPL18A,-1
SOS1,-1
PPP1R9B,-1
SETD5,-1
EIF2AK2,0
REV1,0
ZNF592,-1
MYH14,-1
ZNF449,-1
WNT7B,-1
KCNJ3,-1
ZNF653,-1
SLC29A2,-1
RBPJ,-1
ELL2,-1
NLRP7,-1
EMILIN1,-1
FOSB,-1
ARID3A,0
OR1L3,-1
POLR2A,-1
SREK1,-1
RBM22,-1
VPS8,-1
TSNAX,-1
MCM2,-1
DIS3,-1
BCAR3,-1
CNTRL,-1
OR10G3,-1
EWSR1,1
RHOBTB1,-1
NAP1L2,-1
KNTC1,-1
TCF20,-1
FOXR1,1
CA5A,-1
OTOF,-1
ZNF850,0
SYVN1,-1
KRT82,-1
SEMA4F,0
PMPCA,-1
FLT1,-1
ARID2,1
TIPARP,-1
COL9A1,-1
SRP9,-1
FAM86B1,-1
ARHGEF17,-1
RHBDD2,-1
SH3GLB1,0
EPB41L3,-1
CHRM2,-1
R3HDM1,-1
LRIG2,-1
PANK2,-1
RAD50,-1
SCYL3,-1
CRBN,-1
CPT1A,-1
CR2,-1
RCL1,-1
SNX27,-1
FBXW8,-1
RABGGTB,-1
LETM1,-1
PCDHB15,-1
SLC30A6,-1
ECHS1,-1
TNFRSF11B,-1
CMKLR1,-1
JUP,-1
CD55,-1
PPFIA4,-1
ZNF189,-1
ITGAD,-1
RTN3,-1
GIGYF2,-1
PPM1E,0
RNMT,-1
PAQR5,-1
HSPA1L,-1
L3MBTL4,-1
PROCR,-1
OR5K4,-1
FOXD4L1,-1
LILRB3,-1
DNAH5,-1
MEMO1,-1
KIF18B,-1
KCNU1,-1
PLCB1,-1
GJA8,-1
SYNE2,-1
NAA40,-1
HPS6,-1
HSP90B1,-1
SSTR3,-1
WDR20,-1
GSPT1,-1
SULT1C4,-1
ITGAX,-1
GPR35,-1
PDE4DIP,-1
DSCC1,-1
PPP2R5B,-1
IGSF1,-1
ENOX1,-1
SPTBN1,-1
NVL,-1
COL27A1,-1
STMN3,-1
CASK,-1
IFNA1,-1
NPHS1,-1
CLDN16,-1
KCNA3,-1
TDRD6,-1
ACVR1,1
CBLB,1
OMD,-1
TRIO,-1
RBM11,-1
PCDHGA3,-1
RFPL4A,-1
ZW10,-1
SVOPL,-1
MDC1,-1
PCDHB13,-1
TAB1,-1
UBR5,1
SYNE1,-1
RIMS1,-1
IDH3G,-1
STX11,-1
DGKG,-1
ANXA4,-1
HAP1,-1
PDHB,-1
PLA2G10,-1
INCENP,-1
CRP,-1
CLASP2,-1
PTPN13,1
TLL2,-1
SGK3,-1
DLC1,-1
MAP1S,-1
BEST3,-1
MYL10,-1
POLR1A,-1
RPS13,-1
SERPINA12,-1
EPHA5,-1
APOL2,-1
ZNF347,-1
MRAS,-1
OR4E2,-1
EPHA6,-1
SURF4,-1
SLC9A1,-1
PRICKLE2,-1
APOBEC3B,1
ATP10D,-1
OR10H5,-1
RBBP5,-1
ZFP28,-1
RANBP2,1
DAAM2,-1
HNRNPA2B1,1
HDAC7,-1
TAS2R38,-1
CTH,-1
USP13,-1
HECW2,-1
PHKA2,-1
OR2T33,-1
FGF6,-1
ORMDL3,-1
OR4D2,-1
ARHGAP23,-1
TIAM1,-1
A1CF,1
PARVA,-1
OR51B4,-1
OTUB1,-1
PRPF3,-1
REXO1,-1
EGFR,1
PANK1,-1
OR52E4,-1
BSX,-1
SIN3A,-1
ZNF480,-1
SEC16B,-1
MMP20,-1
KAT5,-1
NCOA2,1
USP45,-1
KCNH1,-1
TRAV17,-1
XPNPEP2,-1
SPIRE2,0
PGR,-1
TWF2,-1
CPSF6,-1
ZBTB49,-1
C2CD3,-1
MYO6,-1
PIWIL4,-1
MYOF,-1
GALNT4,-1
CCDC14,-1
AHNAK2,-1
TAC3,-1
FGFBP1,-1
CEP76,-1
IGHV1-45,-1
HECTD2,-1
ARSG,-1
RPS6KA3,-1
UNC13D,-1
RAB34,-1
ZNF609,-1
AUNIP,-1
CD1B,-1
CFH,-1
EZH2,1
PRKG2,-1
TOB2,-1
IFIH1,-1
ULK4,-1
SNAPC4,-1
DEDD2,-1
TAC1,-1
ABCC1,-1
NDUFAF1,-1
CHM,-1
RALY,0
OR4F15,-1
MSN,-1
CHRNA1,-1
TRAF3IP2,-1
ZSCAN1,0
ZNF343,0
NKTR,-1
TMEM115,-1
LRRC55,-1
ZNF398,0
SCP2,-1
UBE2J1,-1
MERTK,-1
WDR24,-1
LRBA,-1
CSNK1G2,-1
PCDHGC3,-1
ARHGEF11,0
LSM14B,0
PRPF40B,1
SLC9A8,-1
FOXJ3,-1
USP37,0
HSPA4,-1
ACR,-1
CHD5,-1
CBFA2T2,-1
PFDN5,-1
ZBTB8OS,-1
TAF4B,-1
BNIP1,-1
SLC9A3,-1
USP32,-1
TRIM63,-1
DLGAP5,-1
SLC35A2,-1
CLDN10,-1
RTTN,-1
OR5W2,-1
POU2F1,0
CRYAA,-1
AP1G2,-1
BAK1,-1
PTPRC,1
OR14I1,-1
COL8A1,-1
PDIA6,-1
LOXL3,-1
TBCD,-1
GTF2I,-1
PCDH17,-1
CD53,-1
OR8B8,-1
KDM4D,-1
CHMP2A,-1
CLINT1,-1
GPC3,1
CCPG1,-1
POLG2,-1
FUBP1,1
EXOC6,-1
ZMYM2,-1
IGHV3-20,-1
OR3A1,0
CHPT1,-1
IMPDH1,-1
CCNB2,-1
UNC13B,0
SCNN1B,-1
CRYZ,-1
KCNA6,-1
XPO1,1
RBM39,-1
SIPA1L1,-1
FLYWCH1,-1
ZNF766,0
HENMT1,-1
TP63,1
RCC1,0
CNTN1,-1
MUSK,-1
POP7,-1
TFAP2D,-1
PPRC1,-1
NDST2,-1
IRF2,-1
IFNA13,-1
USP6NL,-1
ARHGEF25,-1
TRIM8,-1
RDX,-1
TRIM55,-1
RIPK2,-1
KLF11,-1
GRN,-1
ABCB8,-1
RHAG,-1
WDR62,-1
PSMC5,-1
ARHGEF7,-1
BACH1,-1
SON,-1
SLC25A23,0
ZNF358,-1
ONECUT1,-1
OR8G1,-1
TIMMDC1,-1
SIPA1,-1
RNF10,-1
LRFN4,-1
SLC13A2,-1
AMHR2,-1
PNLIP,-1
ITIH2,-1
MRPS9,-1
PIK3R4,-1
ENC1,-1
GSN,-1
NTRK2,-1
FAP,-1
UBA7,0
MYO9A,-1
LIG1,-1
SLC10A7,0
ASB3,-1
SLC7A11,-1
PGK1,-1
HNRNPUL2,0
PTGIR,-1
GLI1,1
ELK3,-1
ATP8B2,-1
VCAN,-1
UBXN11,-1
KIAA0586,-1
NFXL1,0
MAB21L2,-1
CIR1,-1
FGD5,-1
KCNA1,-1
RAPGEF1,-1
USP24,-1
FES,1
NUDT10,-1
TSEN54,-1
TSHZ1,-1
RGS6,-1
ZP2,-1
NELL1,-1
CCAR1,-1
GRK6,-1
IGHV1-18,-1
MYO1A,-1
IL1RL2,-1
CLSPN,0
ZMIZ1,-1
DOCK6,-1
OR10AG1,-1
DDA1,-1
HCFC1,-1
RGL1,-1
LAMC2,-1
SYNGAP1,-1
SEC11A,-1
SCN10A,-1
ZCCHC8,-1
LILRB1,-1
IL27RA,0
ZNF20,-1
LRWD1,-1
PLXNA4,-1
UVSSA,-1
ZKSCAN1,0
ANKLE2,-1
IL6ST,1
TRBV27,-1
OR5M11,-1
EPHB1,-1
PDCL,-1
MFSD8,-1
TRAM1,0
CETP,-1
ZNF136,-1
CDH18,-1
EPHA10,-1
CDH1,1
EXOSC10,-1
BNC1,-1
NRG1,1
AKAP11,-1
TGIF2LX,-1
LCE1B,-1
ATF7IP2,-1
FLG,-1
PWWP2A,-1
ELK1,-1
OR2W1,-1
CLDN5,-1
SERPING1,-1
SLC30A5,-1
BID,-1
SCN11A,-1
IGFBP4,-1
ZSCAN18,0
OTUD4,-1
CAPN11,-1
SEC16A,-1
TFDP3,-1
OR5V1,-1
RPL3,-1
LY96,-1
NOL12,0
GRWD1,-1
WDR36,-1
KIF2B,-1
IRF2BP1,-1
SLK,-1
MSTN,0
PIKFYVE,-1
TMOD3,-1
TIE1,0
CLC,-1
OGFOD1,-1
DPP9,0
ZNF649,-1
OR1N1,-1
ZNF408,-1
TULP4,0
SNRPN,-1
PIK3C3,-1
SPSB1,0
ACAP2,-1
SMARCA4,1
ZKSCAN3,-1
SUPT3H,-1
SYCP1,-1
ISY1,-1
CLCA1,-1
MLLT1,-1
PKD1L1,-1
MAPKAPK2,-1
CDHR5,-1
KIF13B,-1
MGAT1,-1
MED1,-1
ZNF440,0
SLC7A5,-1
MAST1,-1
SNX14,-1
HACE1,-1
CCNB1IP1,1
KCNJ2,-1
PCDH7,-1
NCF2,-1
AMOTL2,-1
SCN8A,-1
RBMS2,-1
PYCARD,-1
PLA2G12A,-1
MYH2,-1
ARGFX,-1
OR5M10,-1
LTBP1,-1
CDSN,-1
ZDHHC22,0
ANKRD50,-1
OR2H2,-1
RPL10L,0
TTLL4,0
PCDHA12,-1
ZNF709,-1
PHF6,1
AHCYL2,-1
TUBA4A,-1
MATN3,-1
CYP2J2,-1
NUDT19,0
TRIM65,-1
MYH8,-1
PAN2,-1
TCF12,-1
AP3D1,-1
LRP1B,1
POM121C,-1
OR4K17,0
PRG2,-1
ARHGAP35,-1
HNRNPL,-1
AVIL,-1
MUC21,-1
COQ6,-1
DNTT,-1
MN1,1
NXF5,-1
ZNF624,0
HOXD3,-1
TPSD1,-1
SUN2,-1
ZFC3H1,-1
NDUFA10,-1
GPR119,-1
OR5AU1,-1
MRPL38,-1
PADI2,-1
INSRR,-1
NUP85,-1
ICAM2,-1
PHAX,0
MCCC1,-1
ATG2B,-1
OR51T1,-1
HPN,-1
IGHV3-49,-1
KIF22,-1
OXSM,-1
RBM26,-1
WDHD1,-1
KHDRBS1,-1
STAT1,-1
RIC8B,-1
SLC4A5,-1
SSBP2,-1
ETFB,-1
FZD1,-1
LPAR6,-1
SPP2,-1
ZNF616,0
METTL16,-1
OR4D5,-1
RPA4,-1
SLC30A3,-1
BMP5,1
ROPN1B,0
CACNA1A,-1
DENR,-1
USE1,0
PKN3,-1
XDH,-1
SLC26A2,-1
PHF20L1,-1
RC3H1,-1
L3MBTL2,-1
BMP1,-1
RPH3AL,-1
PTPN2,-1
PSMB11,-1
METTL3,-1
PPP2R2B,-1
CREB5,-1
ALYREF,-1
TRIP12,-1
TKT,-1
DZIP3,-1
IFNL3,-1
RGL2,-1
HYAL2,-1
BACH2,-1
NMT1,-1
GC,-1
CACNG3,-1
COQ5,-1
AMBP,-1
PXN,-1
POLR3B,-1
ABCC4,-1
CYP8B1,-1
LHX8,-1
MAPK15,0
PDE10A,-1
GAPDHS,-1
KIAA0319,-1
FIG4,-1
GGA3,-1
IGKV1D-16,-1
IRX5,-1
ZNF101,-1
MRPS15,-1
SCN1A,-1
PITRM1,-1
KIF14,-1
PYCR2,-1
ESRP2,-1
RPS26,-1
ARHGAP4,-1
FAT2,-1
