genename,label
PRDM14,-1
ZBTB17,-1
PRDM12,-1
DDX11,-1
POTEE,-1
RBL1,-1
SIGLEC1,-1
RFC1,-1
INIP,-1
ACTA2,-1
IDH3A,-1
HADHA,-1
MNDA,-1
ITSN1,-1
GRIN2A,1
LPP,1
CHD2,1
PLCB4,-1
SPATA16,-1
PIK3C2A,-1
MMRN2,-1
ZFYVE16,-1
GPR83,-1
NKD2,-1
CYSLTR2,1
NEFM,-1
GPR68,-1
HELB,-1
SENP3,-1
CXCR1,-1
PKLR,-1
OR8U1,-1
ACSM4,-1
SLCO1B1,-1
ARHGAP28,-1
TBX20,-1
CATSPER4,-1
ENPP2,-1
GPX4,-1
DMRTB1,-1
ALOX15B,-1
OR6C4,-1
KRT7,-1
PRAME,-1
SNX13,-1
IGHV4-31,-1
GDF10,-1
RNF34,-1
DCN,-1
FGF7,-1
OR8H3,-1
G3BP1,-1
SERPINA11,-1
THBS4,-1
RAB11FIP4,-1
MPP1,-1
FZD3,-1
AKAP5,-1
NR3C2,-1
HGF,-1
SP110,-1
PFKFB4,-1
NAP1L1,-1
LMAN1,-1
MAP1B,-1
NLRC5,-1
ZNF574,0
PRICKLE3,-1
B3GNT3,0
SPATA5,-1
CYP26B1,-1
GTSE1,0
BEND3,-1
KLRG1,-1
NUDT21,-1
SEC31B,-1
GPR6,-1
GPBAR1,-1
EIF3M,-1
KRT13,-1
NFKBIE,1
ZFHX4,-1
TNRC6C,-1
CBX4,-1
KRT15,-1
STX4,-1
VRTN,-1
NDRG4,-1
CTBP2,-1
MMS22L,-1
TINAGL1,-1
ZEB2,-1
RGS3,-1
LGALS9,-1
SYCE1,-1
SYNJ2,-1
COQ9,-1
RLIM,-1
GMEB2,-1
IGHV3-23,-1
SUPT5H,-1
RNF40,-1
PKD2,-1
CEP41,-1
SRGAP1,-1
INPP1,-1
MRPS35,-1
FGFR4,1
TRIM3,-1
MTDH,-1
SCNN1G,-1
ACTN4,-1
C8B,-1
BAHD1,-1
ARHGAP5,1
FBXO41,-1
FBF1,0
PREX1,-1
NRROS,-1
PRRC2A,-1
PPP4R2,-1
PPFIBP2,-1
DLL1,-1
RGL3,-1
SRSF11,-1
MMP3,-1
TPO,-1
OR11G2,-1
FPR3,-1
GLRA1,-1
TECTA,-1
RBM25,-1
CD63,-1
BTK,1
HTR1E,-1
TNFRSF11A,-1
ZNF142,-1
GPRC6A,-1
SUZ12,1
WDR48,-1
OR5M8,-1
ILF3,-1
ABHD5,-1
EIF2S3,-1
HM13,-1
EDIL3,0
FMNL2,-1
GRB7,-1
KIR2DL1,-1
HTR3E,-1
EZR,-1
OR51E1,-1
OR9G1,-1
SLITRK4,-1
CACNA2D3,-1
TLN2,-1
LPAR3,-1
ZSCAN25,0
MCOLN2,-1
PPP1R12C,-1
ZSCAN22,-1
TFEC,-1
NEU4,-1
C4BPA,-1
CDC20B,-1
STIP1,-1
TRIM26,-1
GFPT1,-1
KDM4E,-1
EMB,-1
GCNT1,-1
KRT33A,-1
LAMB1,-1
OR2Z1,-1
BRD1,0
CCT5,-1
ZIC2,-1
HOOK2,-1
CAMK4,-1
SLC6A19,-1
KLC4,0
DAB2IP,-1
PALLD,-1
INHBA,-1
TAOK2,-1
RTP2,-1
KRTDAP,-1
DISP1,0
CPT1C,-1
OR13C5,-1
PDS5A,-1
MEIS3,0
PRKCA,-1
CYP2C19,0
TNFSF11,-1
WDR43,-1
COL17A1,-1
KRT86,-1
ENO3,-1
XCR1,-1
MESP2,-1
CCDC47,-1
F5,-1
HLA-DPA1,-1
KCNH6,-1
DISC1,-1
CYLD,1
SELPLG,-1
CTU2,-1
OR5D16,-1
C3AR1,-1
PLCG1,1
SAG,-1
FOXE3,-1
LEPR,-1
MBOAT1,-1
SYT1,-1
TBX22,-1
DYNC1I1,-1
ADCY10,-1
NCAPG,-1
IGKV4-1,-1
RSF1,0
CDKN1A,1
OR2A2,-1
FSTL1,-1
DKKL1,-1
SLC36A3,0
TEAD4,-1
MTTP,0
SLC26A4,-1
LSM14A,-1
MYO3A,-1
IP6K1,0
SPHK2,-1
INTS2,-1
TRIM44,-1
LCN1,-1
GAS2,-1
PIGN,-1
RAPGEF3,0
FLNC,-1
KLHL15,-1
TAF7L,-1
OR51B6,0
ZNF317,-1
MUS81,-1
KCTD15,-1
PKN1,-1
ADAM28,-1
DOCK5,-1
ZNF207,-1
MPEG1,-1
SETD6,-1
DES,-1
ENTHD1,-1
RUFY2,-1
ZNF280C,0
HOXD10,-1
LRP3,-1
RAMP3,-1
F13A1,-1
PCDHA7,-1
SLURP1,-1
CDK20,-1
OR2B6,-1
WNT2,-1
HSPA6,-1
MRPL30,-1
ZC3H18,0
OR1E2,-1
EPHX1,-1
CAPN13,-1
GPS1,-1
AHDC1,-1
ACHE,-1
KMT2D,1
VEGFA,-1
KCTD16,-1
FFAR1,-1
ZNF492,-1
COL3A1,-1
GBX1,-1
AMER3,-1
KIF4A,-1
MPP4,-1
ALPP,-1
SERPINA7,0
UBA1,-1
EPHA4,-1
CTR9,0
PCK1,-1
IL7,-1
IL16,-1
DSCAM,-1
GJC1,-1
NUP54,-1
MVD,-1
MAST3,-1
ROCK1,-1
MICALL1,0
UCHL3,-1
OR10S1,-1
ABCF1,-1
RTP1,-1
CALHM2,-1
TUBB2A,-1
CAND1,-1
FECH,-1
TRAP1,-1
KIF5B,-1
B4GALT2,-1
PPID,-1
PDE6C,-1
LPAR4,-1
ASGR2,-1
POU5F1,1
OR10G7,-1
CHD3,-1
ZNF860,0
AHCY,-1
IRAK1,-1
KRT23,-1
DOK5,-1
DGKZ,-1
ARSD,-1
ZNF263,-1
MED12L,-1
THRB,-1
MARK3,-1
ZNF491,0
LAMA2,-1
MUC5AC,-1
AMBN,-1
PANX1,-1
GPR141,-1
MBTD1,0
AK7,-1
LYST,-1
PCDH15,-1
TJAP1,-1
OR2L13,-1
ATP6V0A1,-1
DNAH17,-1
FOXR2,-1
RGS1,-1
SMG9,0
NCOA1,-1
POGZ,-1
FBXO22,-1
OR4Q3,-1
GLRX,-1
VARS2,-1
CTSD,-1
POLR2E,-1
CDK5RAP2,-1
HCAR2,-1
DCLRE1A,-1
ACTL8,0
OR2Y1,-1
UBR4,-1
EIF3J,-1
OR2C3,-1
RAB17,-1
OPRK1,-1
ARFGAP2,-1
HOXA2,-1
PSMA3,-1
OR6C68,-1
PTPN21,-1
AQP12A,-1
SETD3,-1
SH2D3A,-1
ZNF528,-1
ARRDC4,-1
DMAP1,0
SLC4A2,-1
PLSCR1,-1
FBXO24,-1
NMT2,-1
ASIC4,0
FBXO7,-1
SYT6,-1
PADI3,-1
CHTF18,-1
CYP19A1,-1
ESCO1,-1
PSG7,-1
C5AR2,-1
PLK2,-1
TRBV19,-1
KCNA10,-1
CDH24,-1
ICAM1,-1
AXIN2,1
IL1RAPL1,-1
COL4A5,-1
JADE1,0
PPP4R1,-1
RAP2A,-1
VRK3,0
MUC7,-1
HOXC9,-1
DNA2,-1
PRKDC,-1
LTBR,-1
DICER1,1
TAB3,-1
DSC1,-1
CAP2,-1
CHKB,-1
OSBPL2,-1
LAMP1,-1
CAD,-1
RPE,-1
ARSH,-1
TIMP3,-1
UQCRC1,-1
SETD2,1
MMP21,-1
SPDYC,-1
OR9A4,-1
CAPN3,-1
FUCA1,-1
VPS26B,-1
ALG10B,0
OR52R1,-1
EXOC4,-1
NELFA,0
CCR1,-1
GJB5,-1
SECISBP2,-1
IGF2BP3,-1
OR2A12,-1
ZNRF3,1
SPAG5,-1
PNMA5,-1
NUP214,-1
KIAA1549,-1
FOXP2,-1
RASGRP4,-1
NAA35,0
MCHR2,-1
ADAMTS10,-1
AREL1,-1
WFIKKN2,-1
OR6F1,-1
PLA1A,-1
COL4A1,-1
RBBP6,-1
KCNJ12,-1
HSF1,-1
FZD9,-1
BPIFB2,-1
RSU1,-1
OR1A1,-1
SCAF4,-1
MYPOP,-1
KCNJ5,1
JAG1,-1
ALOX15,-1
CEP152,-1
GID4,-1
SLMAP,0
CERS6,-1
SRPK1,-1
GPR176,-1
HNRNPU,-1
OR2M2,-1
OR2T11,-1
COL22A1,-1
HLA-DMB,-1
CPA4,-1
OR6Q1,-1
SNAP25,-1
BBS7,-1
ARHGAP25,-1
PCDHGA9,-1
BTN1A1,-1
HPSE2,-1
OR52A1,-1
NOC2L,-1
FGB,-1
CDC42EP4,-1
WRNIP1,-1
RICTOR,-1
GRHL2,-1
LRP8,-1
PRSS55,-1
ACSL6,-1
RNF133,-1
GPR139,-1
THOC1,-1
TBL1X,-1
GM2A,-1
RELN,-1
ZNF341,-1
OLIG2,1
CD33,-1
STAG1,1
UMOD,-1
CYP11A1,-1
LIPG,-1
COPG1,-1
DCAF15,-1
SERPINB12,-1
DUSP5,-1
RPS6KA1,-1
ANLN,-1
NIM1K,-1
NPY4R,-1
SLC6A16,-1
CD300A,0
ARSI,-1
P2RY2,-1
CRTC2,-1
HCN1,-1
ZNF564,0
BRD9,-1
ATL1,-1
TRIOBP,-1
BCLAF1,1
HHAT,-1
OR51D1,-1
FKBP5,-1
FAM83A,-1
CNR2,-1
PRSS22,-1
ZNF362,-1
ITGA3,-1
IL17RA,-1
RASSF2,-1
PANK4,-1
ECE2,-1
SEC23B,-1
RRP8,-1
NHS,-1
TUBA8,-1
DIAPH3,-1
ZNF638,-1
ZNF445,0
DNAJC11,-1
PTPRF,-1
PFDN4,-1
TRIM11,-1
SOCS2,0
GIMAP7,-1
NDN,-1
TTLL12,-1
PIWIL2,-1
IL5RA,-1
MSH6,1
TRIM56,-1
NANOG,-1
DNAAF1,-1
NFIL3,-1
EHHADH,-1
EHMT2,-1
DENND4B,-1
CLTCL1,1
TPR,-1
SLC39A2,-1
CLCN7,-1
EPM2A,-1
ADIRF,-1
IFNB1,-1
CEP250,0
OGDH,-1
HTR3A,0
ATP12A,-1
ASB8,-1
ITGB4,-1
RABEP1,-1
EXTL1,-1
TAS1R1,-1
KRT36,-1
RBBP4,0
BCOR,1
EMC1,-1
EMILIN2,0
PIF1,-1
NCR1,-1
CDX2,1
CAND2,-1
OR52I2,-1
CTDSP1,-1
IFITM1,-1
TBC1D22A,-1
CASQ2,-1
LRRC41,-1
PPM1J,-1
CSPG4,-1
PRPSAP1,-1
SAMHD1,-1
CDH19,-1
LPA,-1
CHST13,-1
PLA2G4A,-1
NEUROG2,-1
ERBB4,1
ZNF213,-1
TRAV8-1,-1
ZNF124,-1
PLA2G6,-1
P2RX4,-1
SLC12A3,-1
RIPPLY3,0
EHD3,-1
ARAP3,-1
RBM38,-1
FBXW7,1
ELOVL2,-1
GDF2,-1
SERPINA9,-1
G6PD,-1
MYLK,-1
ATF2,-1
NCOA6,-1
ZSWIM8,-1
HBE1,-1
CDC42EP1,-1
KMT2C,1
EPAS1,1
ATXN7,-1
ELSPBP1,-1
TYSND1,-1
ERN2,-1
PCDHGA1,-1
PGK2,-1
LEFTY2,-1
NCAM1,-1
SULF1,-1
ZNF407,-1
SERPINB10,-1
GLRA3,-1
CASP14,-1
MYBL1,-1
DNMT3A,1
MOGS,-1
ADH7,-1
RRH,-1
CDK6,1
DNAH8,-1
SGCA,-1
PTGER3,-1
COL4A2,-1
GPR34,-1
NR4A1,-1
ARHGEF6,-1
CHRNB3,-1
SPAG16,-1
SEMA3E,-1
RPN2,-1
SYCP2,-1
ANAPC1,0
TCTN1,0
GABRP,-1
SRP72,-1
AMPH,-1
SEMA3D,-1
USP15,-1
ZNF283,0
KCNK5,-1
SLC16A13,0
KLHL8,-1
CSNK1G1,-1
KIF21A,-1
PRMT3,0
DENND4C,0
UBR1,-1
WWC1,-1
FERD3L,-1
VNN1,-1
GLB1L3,-1
GPR85,-1
BRINP3,-1
OR5H2,-1
GIGYF1,-1
GOLGB1,-1
PITPNB,-1
SLC8A3,0
ALDH3A1,-1
PPP2R5E,-1
CLCNKB,-1
LGALS3BP,-1
GLRA2,-1
ATP13A3,-1
SDC2,-1
REPS2,-1
CCND2,1
GBP3,-1
OR5AK2,-1
KLHL7,-1
ZNF623,0
PI4KA,-1
ERBB2,1
SCUBE1,-1
GGT5,-1
HEXB,-1
MEGF8,-1
F9,-1
NAPB,-1
IGKV3D-11,-1
LCE1F,-1
DSP,-1
AKR1A1,-1
KRT14,-1
SLC22A5,-1
BAZ2A,-1
PRSS36,-1
XK,-1
FLG2,-1
FASTKD5,-1
USH1G,0
PAX2,-1
GIMAP5,-1
CDH17,1
AKAP1,-1
SCTR,-1
YBX2,-1
SLX4,-1
NEDD4L,-1
STK40,-1
TMPRSS7,-1
TIAM2,-1
AQP12B,0
PNKP,-1
CHAF1B,0
TLE1,-1
HECW1,-1
SFXN5,-1
IL20RB,0
DPEP3,-1
PAX3,1
EBF3,-1
NRXN2,-1
RPH3A,-1
CEP55,-1
GNRHR,-1
HS6ST3,-1
ESAM,-1
IGF2R,-1
ARHGAP20,-1
TMCC2,0
TRPV4,-1
OR4C11,-1
PLK4,-1
RASSF6,-1
TBX5,-1
SMARCAL1,-1
ZKSCAN5,-1
ATP8B3,-1
KSR2,-1
PARK2,-1
MTMR12,-1
MAP7D2,-1
SOS2,-1
PISD,-1
ENG,-1
IQSEC3,-1
WT1,1
MAGEB2,-1
LAMC3,-1
OR1I1,-1
ERN1,-1
WDR75,-1
IFIT2,-1
NEU1,-1
PARP3,-1
RBM19,-1
SCNN1A,-1
LTN1,-1
FBXL16,-1
DCLK1,-1
UGT2B28,-1
SLAMF6,-1
LGALS8,-1
CHAF1A,-1
DBH,-1
FARSA,0
FOXM1,-1
RASA1,-1
GABRR1,-1
COL26A1,0
CEP97,-1
NYAP2,-1
TRPC7,0
FAM32A,-1
IRS4,1
PTPN3,-1
ELFN2,0
CIDEA,-1
ADAM23,-1
FADS1,-1
IGHA2,-1
SRCIN1,-1
BMP6,-1
TAS2R1,-1
MTR,-1
HRH2,-1
OR51V1,-1
CENPJ,-1
NUAK2,-1
CHD9,-1
NOS3,-1
IMPACT,-1
WDFY3,-1
GPR4,-1
SH3GL2,-1
PEG3,-1
ZNF100,-1
FAM83H,-1
EBF1,1
TINF2,-1
OR52H1,-1
MYCN,1
MPL,1
TRERF1,-1
ANKRD52,-1
OR5C1,-1
SLC1A2,-1
TMEM135,-1
THEMIS,-1
MOB1B,0
RHOQ,-1
ZYX,-1
RPS6KL1,0
LCE1E,-1
SP100,-1
DDR1,0
OR4P4,-1
TERT,1
KCNAB1,-1
CDKN2AIP,-1
TRAPPC10,0
UPK1B,-1
ZNF257,-1
CHEK1,-1
ABCB1,-1
PRPF40A,-1
TLR3,-1
SLC19A1,-1
LUZP4,-1
RBL2,-1
RGPD4,-1
TRBV7-6,-1
TUBB4A,-1
PSG9,-1
PTH2R,0
FAT1,1
ZNF711,-1
EPO,-1
MSR1,-1
PRKCQ,-1
FBP2,-1
SEC31A,-1
ABCA13,-1
HDLBP,-1
GPR82,-1
PPP1R15A,-1
PDZRN3,-1
SLC17A6,-1
CHD4,1
LMAN2,0
CARD6,-1
RNF8,-1
IRF5,-1
UPK1A,-1
AKR1B10,-1
GUCY2F,-1
SV2C,-1
CELA3B,-1
EML1,-1
MRC2,-1
YTHDF2,-1
EDA2R,0
NRG4,-1
CLSTN1,-1
CD38,-1
YEATS2,-1
SEMA4B,-1
IL2,-1
TUBG2,-1
PIK3CG,-1
HAUS7,-1
GAS6,-1
OXA1L,-1
TPSAB1,-1
RAD54L,-1
ZNF93,-1
NPR2,-1
CAMKK1,0
PITX2,-1
RSPO4,-1
APLNR,-1
OR52E2,-1
CFL2,-1
OR2M3,-1
DLEC1,-1
L3MBTL1,0
RIMS3,-1
UBASH3A,-1
PSG11,-1
PHRF1,-1
AKTIP,-1
PLS1,-1
GGTLC1,-1
OR52K2,-1
LTF,-1
OR6B1,-1
KRT27,-1
SLCO2A1,-1
CUX1,1
PDIA4,-1
IKZF3,-1
NTF4,0
OR52L1,-1
SPDYE1,-1
PIK3AP1,-1
MAPK4,-1
ABL1,1
LDHAL6A,0
RNASE4,-1
SHC2,-1
CD300C,0
FZD5,-1
DCLRE1B,-1
KDM5A,1
NTN1,-1
TRIM13,-1
LRRC32,-1
ZNF597,-1
STOML3,-1
MEP1A,-1
SLC22A17,-1
DMBT1,-1
EMC2,-1
CD22,-1
AP4M1,-1
BNC2,-1
KDM5D,-1
ZNF607,0
BRCA2,1
DDX20,-1
CREBL2,-1
ASB2,-1
NUDCD1,-1
GALM,-1
CAMTA1,1
LMBR1,-1
ITCH,-1
GNG5,-1
ZNF215,-1
OR2G2,-1
TAS2R41,-1
ARHGEF19,-1
PTPRM,-1
CLCNKA,-1
FLCN,1
UGT3A2,-1
LSM11,-1
SLC39A4,-1
ZNF554,0
SIGLEC14,-1
PTGER4,-1
EPPIN,0
UBASH3B,-1
MYCT1,-1
MID2,-1
DOT1L,-1
MAN2B2,0
TRPC6,-1
CTSW,-1
ZIC1,-1
KRT74,-1
CTBP1,-1
YIPF5,-1
GTF2H4,-1
ADCY1,-1
DENND3,-1
INPP4B,-1
AXL,-1
OR4C15,-1
PPBP,-1
MMP13,-1
DDX23,-1
DGKE,-1
FOXP1,1
TSPY8,-1
RFX2,-1
OBSCN,-1
PCDHGA2,-1
ZBTB10,0
HOXA7,-1
HSD3B1,-1
ARHGEF28,0
PDCD11,-1
OR5B17,-1
ART4,-1
PCDHGB1,-1
CFHR2,-1
DPPA3,-1
OPN1SW,-1
ADAMTS12,-1
RBM6,-1
SPTB,-1
TRAK1,-1
PAAF1,0
CADM3,-1
PCDH20,-1
PAX8,-1
NR2C2,-1
CTDP1,-1
TRIM22,-1
SNAP91,-1
CCR4,1
COL5A2,-1
HAPLN3,0
GALR1,-1
IL1B,-1
DDX10,1
TPRN,-1
TMPRSS4,-1
DMPK,-1
CYBB,-1
COL1A2,-1
SERPINB11,-1
AGRN,-1
ATG13,-1
GLIS1,-1
ALDH1L2,-1
NKD1,-1
TCF4,-1
MAP7,-1
DST,-1
WDR45,-1
WNK4,-1
SDR16C5,0
ZNF280B,0
CHRNB1,-1
ZNF536,-1
MAP3K1,1
GFRA1,-1
OR2V2,-1
KCNA7,-1
PARP8,-1
EXTL3,-1
ARHGEF10L,1
BCAN,-1
PRCC,-1
IDH2,1
HMOX1,-1
EP400,-1
PDGFRA,1
CHML,-1
ANXA6,-1
POLR2B,0
CCP110,-1
KRT73,-1
C7,-1
PDIA2,-1
SLC16A6,-1
SS18,-1
OR52D1,-1
CCR8,-1
TRAPPC12,-1
TNN,-1
NLRP3,-1
SIM2,-1
CHD1L,-1
BCL6,1
OR7D2,-1
NPBWR2,0
AGO2,-1
IL1RAPL2,-1
CLNK,-1
FEZF1,-1
TADA2B,-1
MUC4,-1
FMN1,0
MCTP2,-1
F10,-1
ASH1L,-1
CARD11,1
CDYL2,0
ZNF324,-1
TADA2A,0
ACTR6,0
MMD,-1
FRG1,-1
IMPDH2,-1
MVP,-1
PARP10,0
MYO5B,-1
MRPL23,0
IKZF1,1
HERC1,-1
OR8D4,-1
DDB1,-1
XYLT2,-1
AIM2,-1
BARD1,1
CEP290,-1
COL4A3,-1
NOC3L,-1
STS,-1
HSD11B1,-1
IGLV2-11,-1
LMX1A,-1
MAGI1,-1
ATP6V1A,-1
SBK1,0
TSC22D1,-1
TBX3,1
TRBV28,-1
UVRAG,-1
COL19A1,-1
ABCA5,-1
EFNA3,-1
PRKAG2,-1
FYN,-1
CNTN4,-1
LMO7,-1
ACBD3,-1
FKBPL,-1
BTBD1,0
SLC26A11,-1
ZXDA,-1
HR,-1
PSG3,-1
CNTN5,-1
PEX19,-1
OLFM2,-1
MGAT2,-1
TBXAS1,-1
USP38,-1
TXN2,-1
FIZ1,-1
COL6A5,-1
SALL4,1
ZMYND8,-1
DBF4B,-1
SLAMF8,-1
ZKSCAN2,-1
TICRR,0
MICALL2,0
EDC3,-1
CFP,0
PVR,-1
CD2,-1
ESPL1,-1
MMAA,-1
TUBB1,-1
NF1,1
CD5,-1
RORC,-1
ZFAND2B,-1
VPS41,-1
SPC25,-1
NUP62,-1
TFPT,-1
DNMBP,-1
ATM,1
NUFIP2,-1
OR4C13,-1
CHRND,-1
ITGAM,-1
ZNF197,-1
GID8,-1
PIBF1,-1
PCNT,-1
SPG7,0
MIOS,-1
CTNNA2,1
PRKAG3,-1
PCDHGA8,-1
LPIN3,-1
RAB3GAP2,-1
GPR143,-1
FBLIM1,0
LRRC7,-1
GCAT,-1
NCBP2,-1
OR3A2,-1
ZNF776,-1
SLC26A5,-1
NALCN,-1
YARS2,-1
ZBTB33,-1
PCDHGB6,-1
TRIM52,-1
SIX4,-1
KIF13A,-1
SLC3A1,-1
ZBTB24,-1
PDS5B,-1
MMP2,-1
CELF5,-1
CHMP4C,-1
AGPAT2,-1
UBA6,-1
TAS2R10,0
OR1S1,-1
ZC3HC1,0
RAB11B,-1
ADAMTS15,-1
NEB,-1
NHLRC1,-1
CD163,-1
NUP133,-1
SIK3,-1
ADAM9,-1
FAM50B,0
P2RY10,-1
CACNA1H,-1
MAPKAPK5,-1
QRFP,-1
CTNNA3,-1
IGLV3-25,-1
CYP3A4,-1
NTNG2,0
GOLGA1,-1
THAP11,-1
FGFR1,1
MYH7,-1
APBA1,-1
SNRNP200,-1
HIBCH,-1
NCAPG2,-1
CDH13,-1
TMEM17,-1
SSX1,1
SBNO1,-1
ACSL1,-1
RSPO3,1
BRD3,1
STYK1,-1
CTC1,-1
BVES,-1
OR4B1,-1
CLK4,-1
CHRM1,-1
CAMSAP1,-1
OR4A16,-1
CCKBR,-1
ZNF335,-1
MRPL1,-1
MAP2,-1
OR5L1,-1
OR5P2,-1
FNIP1,-1
ZBTB25,-1
PPP3R2,-1
MORC2,-1
CILP,-1
KCTD2,-1
TLR6,-1
CPSF1,0
VPS13C,-1
GH1,-1
SLIT3,-1
RGS21,-1
SRPK2,0
SLC30A4,-1
GPLD1,-1
TCF7L2,1
POLD4,-1
EP300,1
BLM,1
MAGEA6,-1
HOXA13,1
SNX8,-1
ZBTB38,-1
CEP120,-1
NOTCH4,-1
ATP2C1,-1
RBP3,-1
ADAM21,-1
TTC21B,-1
MUC6,-1
ZNF692,-1
SLC6A15,-1
STAM,-1
DEPDC5,-1
ACVR1C,-1
OR5H6,-1
PDE8B,-1
MMP14,-1
LILRB2,-1
AMPD3,-1
PPIG,-1
OAS1,-1
KIF15,-1
ABCA2,-1
ANK2,-1
CEP135,-1
AURKA,-1
DPM1,-1
SZT2,-1
GFRA2,-1
POLR3C,-1
ABCB10,-1
PXDN,-1
CEACAM16,-1
PPEF1,-1
VEGFC,-1
RCAN1,-1
DCHS1,-1
GALNT7,-1
PRSS1,-1
CPA6,-1
NTRK3,1
AIFM1,-1
ELN,-1
ZKSCAN7,0
FCRL4,1
NEURL2,0
SAFB,-1
PCDHA5,-1
ACTR3B,0
IGHV4-28,-1
PPP3CB,-1
FANK1,-1
TBPL2,0
CABIN1,-1
PPOX,-1
COL6A3,-1
STRC,-1
SH3BP5,-1
UGT2B11,-1
USP49,0
COL4A6,-1
EFS,-1
MYT1,-1
MID1,-1
LDHAL6B,0
NSD1,-1
WDR83,-1
SLC26A6,-1
MCF2L,-1
KRT32,-1
SERPINA10,-1
TSR2,-1
SLC12A7,-1
INPP5A,-1
PRMT8,-1
PRKAR1B,-1
SCML2,-1
ORAI3,-1
SLC24A3,-1
SLC30A8,-1
GLI2,-1
SERPINB3,-1
PDCD1,-1
CLIC4,-1
ZNF181,-1
CNGA1,-1
USP40,-1
TRIP10,-1
PLXNA2,-1
CD3E,-1
BTRC,-1
PDYN,-1
KRT8,-1
GPNMB,-1
ZBTB37,-1
CHD6,-1
BDP1,-1
OR10X1,-1
FBXO31,-1
DGKD,-1
PEX11A,-1
PLXNB2,-1
LSR,-1
ME3,-1
NPBWR1,-1
CKM,-1
UBTF,-1
ASAP1,-1
CTNND2,1
EMX1,-1
PRPSAP2,-1
MOB3B,-1
STRN,-1
ALS2,-1
FGG,-1
SLC28A2,-1
TP53RK,-1
RANBP10,-1
ADARB2,-1
GALNT8,-1
NOX4,-1
RAB9B,-1
SMARCA2,-1
STRN3,-1
OR52N4,-1
ZNF324B,0
TNPO3,-1
KIR3DL2,-1
ITSN2,-1
OTOA,-1
CANX,-1
ZNF792,0
OSBP2,-1
MYO18A,-1
IL22RA1,0
OR51A4,-1
MED12,1
FEZ1,-1
GTF2H1,-1
HAVCR1,-1
IPO13,-1
DCTN1,-1
NDST4,-1
MAGEA1,-1
DDX5,1
EYA1,-1
GABRB1,-1
ABCA4,-1
NYNRIN,-1
VAT1,-1
PHF8,-1
TGFBRAP1,-1
ARHGAP9,-1
USP35,-1
PPP1CC,-1
ERP27,0
PPFIBP1,-1
TMOD2,-1
CDH15,-1
GALNT16,-1
KIF26A,-1
SLC16A10,-1
NPSR1,-1
IFI16,-1
BRD4,1
SORL1,-1
UNC5A,-1
CTIF,-1
NAV2,-1
COPS3,-1
PCDHGB4,-1
KIF5A,-1
STON2,-1
APOBEC3G,-1
TTC30B,0
IL4R,-1
TDP2,-1
RPS6KA2,-1
EPB41L4A,-1
GBP1,-1
KRT84,-1
RTKN,-1
DNAJA4,0
PNKD,-1
ATP2B2,-1
ZNF461,-1
GFI1,-1
EYA3,-1
TBC1D2,-1
GATA4,-1
PTPRS,-1
ASB9,-1
FBXO15,-1
PTPRH,-1
GAA,-1
SERPINB13,-1
ARHGAP30,-1
KRT6A,-1
PTPRK,1
SPACA1,-1
NPRL3,-1
GJD2,-1
TEX11,-1
LAMC1,-1
TRAF6,-1
OR2T6,-1
ALS2CL,-1
COL9A2,-1
MAG,-1
PARP2,-1
PRICKLE4,-1
COMMD7,-1
PRPF38A,-1
NOP56,-1
NCOA3,-1
PTPRN,-1
PFKL,-1
ERGIC1,-1
ARAF,1
BMI1,-1
PPP2R1B,-1
PRPF4,-1
MYO19,-1
VPS18,-1
HEY2,-1
CUL9,-1
DCLK3,-1
TRMT1,-1
IGFBP1,-1
MDGA2,-1
MICB,-1
AP3B1,-1
BABAM1,-1
MICU1,-1
PHF5A,-1
CACNG5,-1
LAIR1,-1
NES,-1
PHACTR4,-1
PCDHGB3,-1
PCLO,-1
SHC4,-1
AUTS2,-1
FBN1,-1
NPHP1,-1
CASS4,0
SLC44A3,-1
DOCK3,-1
BOLL,-1
OR10R2,-1
TRAT1,-1
CARD10,-1
ITGA4,-1
KCNS2,-1
GRTP1,-1
DCC,1
KLF3,-1
AARS2,-1
ACVRL1,-1
OR2B3,-1
ANO4,-1
RET,1
SLBP,-1
TBL3,-1
FUT5,-1
NDUFB1,-1
OR5B3,-1
IL1A,-1
CHID1,-1
CREB3L1,1
ADCYAP1R1,-1
GCNT4,-1
SERPINC1,-1
BMP3,-1
TSSK3,-1
TLE4,-1
SH3RF2,-1
TRIP11,-1
FGFR2,1
PRDM15,-1
BOD1L1,-1
PUS7,-1
HOXC11,1
HCAR3,-1
OR1F1,-1
SCN5A,-1
ZWINT,-1
SYT2,-1
FANCM,-1
GBX2,-1
TUBGCP6,-1
DNTTIP2,-1
ZNF785,0
FOS,-1
PGLYRP4,0
WNT3,-1
NR2C1,-1
BRDT,-1
DFFB,-1
RBCK1,-1
IBA57,-1
CNGA4,-1
CHRNB4,-1
OR5D13,-1
ESX1,-1
SLC5A7,-1
BRWD3,-1
TPTE,-1
MAGEA11,-1
ZNF239,-1
PCDHGA7,-1
KCNC2,-1
SIGLEC12,-1
NTM,-1
OPHN1,-1
DEF6,-1
PIK3R2,1
SRRM2,-1
CDC42BPB,-1
ARCN1,-1
SH2D3C,-1
ST14,-1
OR1J1,-1
SH2B2,0
TAF1,-1
GSDMB,-1
NCL,-1
PCGF6,-1
PENK,-1
EXD2,-1
GABRQ,-1
ARHGEF10,1
PRDM13,-1
EHF,-1
LPAR5,-1
SPEN,1
OR1L4,-1
ABCC12,-1
AURKAIP1,-1
TESPA1,-1
ARSF,-1
REST,-1
ODF4,-1
HCK,-1
GALNT9,-1
HUWE1,-1
PPIL2,-1
NDUFS2,-1
ATP4A,-1
PIGZ,-1
ATAD5,-1
ZNF665,0
HOXA9,1
CLDN18,0
NCKAP1L,0
EYA2,-1
OR10G8,-1
RASSF9,-1
FREM2,-1
NRF1,-1
RP1L1,-1
ALMS1,-1
CYP2A7,-1
GALNT5,-1
INPP5E,-1
ADM2,-1
BIRC2,-1
METTL5,-1
SEMA3F,-1
IPO4,0
ID1,-1
IGHA1,-1
DUSP9,-1
TCF3,1
MASP2,-1
FOXB2,-1
SCRIB,-1
MED7,-1
HIVEP2,-1
TGM2,-1
RFX4,-1
INTS9,-1
OR10G9,-1
PCSK1,-1
SERPINA4,-1
TRIP6,-1
MAP4K2,-1
RBM10,1
IGHV3-21,-1
TMEM219,0
DDX17,-1
BRMS1,-1
ABHD17B,-1
FBXL5,-1
MAP4K1,-1
WNK3,-1
OR6Y1,-1
FOXN3,-1
PHF20,-1
SMCR8,-1
ADAMTS6,-1
NEIL1,-1
SREBF1,-1
LILRA5,-1
STAT5A,-1
OVOL2,-1
ABCC9,-1
CDC42BPG,-1
FKBP8,-1
FAM83B,-1
SPTAN1,-1
LCE2C,-1
MTHFD1L,-1
IFI35,-1
CBR1,-1
MCRS1,-1
PCSK5,-1
ZBTB20,-1
RGL4,-1
STAT4,-1
DPF2,-1
ZBED2,-1
PRKACG,-1
TEAD1,-1
COG4,-1
FNTA,-1
COL12A1,-1
CD96,-1
TTN,-1
MLXIPL,-1
CAMSAP2,0
SETD9,-1
TRBV20-1,-1
KIF19,0
APLF,0
KRT80,-1
OR5T3,-1
ZIM3,0
SCN1B,-1
C2,-1
PLEKHM2,-1
KRT6B,-1
NOP2,0
TGM1,-1
SMG1,-1
ZNF584,-1
CATSPER2,-1
FFAR2,-1
GNG2,-1
GIPC1,0
PEX6,-1
RPP30,-1
PARD6A,0
FGF5,-1
OR8K3,-1
FLT3,1
OR10A2,-1
NBEA,1
PIAS1,-1
KRT34,-1
CCNG1,-1
ETS1,-1
ATP8B1,-1
PLAG1,1
TOR1AIP1,-1
PEX10,-1
ABCD2,-1
GABRG1,-1
BEND6,-1
CELF6,-1
TNS1,-1
ZFP82,0
STX7,-1
MYO10,-1
ESYT1,-1
CNGA3,-1
MPO,-1
ACTR8,0
SBF1,-1
NDUFA12,-1
HNRNPDL,-1
ATAD2,-1
CDX4,-1
ATXN2L,-1
OR14C36,-1
CLEC4E,-1
MBIP,-1
DAPK3,-1
KBTBD2,-1
WNK2,1
APOO,-1
PTPRT,1
UPF1,-1
NAF1,-1
ADAM19,-1
PAK4,-1
TCHH,-1
SIM1,-1
MMP10,-1
ARHGEF12,1
TOX2,-1
SLC4A1,-1
JMY,-1
DNAJB5,-1
SORCS2,-1
ATG2A,-1
ZNF496,-1
VPS52,-1
NECAB2,-1
GBA2,-1
CYP2E1,-1
CNNM1,-1
IGF2BP1,-1
RUNX2,-1
IGHG2,-1
DMD,-1
NRAS,1
POU4F3,-1
SLC26A3,-1
GPR61,-1
SYTL5,0
POFUT1,-1
RHBDF2,-1
FDPS,-1
SSH2,-1
ZNF28,-1
AHCTF1,-1
ZNF696,0
ME2,-1
OR52N2,-1
SIGLEC10,-1
PARVG,-1
PMVK,-1
KIRREL3,-1
FOLH1,-1
MYBBP1A,-1
CD3G,-1
SPATA13,-1
OR2T1,-1
COLEC10,-1
OR6C3,-1
ZNF354C,0
IGHV2-26,-1
ICAM5,-1
KNG1,-1
FBLN5,-1
ZNF497,-1
TNFSF4,-1
KIR2DL4,-1
SESN1,-1
OR1C1,-1
SLC12A2,-1
VAV2,-1
UNC45B,-1
PLXNA3,-1
TBC1D9,-1
SLC6A4,-1
WEE2,-1
FFAR4,-1
TAF4,-1
PC,-1
SLC12A4,-1
CLEC12A,-1
SLC14A2,-1
HTR2A,-1
OR10A6,-1
SCAF1,-1
MAP3K5,-1
ST3GAL6,-1
DYNLRB1,-1
MYO18B,-1
PIGO,-1
GDI1,-1
IFNG,-1
ITGAE,-1
ACE2,-1
ROBO4,-1
TTC30A,0
MC5R,-1
HMX3,-1
IFNAR2,-1
POU1F1,-1
TYK2,-1
P2RY4,-1
SLC2A9,-1
OPTC,-1
IPO9,0
WNT8A,-1
ZC3H15,0
LAMP2,-1
DPPA2,-1
LONRF2,-1
MYOC,-1
KIAA0226,-1
OSMR,-1
MYB,1
PRCP,-1
ZNFX1,-1
DHH,-1
CLVS1,-1
ZNF71,-1
ITGA2,-1
ANO5,-1
PAX4,-1
CCL2,-1
USP5,-1
HOXB1,-1
OR11L1,-1
SLC6A17,-1
SERTAD2,-1
ASB5,-1
ORAI2,-1
FANCI,-1
ZFHX3,1
SLC44A1,-1
ABCA10,-1
OR1D5,-1
ZNF254,-1
CHGB,-1
ELAVL2,-1
RMDN3,0
TSNARE1,0
KLC3,-1
NKIRAS1,-1
KDM3A,-1
SRSF2,1
LAMB3,-1
NUP205,-1
RAB4B,-1
ZIC4,-1
INO80C,0
DHX35,0
TRPV2,-1
KCNH8,-1
UTP20,-1
SNAI2,-1
GGT7,-1
FIS1,0
TRBV9,-1
ALDH1A3,-1
KLF7,-1
KIF27,-1
IRAK2,-1
RSL1D1,-1
MS4A7,-1
ZNF274,-1
ZNF285,-1
LRP4,-1
DNAH11,-1
TAF6,-1
CHUK,-1
FPR1,-1
HEPH,-1
FOXG1,-1
SF1,-1
LHX3,-1
SENP1,-1
PSD2,-1
RPL5,1
COPB2,-1
COL10A1,-1
ZNF610,-1
TBC1D9B,-1
OR5K3,-1
SPAG9,-1
E2F2,-1
NDUFV3,-1
LIMCH1,-1
BPTF,-1
ISCU,-1
ST3GAL1,0
KCNN1,0
PIPOX,-1
EXOC7,0
CTCF,1
TGM3,-1
OR5D18,-1
GPD2,-1
AKR1C4,-1
CHRM4,-1
PPP1R9A,-1
VPS13B,-1
ADM,-1
OR10W1,-1
ULK2,-1
STK31,-1
CEP72,-1
IWS1,-1
NCKIPSD,-1
SENP7,-1
SIRT3,-1
SENP5,-1
DSG1,-1
ITGA1,-1
FAT4,1
NRIP1,-1
FCRLA,-1
ZNF366,-1
NLRP6,0
IGHV3-64,-1
QSOX2,-1
CYP2D6,-1
OR5I1,-1
MTMR8,-1
IGHM,-1
TLE2,-1
NME8,-1
UGT2B15,-1
CD28,1
DENND1B,-1
KLK6,-1
LHCGR,-1
NOL9,0
PTPRB,1
PLEKHH3,0
PIWIL3,-1
TGFA,-1
ABCA6,-1
SLC11A1,-1
ZNF79,-1
POLQ,1
DGKQ,-1
PIAS2,-1
NEFH,-1
CERS4,-1
ICAM4,-1
TPH1,-1
KLF12,-1
CSNK2A3,-1
OR2K2,-1
KIF17,-1
ZNF155,-1
ZNF530,-1
SYT12,-1
GRIA2,-1
GTF3C1,-1
TBX15,-1
PRPF19,-1
BPIFA1,-1
CYP1B1,-1
TLR9,-1
ZMIZ2,-1
FRAS1,-1
SRMS,-1
TBC1D4,-1
TRAPPC9,-1
ART1,-1
SNX18,0
TRIM29,-1
IL18R1,-1
EIF2B5,-1
CELA3A,-1
RERG,-1
HIPK3,-1
KLHL6,-1
LAMA4,-1
ACOX2,-1
ZNF135,-1
SP140,0
PDE6A,-1
PSMA5,-1
UGGT1,-1
OASL,-1
ACADVL,-1
TRBC2,-1
IQCE,-1
IL2RB,-1
KLB,-1
PSMA8,-1
TOMM40L,0
FXR2,-1
FOXP3,-1
OR5AS1,-1
DRD3,-1
GPR50,-1
KIF1A,-1
ZNF658,-1
PCDHA3,-1
ANKS4B,-1
RAD54B,-1
ZNF169,-1
SLITRK5,-1
QSOX1,-1
DOCK2,-1
SPDEF,-1
TEF,-1
JAK2,1
RFX5,-1
ARHGEF26,-1
OXSR1,-1
CD101,0
RGS9,-1
MTMR1,-1
CD207,-1
POLA2,0
ADAM20,-1
DNAJC4,0
RSPH4A,-1
ASB12,-1
COG6,-1
MYH1,-1
ATP9B,-1
HEATR1,0
OR2L3,-1
TYMP,-1
BCAM,0
OR4A47,-1
USP20,-1
SERPINB5,0
CREB3L3,-1
PDPR,-1
RMND5A,-1
CHST6,-1
TLR4,-1
ZNF569,-1
OR8H2,-1
PCDH12,-1
ZNF521,1
HLA-DQB2,-1
TUBGCP5,-1
GPR174,-1
RFX1,-1
LLGL1,-1
KRBA2,-1
SLA,-1
PRKCD,-1
OR8S1,-1
SPOCK3,-1
STXBP5,-1
FBXL12,-1
NLRP2,0
SOX21,1
CHL1,-1
WNK1,-1
ZNF235,0
FBXL20,-1
ST6GALNAC4,0
PHF13,0
MAT2A,-1
SOX17,-1
LRPPRC,-1
EPHA1,-1
SPDL1,-1
DAGLA,-1
GATA6,-1
COX10,-1
CELSR1,-1
SGK1,1
ELMO2,-1
ZFP69B,0
SDC1,-1
WDR81,-1
DYSF,-1
GPN1,0
AK8,-1
GRIN2B,-1
CXXC1,0
KRT33B,-1
KIF21B,-1
OR5M9,-1
TNFRSF19,0
ERC1,-1
IFT57,-1
ROS1,1
GFM1,-1
CCL3,-1
FGD6,-1
ANAPC2,-1
KLK5,-1
SFI1,-1
ITGB2,-1
YWHAH,-1
KDM7A,-1
NT5E,-1
DGKI,-1
ZNF543,-1
RHBDL3,0
PTPRG,-1
DGAT1,-1
VPS11,-1
PIAS4,-1
DERL3,-1
RNF144A,0
SRSF5,-1
SHH,-1
USP28,-1
PLCH1,-1
NDST3,-1
CHD1,-1
TAF6L,0
SLIT1,-1
APOBEC3H,-1
SPAG4,-1
NEK3,-1
TUBA3C,-1
EIF4B,-1
ABCG4,-1
CDK19,-1
GCKR,-1
MAN1A1,-1
KLHL5,-1
RUNX1T1,1
PNPLA5,-1
CHRDL1,-1
SNTB1,0
SMO,1
SLC2A4,-1
SLC38A8,-1
DVL1,-1
SULT1B1,-1
KIF4B,-1
MIB2,-1
BTN3A2,-1
RFPL3,-1
TGFBR3,-1
PRKD3,0
SIRT5,-1
F2,-1
FGF14,-1
SCNN1D,-1
ABCB7,-1
ZSCAN5A,0
DOK6,-1
SLC6A13,-1
CPNE4,-1
AMY2A,-1
BICD1,-1
WWC2,-1
CDKL1,-1
TRPA1,-1
MYLK2,-1
USP7,-1
ARRDC3,-1
BCORL1,1
STAMBPL1,-1
ZNF606,-1
CNGB1,-1
OR2W3,-1
BCL2L10,-1
ZFP30,-1
IGKV1D-17,-1
RIPK4,-1
CYP7A1,-1
STK32B,-1
PER1,1
SERPINE1,0
ALPK3,-1
DRD2,-1
OR52B2,-1
OR52B6,-1
CD84,-1
RPS12,-1
IL12RB2,-1
ASIC1,0
MRPS12,-1
AFF3,1
OR5M1,-1
IGKV3D-15,-1
B3GAT1,-1
PCCB,-1
GABRA3,-1
HNRNPH2,-1
RAB11FIP1,-1
OR52K1,-1
EFNB1,-1
NBAS,-1
MYO1B,-1
DIS3L2,-1
EXOC2,-1
HPX,-1
TTC8,-1
TPX2,-1
VIL1,-1
TBX2,-1
KCNA2,-1
E2F4,-1
HSPBP1,-1
CYFIP2,-1
ZNF688,-1
DLD,-1
SIGLEC8,-1
PRDM1,1
CCDC22,-1
SLC4A7,-1
KRT18,-1
UNC79,-1
OR56A3,-1
NID2,-1
CYP2C8,1
TRIM4,0
TRAV8-4,-1
LGALS14,0
ARHGAP15,-1
TAF1L,-1
ZFP91,-1
NFATC4,-1
ZNF618,-1
OR52E6,-1
SCN4A,-1
KIFC3,-1
PLXNA1,-1
ACADS,-1
IPO11,-1
OR5F1,-1
CSTA,-1
GBP5,-1
REN,-1
PTCH2,-1
RBM15B,-1
ADRM1,-1
CHRNG,-1
TRIM2,-1
GRAMD1B,-1
ATN1,-1
ZNF460,0
ADAMTS5,-1
NPHS2,0
RAG2,-1
VLDLR,-1
POLE,1
SLC10A1,-1
OR5A1,-1
CCL13,-1
OAS2,-1
NR1I3,-1
SEMA5A,-1
NPHP3,-1
KIR3DL3,0
CDK12,1
DDX54,-1
ANXA3,-1
ALB,-1
NOC4L,-1
SHANK2,-1
KRT35,-1
ARFGEF2,-1
CRIP1,-1
ABLIM3,-1
FGD1,-1
CDHR1,-1
CYP3A7,-1
BANK1,-1
DRP2,-1
TRBV29-1,-1
KMT2A,1
DCTN6,-1
VPS39,-1
LARP1,-1
ROR2,-1
ZNF831,-1
ITPR3,-1
IL1RN,-1
MYLK4,-1
HK3,-1
CD2AP,-1
DNAH2,-1
TRAPPC8,-1
ZNF48,0
ATP1A3,-1
SLC1A6,-1
REPIN1,0
POU6F2,-1
OPN4,-1
CXCR2,-1
PLXND1,-1
CD2BP2,-1
OR6V1,-1
MRPL32,-1
PCDHGA10,-1
TLK2,-1
CACNG1,-1
KATNAL2,-1
RAD51C,-1
EAF2,-1
UTS2R,-1
PHKG1,-1
SSX5,-1
POLR1B,-1
ARHGEF18,-1
PGM5,-1
JUN,1
PAPOLB,-1
MME,-1
SH3GL3,-1
ZNF676,0
CHD8,-1
SMYD2,-1
TTLL11,0
APH1A,-1
SNRNP48,0
RAVER1,-1
HLX,0
ZNF780B,-1
CAMKV,-1
PARD3B,0
MASTL,-1
VAMP5,-1
STAB2,0
SORCS1,-1
TLX3,1
AKR1B15,-1
IGKV1-17,-1
ITGA11,-1
ZSCAN29,0
CSTF2,0
IRAK4,-1
SEMA4C,-1
CHRNA10,-1
ARID3B,-1
TSHZ3,-1
CD1D,-1
APBB1IP,0
SLC7A3,-1
MYO3B,-1
GTF2IRD1,-1
GOT2,-1
IGHG3,-1
RAP2B,-1
NAALAD2,-1
NLGN1,-1
TTLL7,0
MLLT6,-1
VWF,-1
ITGA10,-1
PPP6R3,0
ZNF527,-1
KIF18A,-1
B4GALNT1,-1
ELF5,-1
RNF220,-1
C8A,-1
OR52J3,-1
DPH2,-1
PSD3,-1
KRT71,-1
BLZF1,0
MED13,-1
RPS5,-1
HAO1,-1
HPS3,-1
PANX3,-1
SOX7,-1
FARP2,-1
IGHG4,-1
CEP70,-1
COL15A1,-1
DSG3,-1
GALNT2,-1
MTHFD1,-1
OR2A14,-1
ZNF468,-1
PEPD,-1
ESR1,1
SH3BP4,-1
HPGD,-1
HSD17B4,-1
LAMA5,-1
BBS12,-1
PTPN6,1
GALT,-1
TRAF3,-1
GABRB3,-1
HOXB13,-1
ACTN1,-1
BRD8,-1
SLITRK6,-1
ADAM10,-1
TCN1,-1
FLNB,-1
PDP1,-1
HPS5,-1
ANKRA2,-1
UBE4B,-1
HEMGN,-1
RNASEH2B,-1
GPR45,-1
DPRX,-1
MAOB,-1
ZBTB4,-1
DUOX2,-1
NMBR,-1
DDX49,-1
RYBP,-1
MAPT,-1
SRP54,-1
COL6A6,-1
ATP13A2,-1
HTATSF1,-1
DHX40,-1
TADA3,-1
STX3,-1
GIT2,0
ADRA2B,-1
PPL,-1
CYP2B6,-1
ARFGEF1,-1
PCYT1B,-1
ANK3,-1
ZBTB21,-1
CLDN4,-1
CDX1,-1
PICALM,-1
PAEP,-1
PTPRO,-1
FGD3,-1
F7,-1
ATCAY,-1
SLC13A4,-1
ITGB3,-1
ZNF716,0
SPTBN4,-1
FBN2,-1
CDH2,-1
CCL22,-1
STAR,-1
IGHV3-33,-1
GLI3,-1
SNX9,-1
ING2,-1
GDF6,-1
ACYP1,-1
CCDC12,-1
OR7G3,0
SLIT2,-1
SPATA20,-1
RCN1,-1
DCK,-1
COL28A1,-1
CD34,-1
UBA52,-1
CIC,1
PER3,-1
GSDMA,-1
OR9K2,-1
KRT19,-1
PNPLA4,-1
MAP3K9,-1
SALL3,-1
REC8,0
BBX,0
OR2T10,-1
HIVEP1,-1
CTSG,-1
UTP15,-1
RNF213,-1
PPFIA3,-1
ARHGAP36,-1
AFP,-1
ZNF671,0
LRRC14,-1
SLC7A13,-1
ABCG8,-1
KRT40,-1
KLHL22,-1
PCDHA11,-1
PPA2,-1
FSD1,-1
OR2F2,0
PROZ,-1
TTC5,0
NLRX1,-1
ULK1,-1
PSTPIP2,-1
SMC1B,-1
RPS6KA5,-1
GPR20,-1
IL36G,-1
NOS2,-1
FGA,-1
OR6N2,-1
TJP1,-1
ZNF639,0
SLC18A3,-1
ZFAT,0
CCR6,-1
CACNA1I,-1
GUCY2D,-1
ZNF674,-1
DVL2,-1
ABCC6,-1
FREM1,-1
PRRC2B,-1
NPR1,-1
RPGRIP1,-1
MYOM2,-1
PKP2,-1
ZNF75D,-1
STAT6,1
CHRM3,-1
CRY2,-1
CACNB2,-1
MAP3K10,-1
MAPK10,-1
NLRP5,-1
AOX1,-1
VEZF1,-1
CDCA7,-1
CAMK1,-1
SEMG2,-1
IKBKB,1
ITGB8,-1
ANTXR1,-1
PRKRA,-1
NPY5R,-1
ASAP2,0
ZNF493,0
NOB1,0
EPHB6,-1
RECQL4,1
DNTTIP1,-1
KCNMB1,-1
LIPE,-1
HDAC2,-1
NEIL3,0
COL7A1,-1
MYLK3,-1
ATXN2,-1
RAB3D,0
ARL14,-1
UNC45A,-1
ACOT11,-1
R3HDML,0
HELZ2,-1
KITLG,-1
KRTAP5-9,-1
IL3,-1
MIA2,-1
FOXF2,-1
LMOD2,-1
MAP1A,-1
PSD4,-1
HEXIM2,-1
TTK,-1
GRM7,-1
TTBK2,-1
RFPL1,-1
ZNF513,-1
DSC3,-1
VIPR2,-1
RORB,-1
RB1CC1,-1
IL12B,-1
ZNF786,0
MGRN1,-1
ABCG5,-1
COL16A1,-1
RANBP6,-1
RNF31,-1
ARL8B,-1
TFEB,1
RIPK3,-1
MMP15,-1
PRPS2,-1
DMRT3,-1
NAPG,-1
R3HDM2,0
RNF128,-1
ATG5,-1
DGKB,-1
HTR2C,-1
UBN2,-1
PSMD4,-1
CTDNEP1,-1
NUP210,-1
OR10H3,0
GRIA3,-1
MFAP5,-1
ZNF8,-1
PTAFR,-1
PAPOLA,-1
IQGAP3,0
DSE,-1
TSPAN17,0
MAGI2,-1
LRRC8A,-1
OR4M1,-1
PLIN5,-1
ABCF2,-1
AMELX,-1
POLR3D,-1
GLP1R,-1
ZNF805,0
ZNF829,0
CHORDC1,-1
CCDC91,-1
SERPINI1,-1
PTPN1,-1
RAPGEF4,0
OTOGL,-1
ZNF679,0
RAPGEFL1,-1
SYTL3,0
MYF5,-1
ITGA7,-1
EPB41,-1
HIPK1,0
FAXDC2,0
SPTBN5,-1
ARAP1,-1
ZNF470,-1
NPTX1,-1
RNF111,-1
BBS9,0
HS3ST6,-1
MAP7D3,-1
CLCA4,-1
GML,-1
MAN1C1,-1
PROKR2,-1
PSG8,-1
TEP1,-1
APLP1,-1
HNRNPR,0
DAPK1,-1
CD4,-1
CSF2RB,-1
DENND2A,-1
OR10Z1,-1
MYH6,-1
LAMA3,-1
ADNP2,-1
CLVS2,-1
BCL2L13,0
HYDIN,-1
GPM6A,-1
CYP4F2,-1
HIPK4,-1
CDK17,-1
CYLC2,-1
SV2B,-1
ZNF572,-1
BIRC3,1
BCKDHB,-1
THRAP3,-1
WRN,1
ADCY6,-1
MLST8,-1
FOXN4,-1
OR5K2,-1
PRDM16,1
AKAP4,-1
E2F7,-1
DNAJC19,-1
TRIM62,-1
BCAT1,-1
IGFL1,-1
OR4C12,-1
C3,-1
RABGGTA,-1
NCAPH2,-1
GUCY2C,-1
IL36B,-1
BSND,-1
NPFFR2,0
UST,-1
IFNGR2,-1
SEC62,-1
NOS1,-1
ZNF451,-1
MFSD2A,-1
PSG4,-1
ZAP70,-1
KRAS,1
ACAA1,-1
ACE,-1
ZSCAN20,-1
BCHE,-1
KCNC4,-1
OR13C4,-1
IL17RD,-1
RFC2,-1
BRF2,-1
ASB4,-1
APAF1,-1
USP9X,-1
ADAM2,-1
HOOK1,-1
PDZD3,-1
NFRKB,-1
PARP4,-1
SMG8,-1
ARHGAP6,-1
WDR1,-1
KIDINS220,-1
HOPX,-1
SIGLEC6,-1
POLD1,1
CENPU,0
WWP2,-1
NEGR1,-1
TPCN1,-1
DROSHA,1
ARG1,-1
NLGN4X,0
PPARG,1
SMC2,-1
WDR91,-1
LONP2,-1
PCDHA13,-1
ORC5,-1
NCAPD3,-1
TBX18,-1
MYBPC2,-1
KCND1,-1
DPP10,-1
GSTT1,-1
FADS3,-1
RFX6,-1
MFAP3,-1
FOXJ2,0
MTMR2,-1
MAGEA4,-1
SPON2,-1
ZNF229,-1
ZNF233,-1
MYO1H,-1
GZMB,-1
NOTCH3,-1
FOXN1,-1
CHST4,0
CPA2,-1
OR10H4,-1
FCN1,-1
MZF1,0
TMEM126B,-1
MEN1,1
IFT80,-1
XAB2,-1
STK35,-1
CD300LD,-1
FST,-1
WIPI1,0
HPCA,-1
FZD6,-1
MOV10L1,-1
ITPR2,-1
TTC4,-1
GABPB1,0
GRIA1,-1
ZNF165,-1
ZGPAT,0
AGAP2,-1
PLCB2,-1
DAXX,1
ECT2,-1
WNT9A,-1
RAB38,-1
GNA15,-1
PER2,-1
SF3A1,-1
HERC2,-1
NOX3,-1
OR14J1,-1
BMP2,-1
ZNF182,-1
EXOC1,-1
STK38L,-1
DDX60L,-1
P2RX5,0
RGS4,-1
NAA11,0
CNTN2,-1
VPS45,-1
MGME1,-1
CYP2A13,-1
ZFX,-1
OR10H1,-1
CRX,-1
SYT9,-1
LGR5,-1
EIF4A1,-1
NMNAT3,-1
PRSS58,-1
PABPC5,-1
CALM1,-1
GPX1,-1
MAPK1,1
PIGF,-1
RASGRP2,-1
LHX1,-1
FCHSD1,-1
PBX4,-1
SF3A3,-1
FRMD6,-1
MEF2A,-1
LRRCC1,-1
IGHV3-72,-1
BIN1,-1
MYH15,-1
MLN,-1
CASP2,-1
KCNQ4,-1
SUCLA2,-1
ANO6,-1
ZG16B,0
POM121,-1
JPH1,-1
RPL15,-1
PDE4D,-1
IGKV1-6,-1
ZNF608,-1
BATF,-1
ARHGEF5,-1
CTNNA1,-1
OTC,-1
RAB11FIP3,-1
CD244,-1
HSCB,0
CDH4,-1
PPP1R12B,-1
TSSK6,-1
PLA2G7,-1
CEP170,-1
OTX2,-1
TP53,1
SLC6A14,-1
ERCC1,-1
CNTNAP2,-1
CD1E,-1
OR2T34,-1
ZNF707,0
PRSS23,0
KALRN,-1
VPREB1,-1
TECPR1,-1
BTBD2,0
YY1AP1,-1
CYP11B2,-1
PSMD2,-1
OR8A1,-1
RTN2,-1
CCT8L2,-1
PACS1,-1
OR56B1,-1
ZNF630,-1
PDE3A,-1
SLCO3A1,-1
SELP,-1
KRT75,-1
PTPN18,-1
DNAJB8,-1
MYOZ1,-1
KRT39,-1
RC3H2,-1
SCG2,-1
AOC3,-1
PCDHB1,-1
PLA2G4E,-1
IGHV1-24,-1
CALCR,-1
PTPRA,-1
UHMK1,0
RGR,-1
PPP1R3A,-1
TRH,-1
TYW1,-1
WDR82,-1
MATN2,-1
HOMER1,-1
CPN2,-1
WWC3,-1
MCM5,-1
PLCD1,-1
ANGPT4,-1
RASGRF2,-1
KCNK18,-1
DCSTAMP,-1
PCDH18,-1
UGT8,-1
FAN1,-1
TCTN2,-1
MYO1F,-1
WNT5B,-1
XYLB,-1
DIDO1,0
CACNA1E,-1
ALDH6A1,-1
CNOT2,-1
AGTR1,-1
ZNF57,0
SGSM2,-1
AGPAT1,-1
FSHR,-1
HK2,-1
CBLL1,-1
EXT2,1
SPATA2L,-1
CDK13,-1
ACOX1,-1
POLM,-1
BUD13,0
MFAP1,-1
PWP2,0
CSF3R,1
AGAP6,-1
DYRK4,-1
SNRPB,-1
ADAMTS8,-1
ASXL1,1
PIK3C2B,-1
RYR2,-1
AKAP8,-1
CSNK1G3,-1
DLK1,-1
MTA1,-1
HTR5A,-1
CLEC10A,-1
NFKB2,1
TRAF3IP3,-1
PEX5L,-1
AAMP,-1
PTPRZ1,-1
MDK,-1
COQ4,-1
PPP2R3A,0
SCYL1,-1
EXPH5,-1
IGHV3-11,-1
NFIX,-1
UNKL,-1
HOXB8,-1
DENND6A,-1
GABRB2,-1
DSEL,-1
ACOT8,-1
COL5A3,-1
PCDHA4,-1
CACNA1G,-1
AICDA,-1
NUMA1,-1
CNOT1,-1
SRPK3,-1
ATP1A2,-1
GABBR1,-1
SHISA5,-1
GGA1,-1
OR12D3,-1
POLE2,-1
PIWIL1,-1
PDE4B,-1
CFLAR,-1
CARD16,-1
MCAT,-1
SLC5A1,-1
TXNRD2,-1
IFT74,-1
MAD1L1,-1
WDR19,-1
PHLPP1,-1
MTF1,-1
SDCCAG8,-1
SULT2B1,-1
OR52M1,-1
NEURL1,-1
BASP1,-1
OR10J3,-1
CEP63,-1
SUDS3,0
SCARB1,-1
TUBB,-1
FAM13A,-1
ADAMTS7,-1
ATP10B,-1
TBC1D12,-1
ZNF419,-1
UGT3A1,-1
ZNF823,-1
RPTOR,-1
PDE11A,-1
DNMT3L,-1
ABCC8,-1
PCDHAC1,-1
CKB,-1
TTYH3,0
PCCA,-1
ARL4A,0
COPB1,-1
KCNG1,-1
LGR4,-1
ELAVL1,-1
PSG1,-1
SMURF2,-1
KLK15,-1
SCAF11,-1
PDHA2,-1
SOX6,-1
GJA9,-1
ABCA3,-1
NXF3,-1
NUDT16L1,-1
GUCA1B,-1
LMBRD1,-1
HSP90AB1,-1
PNISR,-1
RASAL1,-1
SERPINA6,0
CACYBP,0
PEX11B,-1
NIN,-1
TFF2,-1
OR2A7,-1
MSL3,0
HEXA,-1
LILRB5,-1
PITPNA,-1
CDHR2,-1
HDAC6,-1
TMEM63A,0
TPST1,-1
CTSF,-1
DERL2,-1
NUFIP1,-1
CLIC5,-1
NR5A1,-1
CMSS1,-1
MAPK3,-1
APOBEC1,-1
CACNG2,-1
PCDHB6,-1
CALD1,-1
HBS1L,-1
ELP4,-1
OR10Q1,-1
ZNF140,-1
ESRP1,-1
SDSL,-1
VASP,-1
WDR41,-1
PSME4,-1
PJA2,0
CXXC4,-1
TMEM91,-1
HS3ST3A1,-1
ALDH1A2,-1
UBR3,-1
SRSF12,0
LRFN2,-1
ATP11C,-1
USP42,-1
DCP1A,-1
PPARA,-1
CAPN6,-1
ZNF350,-1
APOBR,-1
NOM1,-1
DNAH9,-1
IL33,-1
CNTN3,-1
TSC22D2,-1
RCVRN,-1
CASKIN1,-1
LOXL1,-1
OR6C70,-1
MAML1,-1
EXOSC8,-1
MMP17,-1
NDUFV2,-1
C1S,-1
ANO7,-1
GAL3ST4,-1
PPP6R1,0
FLI1,1
TESK2,-1
SNRK,-1
NEK1,-1
DOCK4,-1
ASXL3,-1
SLCO1B3,-1
PCF11,-1
EGR2,-1
SMARCA5,-1
TXNRD1,-1
TRAV20,-1
TLR5,-1
KRT16,-1
XRCC5,-1
FHL1,-1
ALX4,-1
SEMA7A,-1
OR2AG1,0
UBAP2L,-1
RECQL,-1
SALL1,-1
GRIK2,-1
PDC,-1
IQSEC1,-1
EPHX2,-1
VDR,-1
MYO5C,-1
PRPF6,-1
CORIN,-1
BMPER,-1
HLA-DOB,-1
PPP1R7,-1
DKK1,-1
ASB15,-1
DECR2,-1
STK32A,-1
NEK2,-1
POT1,1
CACNA1S,-1
TGM5,-1
ENPP1,-1
TJP3,-1
KLRC1,-1
PRMT7,-1
CHN2,-1
KLC2,-1
DDR2,1
EFNB2,-1
PLA2G4F,0
OR6C1,-1
SLITRK2,-1
MYRF,-1
IRX6,-1
OCRL,-1
PLCG2,-1
TUBGCP3,-1
PAX6,-1
FBXO43,-1
WDR6,-1
SLC32A1,-1
OPRD1,-1
UGT2B7,-1
CDC37,-1
GLT6D1,-1
NCAN,0
PHF1,-1
CACNA1B,-1
ORM1,-1
CSTF1,-1
POC1B,-1
COMP,-1
PIK3CB,1
DPF1,-1
FHOD3,-1
MEFV,-1
ADAM30,-1
MED16,-1
MYT1L,-1
NUP153,-1
STUB1,-1
ATR,1
ANAPC4,-1
NOXA1,-1
IGLV3-1,-1
NOL8,-1
CAMKK2,-1
ZNF33B,-1
PITX3,-1
SLCO6A1,-1
TSSK2,-1
IL10RA,-1
BAZ1A,1
PAX5,1
CXCL6,-1
OR52N1,-1
DSG4,-1
TAP1,-1
PRKAR2B,-1
SCN2B,-1
ZNF98,-1
PSMC1,-1
ARIH1,-1
DCTN2,-1
TNKS2,0
HAGH,-1
MAP3K4,-1
HNRNPCL1,0
TSHZ2,-1
VGLL2,-1
USP22,-1
RRP12,-1
OR2L8,-1
STXBP5L,-1
ZNF560,-1
ZNF644,-1
TNFSF10,-1
IL1R1,-1
TNFRSF1B,-1
MAP3K6,-1
GCC2,-1
CD14,-1
NPPA,-1
IL36A,-1
FOXO3,1
GRIK5,-1
NSA2,0
WFDC8,-1
ASIC5,-1
DNAH7,-1
MED13L,-1
RIN2,-1
OR4K15,-1
EN2,-1
CLOCK,-1
ARHGEF9,-1
NSFL1C,0
RANBP17,-1
ITGB6,-1
GDNF,-1
TDRD3,-1
RIOK3,-1
AMT,-1
DCX,-1
KLF1,-1
OR2B2,-1
DTX4,-1
PASK,-1
CUBN,-1
CORT,-1
STK17A,-1
ATF7IP,-1
COL18A1,-1
OR8D1,-1
SCUBE2,-1
BMPR2,-1
YY2,-1
OR8G5,-1
PARP1,-1
KCND3,-1
IRS1,-1
MIER1,0
FGF18,-1
KIF5C,-1
SLC2A1,-1
CDH9,-1
ZNF814,-1
STAG2,1
CAMK2A,-1
ADAMTS3,-1
BCL9L,1
OR5D14,-1
ZNF41,-1
SLC14A1,-1
CASP1,-1
ABR,-1
ERG,1
PDE4C,-1
BMPR1B,-1
ACTL9,-1
CACNA2D1,-1
GTPBP3,-1
CDH8,-1
NLRP4,-1
PCID2,-1
GPC2,0
CTSB,-1
KLRK1,-1
PYGL,-1
MVK,-1
HLA-DRB5,-1
RAB24,-1
ZNF680,-1
SLC13A3,-1
RASAL3,-1
NRXN3,-1
PCDH9,-1
WRAP53,-1
CCR7,1
SCAP,-1
IBTK,-1
ADCK1,-1
NOTCH2,1
CACNA2D2,-1
EPB41L2,-1
KRT4,-1
ATG16L2,0
SKOR1,-1
CYP27B1,-1
PHGDH,-1
PCDHGA4,-1
ADAMTS17,-1
GABRA4,-1
ZFP69,-1
SNX21,0
EVC2,-1
WLS,-1
IL6,-1
AXIN1,1
FUT6,-1
CSF1R,1
RALGAPA2,0
RPRD2,-1
EFR3A,-1
NXF1,-1
MGMT,1
ARHGDIA,-1
MET,1
NAP1L4,-1
NIPA1,-1
BIRC6,1
TNNC2,-1
YBX3,0
LRIF1,-1
PSMD3,-1
IFI6,0
DOCK8,-1
CLP1,-1
OR1G1,-1
PEX5,-1
HNF1B,-1
OR56B4,-1
SERPINB7,-1
ASNS,-1
EVA1A,0
PPFIA2,-1
MAU2,-1
GAD1,-1
KRT72,-1
MYBPC1,-1
HTRA4,-1
FUT8,-1
SPINT1,0
TYRO3,-1
SSR2,-1
SLAMF1,-1
CSRNP2,0
MLXIP,-1
EEFSEC,-1
NEK4,-1
PAM16,-1
EPS15,1
POU2F3,-1
CBLN1,0
VRK2,-1
EPHA3,1
PTGS2,-1
OR12D2,-1
SNTG1,-1
CHST5,-1
GCNT3,-1
OTUD5,-1
HLA-DRA,-1
IL1RL1,-1
ACACB,-1
OLR1,-1
LUM,-1
MAP3K12,-1
ZNF410,0
PPP1R1B,0
ELP2,-1
CYB5R1,0
BAZ2B,-1
CLIP1,-1
SLC39A9,0
SLC24A1,-1
INTS4,-1
TMEM67,-1
TCEA3,-1
ZNF292,-1
MATN4,-1
UNC119B,0
HRNR,-1
GSTA4,-1
NEUROD2,-1
SMARCC2,-1
SLC18A1,-1
GCM1,-1
SLC6A20,-1
RPGRIP1L,-1
MXD1,0
TRHR,-1
TRIM41,-1
NTSR1,-1
MAP3K11,-1
TNR,-1
IGFALS,-1
APOB,-1
MAP3K15,-1
PINK1,-1
ZNF782,-1
TMEM30A,-1
APPBP2,-1
ETFDH,-1
SENP8,-1
PKP1,-1
PIP4K2C,-1
RNF123,-1
PAQR3,-1
METTL1,-1
RPS4X,-1
KRT9,-1
LAMP3,0
SHROOM2,-1
SLTM,0
AP4B1,-1
HTR3D,-1
HIF3A,-1
UGT1A4,-1
ZNF479,1
APPL2,-1
ZKSCAN4,-1
ATP2B3,1
TAP2,-1
VN1R2,-1
CDH23,-1
LRRC8E,-1
ATP6AP1,-1
UBC,-1
CPT2,-1
IGFLR1,-1
GNPAT,-1
CP,-1
TBC1D8,-1
HUNK,-1
IL13RA2,-1
MACF1,-1
ME1,-1
TAF3,-1
PIK3C2G,-1
SLC7A7,-1
KCNQ2,-1
LLGL2,0
EEF1A2,-1
SLC26A8,-1
RASSF5,-1
CCZ1,0
FNIP2,-1
XRN2,-1
UHRF2,-1
CDKL2,-1
TLR1,-1
BAP1,1
ADAMTS16,-1
PERP,-1
MUC2,-1
RNASE6,-1
ATP1A4,-1
KEL,-1
NOX1,-1
NEDD4,-1
CCR9,-1
PLCZ1,-1
ENGASE,0
RGS22,-1
TACC3,-1
FKBP10,-1
CDHR3,-1
MLH3,-1
RELB,-1
AOC2,-1
STXBP2,-1
EVPL,-1
RTEL1,-1
CRTC1,1
NICN1,-1
SCAMP2,-1
IL31RA,-1
MEPCE,-1
SEMA6B,-1
UGT1A5,-1
ASB10,-1
OLFM4,-1
MBNL1,-1
CCT2,-1
LAS1L,-1
ASCC3,-1
MYH13,-1
ABCC10,-1
ZNF443,0
PTK2B,-1
CD6,-1
CHST2,-1
ADAM32,0
LCE5A,-1
DNAJB4,-1
CGN,0
TNNT3,-1
PYGM,-1
CLPB,-1
TELO2,-1
REV3L,-1
CACNA1C,-1
NGEF,-1
ADAMTSL4,-1
POLA1,-1
PDE2A,-1
DPP4,-1
GEMIN8,-1
HSPG2,-1
PACRG,-1
ARID4B,-1
OR7G2,-1
SGCE,-1
ZNF841,-1
FAF1,-1
CCDC124,-1
NPAS4,-1
NPAS3,-1
CAMK1D,-1
RNPEP,-1
ABCD1,-1
APLP2,-1
APOH,-1
ETHE1,-1
PEX12,-1
APBA3,-1
RADIL,-1
ANGPT2,-1
ODAM,-1
RAPGEF6,-1
FASN,-1
SHKBP1,-1
CORO7,-1
CLEC4D,-1
LBR,-1
MLPH,-1
OR7A17,-1
PEX14,-1
SPIC,-1
SPTBN2,-1
BMS1,-1
AZU1,-1
GNPTG,0
PELI1,-1
ACSL3,-1
CROT,-1
RPL32,0
RMND5B,-1
TCF21,-1
EGF,-1
ANP32E,-1
ENAM,-1
ZNF91,-1
ENPEP,-1
OR2T27,-1
SRSF6,-1
DRD5,-1
RERE,-1
GRAMD1C,-1
SSX3,-1
PTGS1,-1
FOXH1,0
GRM2,-1
CLEC4M,-1
GJB3,-1
EIF3B,-1
ZNF264,-1
COL5A1,-1
PAOX,-1
NOD2,-1
TAB2,-1
KDELR1,-1
TDG,-1
AFG3L2,-1
EPHA7,1
IGHV3-74,-1
TAF2,-1
TDRD5,-1
GDF3,-1
PREX2,1
ZNF534,-1
CCNY,-1
BRPF1,-1
TRIM72,-1
UBE3B,-1
IRF9,0
CCDC141,-1
OR4C3,-1
SAP130,-1
VEZT,0
OGG1,-1
MAT1A,-1
CXXC5,-1
SSTR4,-1
DUS1L,-1
KLRC2,-1
RAG1,-1
CAPN1,-1
BMP15,-1
RGS2,-1
TRIM33,1
MMRN1,-1
ZC3H12B,-1
TAX1BP3,-1
OR1N2,-1
DOCK1,-1
COL24A1,-1
NAIP,0
SOX3,-1
GFI1B,-1
POLI,-1
DRD1,-1
TMC1,-1
IDH1,1
MYOCD,-1
CCR3,-1
EPHA8,-1
EPS8,-1
CDKN2B,-1
JPH2,-1
KLF8,-1
WAS,1
FRYL,-1
IL21R,-1
CCDC18,-1
BTAF1,-1
GPSM2,-1
IGSF11,-1
CETN1,-1
SPRR2B,-1
HERPUD1,-1
TRPV6,-1
FIGNL1,-1
TYR,-1
CRYGD,-1
STK3,-1
EDARADD,-1
HOMER3,-1
CAPRIN2,-1
DDX6,1
BRPF3,-1
DYNC1H1,-1
ERP44,0
GOSR2,-1
CLDN19,-1
ZNF490,0
GRM6,-1
ADCY7,-1
PTPRN2,-1
CORO2A,-1
KCNQ3,-1
CFL1,-1
DYNC2H1,-1
ILKAP,0
NUF2,-1
MMP7,-1
NLRP1,-1
SMAD4,1
E2F6,0
PRKD1,-1
HCRTR1,-1
ESYT2,-1
TIMM21,-1
SIK2,-1
CACNA1F,-1
SEMA5B,-1
TLR2,-1
OR52I1,-1
DIAPH2,-1
ZNF226,-1
PRKCB,1
GRIN2D,-1
IL17RB,-1
LARS2,-1
CPB1,-1
CD86,-1
CIT,-1
OGT,-1
TNFAIP8,-1
ADAMTS13,-1
CLCN3,-1
FCRL1,-1
NOL10,-1
KIF20A,-1
ADCY2,-1
IFNW1,-1
ZNF202,-1
DCLK2,-1
SELE,-1
IFT172,-1
PCDHB3,-1
MCM7,-1
SBNO2,-1
ATP7B,-1
IGF1R,-1
AKAP13,-1
CR1L,-1
MC2R,-1
DHCR7,-1
CFHR5,-1
CCNT1,-1
LCK,1
ZNF423,-1
AVPR1B,-1
CD8B,0
SNTA1,-1
RBMXL1,0
CPN1,-1
CUX2,-1
CERS3,-1
SV2A,-1
ZNF236,-1
PRRC2C,-1
JARID2,0
BAIAP2L1,-1
MATK,-1
ZNF208,-1
HS3ST5,-1
SSH1,-1
GPR32,-1
FUT3,-1
MST1R,-1
THRSP,-1
STK11IP,-1
CIITA,1
PSMB4,-1
AHRR,-1
SMG5,-1
RHPN1,-1
FXN,-1
MRGPRX4,-1
LINGO1,-1
CASZ1,-1
INPP5B,-1
ZNF430,0
ACTR3,-1
OR1D2,-1
PPP1R10,-1
MMP19,-1
MYH11,-1
L1CAM,-1
SLCO1A2,0
IL22,-1
YME1L1,-1
PHKB,-1
GRIK1,-1
UNC5C,-1
ZNF780A,0
LPAR1,-1
RAB39B,-1
CUL1,-1
ABI2,-1
ZNF727,-1
PSG6,-1
KCNJ15,-1
CFHR3,-1
AGL,-1
BUB1,-1
OR9G4,-1
FCN2,-1
DAO,-1
ARID1A,1
DHX8,-1
SYN1,-1
VPS54,-1
PCDHB4,-1
ZNF701,0
OR2AT4,-1
ADCY9,-1
NIPBL,-1
MBL2,-1
OR4S2,0
SPI1,-1
CLASRP,0
MAML2,1
MSH4,-1
IL18RAP,-1
AGAP3,-1
PPARGC1B,-1
TRBV4-2,-1
GRID1,-1
TMF1,-1
CPEB2,-1
GRAP2,-1
CNN2,-1
TBKBP1,-1
CAV3,-1
RXFP1,-1
OR5H14,-1
GABRD,-1
STAP1,-1
TMC2,-1
TP53BP1,-1
ALDH5A1,-1
FZD10,-1
PHLPP2,0
RPF1,0
CYP2S1,-1
TBL1Y,-1
LTBP2,-1
PLXNB1,-1
AP5B1,-1
NAA30,-1
CX3CR1,-1
TGFB2,-1
MECR,-1
CYB561,-1
HIVEP3,-1
CX3CL1,-1
KIR2DS4,-1
KRT31,-1
PCYT1A,-1
SBK2,-1
JAK3,1
CLSTN2,-1
CLSTN3,-1
TPST2,-1
TMPRSS2,-1
NLGN3,-1
CNDP2,0
CGA,-1
DDX4,-1
AJUBA,-1
NINL,0
CAMSAP3,-1
MAPKAPK3,0
OR5B12,-1
CHD7,-1
KLK8,-1
ADAMTSL1,-1
SYT13,-1
OR2J2,-1
STK10,-1
UBXN2B,-1
SLC18A2,-1
SMARCA1,-1
PKDREJ,-1
UGT2A1,-1
FARS2,-1
TXLNA,0
KHDRBS2,-1
EPB42,-1
OR4K2,-1
FLT4,1
GREB1,-1
AMY2B,-1
LRIG3,1
SEMA6A,-1
ABCC11,-1
AMIGO3,-1
SEMG1,-1
GJA5,-1
TNFRSF8,-1
MAGEE1,-1
FCRL3,0
GSTM1,-1
RALGDS,-1
CALML5,0
LHX9,-1
ZFYVE9,-1
SLC27A1,-1
GRM4,-1
KANK1,-1
SIPA1L3,-1
TNS4,-1
ATP13A1,-1
KRT1,-1
UBE4A,-1
ELFN1,-1
EPB41L4B,-1
PCDHB5,-1
TINAG,-1
ADH1A,-1
PKN2,-1
ZNF816,0
RFPL2,-1
RPS6KA6,-1
CWF19L2,-1
FRZB,-1
EGR3,-1
NUDC,-1
MTOR,1
PGM3,-1
LRRK2,-1
C9,-1
HS3ST1,-1
HCAR1,-1
MPHOSPH8,-1
TUBG1,-1
OGDHL,-1
GRID2,-1
ABCD3,-1
HABP2,-1
CNTN6,-1
CST1,-1
CBX2,-1
AHNAK,-1
CCNA2,0
DPPA4,-1
OR4F6,-1
TGFBR2,1
SP4,-1
PNPLA2,-1
ISLR,-1
CD70,-1
OR13F1,-1
ZC3H12A,-1
EEF2,-1
SFTPC,-1
PDZD7,-1
CCL19,-1
TFCP2L1,-1
OR13A1,-1
TPH2,-1
MOGAT3,-1
NFKBIB,-1
HCLS1,-1
ITPR1,-1
FILIP1,-1
OR2AE1,-1
SCN3B,-1
ANO1,-1
ITIH3,-1
CABP4,-1
CCNE1,1
SMG7,-1
OSBP,-1
ZNF205,-1
GRIP1,-1
OR8H1,-1
CBFA2T3,1
SCN4B,-1
KPNA5,-1
KRT78,-1
CRLF3,-1
RTN4RL1,-1
PKP4,-1
TOPORS,-1
FTMT,-1
LSG1,-1
RIC8A,-1
LRP5,-1
INSC,-1
OR5AR1,-1
BRINP1,-1
STAT3,1
ZC3HAV1,-1
ECEL1,-1
LGALS9B,-1
IFI27,-1
MT1A,-1
E2F8,-1
COL4A4,-1
DSG2,-1
SLC39A8,-1
OR1L1,-1
SERPINA5,0
RXFP3,-1
IGKV5-2,-1
TAL1,1
ZNF813,0
DENND1C,-1
TEKT4,0
ACKR2,-1
POLRMT,-1
KCNH5,-1
KCNH7,-1
LYN,-1
MAPK13,0
CHSY3,-1
FBP1,-1
ZNF628,-1
ALDH3B2,-1
ZNF570,-1
ZNF526,-1
FGFRL1,-1
LRRFIP1,-1
SPTLC3,-1
TLR7,-1
ZNF721,0
MGA,-1
SUPT6H,-1
ZNF677,-1
MSLN,-1
ST6GAL1,0
GPR65,-1
PCDHB8,-1
RSPH6A,-1
AMOT,-1
TIMM17B,-1
IGKJ1,-1
LRCH4,0
TSC1,1
FAIM2,-1
HBP1,-1
TRIM10,0
TAS2R16,-1
BARX2,-1
OR8I2,-1
ATP6V1G1,-1
MS4A6A,-1
TRAV5,-1
TG,-1
IL26,-1
CXCL1,-1
MARVELD2,-1
PLEKHG6,-1
SLC19A3,-1
DDIT3,1
SVIL,-1
OR6M1,-1
OR2T12,-1
PTPRJ,-1
ZNF827,-1
CSH2,-1
SND1,1
RUVBL1,-1
UBE3C,-1
MELK,-1
BCL6B,-1
DOCK7,-1
FUT1,-1
ATP8B4,0
NDUFAF2,-1
P2RY14,-1
PLD2,-1
HAUS8,-1
IRS2,-1
SETDB1,1
MDN1,-1
CDH16,-1
FN1,-1
TNFSF18,-1
SLCO1B7,-1
GCC1,-1
PEX1,-1
HECTD1,-1
CLASP1,-1
RREB1,-1
TRPV5,-1
TMPO,-1
OR10C1,-1
MKI67,-1
PRKCSH,-1
NCOA7,-1
OR51G1,-1
GPR17,-1
AWAT2,-1
OR4K1,-1
GRHL3,-1
MTMR3,-1
CCDC8,-1
RYR1,-1
CPXM1,-1
CYP4A11,-1
ACTBL2,-1
ADAM7,-1
UGT1A9,-1
ADAM33,-1
COL21A1,-1
CA12,-1
AP3S1,-1
NFIA,-1
PBXIP1,0
DNAJC10,-1
PBRM1,1
FBXL7,-1
SIPA1L2,-1
OR5L2,-1
SERPINB2,-1
ST8SIA1,0
RIMS2,-1
ZNF99,-1
MTX3,0
TRAIP,-1
CELSR2,-1
OR6S1,-1
MATR3,-1
DNAJC6,-1
QKI,1
ZPBP2,-1
GLS,-1
GGA2,0
UBE2M,-1
KDM1B,-1
SPATA22,-1
FBXW11,-1
CHRNB2,-1
COL6A1,-1
DDI1,-1
COL20A1,0
NRN1,-1
APOF,-1
MTCP1,1
ISX,1
PSPH,-1
PCDHGA5,-1
CELSR3,-1
IL17C,-1
SNX4,-1
KCNK13,-1
PRKCG,-1
ALPK2,-1
LBP,-1
PRIM1,-1
THPO,-1
HMG20A,-1
HGFAC,-1
INO80,-1
NRXN1,-1
TACR3,-1
FSCN2,-1
ZNF462,-1
ARHGAP10,-1
OR2M5,-1
OR6C74,-1
NAT10,-1
KRT3,-1
CDC23,-1
NOD1,-1
CHST8,-1
ADAM22,-1
OR2B11,-1
OR8J3,-1
POTEF,0
PPP2R5D,-1
TGIF2LY,-1
MIPEP,-1
GYS2,-1
ASXL2,1
ARHGAP39,-1
HELT,-1
B3GNT2,-1
RGS12,-1
RAPGEF2,-1
OR6K2,-1
SETD1A,-1
ZNF250,0
STX5,-1
PCOLCE2,-1
ITGA6,-1
GOLGA4,-1
LATS1,1
OR7A10,0
ZFYVE26,-1
GPR161,-1
PSRC1,-1
TMEM63B,0
SLC17A8,-1
AQR,-1
LRRK1,-1
NDC80,-1
DAGLB,-1
OR51A7,-1
ACO1,-1
PLG,-1
SCN7A,-1
ZNF10,-1
SRCAP,-1
EIF3E,1
HDAC4,-1
FIP1L1,-1
RBPJL,-1
RAD23B,-1
WDR70,-1
ZNF280A,0
ACAN,-1
SH3RF1,0
STIM1,-1
NEU2,-1
SLC6A6,-1
CENPE,-1
VAV3,-1
PTK6,1
UBA3,0
NRCAM,-1
FADS2,-1
HSF2,-1
SPDYE4,-1
HLF,1
ZHX2,-1
DIABLO,0
DPYSL2,-1
RIPK1,-1
LRRC52,-1
KRT24,-1
FRY,-1
CD58,-1
KIRREL2,-1
IGHV3-15,-1
THOC2,-1
SEC23IP,-1
TFAP2B,-1
ZNF578,0
EPN3,-1
GRIN3A,-1
MAP4K3,-1
FGF13,-1
NPRL2,0
GLG1,-1
ZBTB7C,-1
CATSPERD,-1
SRRM1,-1
PRPF31,-1
ZNF17,0
GALK2,-1
ENOX2,-1
MARCO,-1
PCDHA10,-1
VCPIP1,0
UBE2NL,-1
AZGP1,-1
SKI,1
TMPRSS11A,-1
NKG7,0
TGM4,-1
NR4A3,1
PRTN3,-1
NTRK1,1
MTA2,-1
ZNF37A,-1
KRT12,-1
ERCC4,1
NAMPT,-1
OR4A15,-1
FAM20A,-1
RAI1,-1
OR2J3,-1
KRT20,-1
TRPC1,-1
OR5H1,-1
ULK3,-1
TRRAP,1
ZNF23,-1
ANKRD17,-1
SUPT16H,-1
ABCC3,-1
HEATR3,-1
UGT1A10,-1
KCNQ5,-1
TRPM2,-1
ZNF157,-1
SH3D19,-1
GALNS,-1
CBLN2,-1
GHSR,-1
MTMR9,-1
CCR5,-1
EDAR,-1
IGLV2-18,-1
DCUN1D4,-1
OSBPL8,-1
PAN3,-1
EPHB4,-1
TCL1B,-1
TEAD2,-1
TNFRSF1A,-1
PLEKHA3,-1
TTF2,-1
MINPP1,-1
TOX4,-1
RPRD1B,-1
ZNF439,0
PKD1,-1
ABCA9,-1
STAM2,-1
SLC1A3,-1
KIAA0753,-1
UEVLD,-1
GPATCH1,0
POU2AF1,1
NDFIP1,-1
SLC44A5,0
ZNF583,-1
RHNO1,-1
DUS3L,-1
SIRPB1,-1
MYRIP,-1
MGLL,-1
ACSM2A,-1
SLC30A7,-1
PIAS3,-1
PDE6B,-1
SLC28A1,-1
PNPT1,-1
PLCH2,-1
ZSCAN23,0
AQP2,-1
ASB11,-1
MLLT4,-1
TBX21,-1
PDE1C,-1
ERCC6,-1
MRGPRX1,-1
LMAN2L,-1
F8,-1
KCTD10,-1
CLEC14A,-1
ENTPD3,-1
KCNK10,-1
DNAJC2,-1
ARID1B,1
LAMA1,-1
RASAL2,-1
OR4K5,-1
MRGBP,-1
OR51F2,0
ETV3L,0
DMBX1,-1
MADD,-1
PPM1D,1
COL11A1,-1
P2RY13,0
EPC1,-1
MAP6,-1
TAS2R20,-1
PES1,-1
ELK4,1
NOBOX,-1
SORBS1,-1
GHRHR,-1
PTPRD,1
RASGRP1,-1
NCAPH,-1
YIPF4,-1
RANBP3,-1
TDRD7,-1
JAG2,-1
EIF4G1,-1
CSK,-1
SIK1,-1
PRKG1,-1
GRIN2C,-1
AKT1,1
BRSK1,-1
SOX9,1
YY1,-1
BMX,-1
ZNF518B,-1
ALDH1A1,-1
DENND1A,-1
RIT2,-1
SLC7A9,-1
MKRN1,-1
ADNP,-1
SPARCL1,0
SLC6A18,-1
ADAP1,0
IFNA21,-1
AMOTL1,-1
SPICE1,-1
SGSH,-1
LILRA1,-1
GUCA1C,-1
MICU2,-1
AMPD2,-1
CHST1,-1
GPR132,-1
TDRD9,-1
USP29,-1
CALCA,-1
BRCA1,1
TMEM214,-1
HCN4,-1
PDE1A,-1
HAVCR2,0
DLGAP2,-1
GLB1L,0
OR1J4,-1
ARHGEF40,0
PAPPA,-1
GLUD2,-1
TAS2R13,-1
MAST4,-1
HTR1F,-1
MKRN3,-1
TNC,1
ADRA1B,-1
ZP1,-1
KRT2,-1
DR1,-1
KCNB1,-1
GALNT1,-1
IL7R,1
POLG,1
SHPRH,-1
SEC63,-1
ZRSR2,1
SNX1,-1
YLPM1,0
CORO1A,-1
PIR,-1
MMP9,-1
TRIM34,-1
TRPM6,-1
FHOD1,-1
BRAF,1
BCL11B,1
ULBP1,-1
CDCA3,-1
DTX2,-1
SLC22A25,-1
SMARCD1,1
USP51,-1
PCDHGA6,-1
OR1Q1,-1
CTSS,-1
TNXB,-1
ATP6V1C2,-1
SHANK3,-1
RASEF,-1
GPR37,-1
CREBZF,-1
PSMB8,-1
NR0B2,-1
GDA,-1
NEO1,-1
MAGEA8,-1
ATG9A,-1
DEAF1,-1
CEL,-1
OR51A2,-1
PHF3,-1
TET2,1
UBE2W,-1
G6PC3,-1
NEURL4,-1
CNGA2,-1
LILRA6,-1
MRGPRE,-1
TNFRSF9,-1
ZNF266,-1
KDR,1
ARID3C,0
MAGEC2,-1
ZNF845,0
ATAD1,-1
IGKV1-16,-1
SORBS2,-1
ZNF337,0
PTPN22,-1
PRX,-1
LRP1,-1
OPRL1,-1
SPATA2,-1
DDX60,-1
KLF10,-1
TBC1D8B,-1
STAB1,0
SULF2,-1
NFKBIA,-1
CFC1,-1
CSDE1,-1
ABCA8,-1
LIN54,-1
P2RX3,-1
SYS1,-1
MKS1,-1
TNNT1,-1
CCDC88C,-1
ZFP57,-1
MAP2K7,-1
LAMTOR3,-1
ADCY8,-1
MUC17,-1
KCNJ16,-1
SLC22A2,-1
COPS7B,-1
PCDHB16,-1
INHBE,-1
DEPTOR,0
KCNQ1,-1
PCDH1,-1
ZNF683,-1
ATP8A1,0
SH2D1B,-1
ADD2,-1
PIK3R5,-1
RBM27,-1
PIK3R1,1
UGGT2,-1
LY9,-1
MYO1G,-1
OPCML,-1
PLEKHA7,-1
MX1,-1
KCNG4,-1
CENPC,0
MTRR,-1
ATP9A,0
ATG4B,-1
STK24,-1
CALR3,-1
NUCB1,-1
ITGA8,-1
MYO15A,-1
ALOX5,-1
TNFSF14,-1
PHLDB2,-1
IGFBP3,-1
PANX2,-1
CRHR2,-1
OR2L2,-1
SEMA4A,-1
MSH5,-1
SP7,-1
ZNF768,-1
PCSK2,-1
SAFB2,-1
TRAF1,-1
TIMM8A,-1
SYN3,-1
KLHL20,-1
PCDH11Y,-1
TEX15,-1
PTPN12,-1
PTPRU,-1
TONSL,0
SPEF2,-1
PXK,-1
MYO1D,-1
SMARCC1,-1
RGS14,-1
STXBP4,-1
PTEN,1
TMPRSS11F,0
HOXB9,-1
PHF12,0
KCNJ11,-1
ACTL7B,-1
MLYCD,-1
USP16,-1
ANO8,0
ANO9,0
ALPK1,-1
ZNF442,0
CHRNA4,-1
PSD,-1
OR4N2,0
ZNF81,-1
SRRT,-1
OR5AN1,-1
DIS3L,-1
TRPM4,-1
AKAP8L,-1
RALGAPA1,-1
KCNMA1,-1
PAX7,-1
CD226,0
CSF2,-1
BAZ1B,-1
ZSCAN10,-1
OR4X2,-1
CDH20,-1
RIF1,0
EFNB3,-1
FCRL2,0
KCNC1,-1
SUV39H2,-1
USP11,-1
ICOSLG,-1
CTSV,0
COPG2,-1
TBR1,-1
SRRM4,-1
ARNT2,-1
OR4N5,-1
MUC5B,-1
YAF2,-1
DACT1,-1
RHBDF1,-1
MED17,-1
LPAR2,-1
IGHMBP2,-1
ZNF626,0
IFT140,-1
EIF2B1,-1
STARD13,-1
OTUD7A,-1
LATS2,1
C6,-1
CNDP1,-1
ATP6V0D2,-1
SOX10,-1
TGFBI,-1
OR6C75,-1
MAX,1
IGHD,-1
FFAR3,-1
POLR3G,-1
PGAP1,-1
P4HA2,-1
KATNB1,-1
SLC4A4,-1
XRCC1,-1
CYP11B1,-1
RNF19A,0
SRC,1
EPX,-1
USP25,-1
CRYBB2,-1
MYH4,-1
PCDHA2,-1
CYP2F1,-1
DNMT3B,-1
NMUR2,-1
HCRTR2,-1
DMXL1,-1
SNAP47,0
IRX1,-1
SIRPG,-1
SLC10A6,-1
RASD2,-1
CLDN25,-1
UGT2B4,-1
YOD1,-1
CSPG5,-1
CACNA2D4,-1
TRIM21,-1
KCTD18,0
FBLN2,1
CENPF,-1
AGO3,0
KCNA5,-1
OSM,-1
BSN,-1
SOCS5,-1
EXOSC9,-1
ABCB4,-1
CEACAM5,-1
SOX5,-1
PCDHGA12,-1
AGPAT4,-1
MCF2,-1
NTF3,-1
LAMB4,-1
ATP7A,-1
ZDHHC2,-1
BIN2,-1
RAD21,1
ZC3H13,-1
CYP4A22,-1
ZNF248,-1
ADAMTS14,-1
PLTP,-1
ROBO2,1
TRPS1,-1
COL11A2,-1
NDUFAF6,-1
ATAD3B,-1
MCM3AP,-1
IRF8,-1
FBXL17,-1
MUTYH,1
INO80B,-1
OBSL1,-1
SUCNR1,-1
IL12RB1,-1
NUP107,-1
LRRC4C,-1
MOCS3,0
DPEP1,-1
ARAP2,-1
GABRA6,-1
COL1A1,-1
WIF1,1
SYT10,-1
ACOT4,-1
PNCK,-1
FOXI1,-1
TRBV5-5,-1
PKD2L2,-1
BDKRB1,-1
ADH1B,-1
MAGEC1,-1
ZPBP,-1
DBF4,0
CHRDL2,-1
FBXW10,-1
TLN1,-1
GABRA5,-1
GTPBP2,-1
UCN3,0
ALAS1,-1
GRB10,-1
RBFOX1,-1
CLEC7A,-1
ATP6V1C1,-1
EML2,-1
JMJD1C,-1
UBE2D3,-1
MYH3,-1
IGKV1D-12,-1
TSHR,1
ZNF732,0
DNAH3,-1
SCML1,-1
MYCBP2,-1
VSTM1,-1
KDM6B,-1
ZDHHC1,-1
ATP11B,-1
GIMAP1,-1
ATP2A3,-1
TRAF2,-1
PCDHA9,-1
AVPR2,-1
DNAH1,-1
OR51E2,-1
FYTTD1,-1
TMC3,-1
MISP,-1
OPRM1,-1
RASGRF1,-1
IL1RAP,-1
CSN2,-1
MAPK7,-1
ZNF107,-1
CFHR4,-1
SERPINA1,-1
CBS,-1
GRHL1,-1
SLC22A3,-1
PTGFR,-1
OR2F1,-1
OR51F1,-1
PDGFRB,1
KLK9,-1
COG2,-1
PHOX2B,1
CD44,-1
TAGLN2,-1
RILP,-1
KRT79,-1
PPM1H,-1
NFATC1,-1
TAF1A,-1
RAC3,-1
SYNPO2,0
HCN3,-1
IDE,-1
TSC2,1
DMTF1,-1
NSMAF,-1
EIF3H,-1
OR56A4,-1
ASB17,-1
RALBP1,-1
CLPP,-1
MED4,-1
KLF5,-1
ZNF646,0
MYOD1,1
CCL24,-1
ASPM,-1
MGAT4A,-1
ALPI,-1
FOSL2,-1
MAGEB1,-1
SLCO4A1,-1
KLHL40,-1
PGLS,-1
KIFAP3,-1
GCM2,-1
USP47,-1
CKMT1A,-1
RRM1,-1
DPP6,-1
SGCD,-1
OR52B4,-1
RPE65,-1
ARL6,-1
TOPBP1,-1
TEC,1
VENTX,-1
HSPH1,-1
FKBP9,1
OR4K14,-1
COX8C,-1
PREP,-1
OR2G6,-1
SLC5A6,-1
RHBDD1,-1
PIK3R6,-1
TAS2R9,-1
PHLDA1,-1
SEPHS1,-1
OR6N1,-1
NLGN4Y,-1
PON1,-1
DNMT1,1
SCMH1,-1
LRP2,-1
NDUFA9,-1
ZNF92,-1
EDA,-1
LCP1,-1
CASP10,-1
MAP3K7,-1
THBS1,-1
NPLOC4,0
ATG4D,-1
ZDHHC18,0
DDC,-1
CNTNAP1,-1
NPC1,-1
OR2T4,-1
SOCS1,1
OR5AC2,-1
TAOK3,-1
PTK7,-1
GABRE,-1
DPYS,-1
GALNT14,-1
CEP350,-1
HLA-F,-1
POU3F4,-1
AGAP1,-1
HDAC9,-1
ZBTB45,0
KLC1,-1
MYH9,1
ASZ1,-1
KDM6A,1
SMURF1,-1
KCNB2,-1
ZP4,-1
GPRC5A,-1
IRF1,-1
HOXC13,1
LRFN3,-1
TRIM23,-1
PSAT1,-1
SPO11,-1
GABRA2,-1
LDLR,-1
SMC3,-1
DSC2,-1
TPTE2,-1
MBD5,-1
ACACA,-1
MRPS7,-1
AHI1,-1
BEST2,-1
ARL1,-1
NR1H4,-1
TTBK1,0
TNPO2,-1
ZNF184,-1
STRIP2,-1
DNAH10,-1
LIPK,-1
ARIH2,-1
INPPL1,-1
RYR3,-1
IGHV3-43,-1
UNC13C,-1
ZMYM3,1
CNGB3,-1
TRIM9,-1
OR7E24,-1
DECR1,-1
HRH3,-1
SHANK1,-1
DDX53,0
ACTR5,0
CFTR,-1
KCNE3,-1
INTS10,-1
ZSCAN9,0
TRAPPC5,0
OR13C8,-1
UNC5D,-1
SOCS6,-1
RBM45,-1
EGR4,-1
CCNE2,-1
OR4C6,-1
TNFAIP1,-1
ZNF180,-1
TYW1B,-1
RPL7A,-1
HTR7,-1
RBM14,-1
EFTUD2,-1
GATM,-1
ATP2A2,-1
ACSL4,-1
CRB1,-1
NTN4,-1
NPEPPS,-1
UGT1A6,-1
WIZ,0
LMX1B,-1
FPR2,-1
CDC40,-1
TRIM32,-1
TPSB2,-1
GAS2L1,-1
IDUA,-1
TRPC5,-1
CDKN2A,1
PI4KB,0
PROX1,-1
MC3R,-1
MTM1,-1
KIF1B,-1
ADD1,-1
STARD3NL,-1
WNT9B,-1
APBA2,-1
FCER2,-1
RAPGEF5,-1
EPPK1,-1
MED14,-1
SRGAP3,-1
MC4R,-1
GABRR2,-1
PCDH11X,-1
CREBBP,1
HP1BP3,-1
NYAP1,-1
PADI4,-1
GNGT2,-1
KLF17,-1
TMPRSS6,-1
FUS,1
DCHS2,-1
GEMIN4,-1
PDE3B,-1
CPS1,-1
KAT2B,0
CALCOCO1,0
LGR6,-1
PARVB,-1
CYC1,-1
GPR31,-1
BRS3,-1
SCN3A,-1
MAST2,-1
GALNT6,-1
NLRP12,-1
DAG1,-1
PTPRR,-1
TEX14,-1
HAS2,-1
FLNA,1
FRK,-1
MAGED2,-1
KLRD1,-1
PIK3CA,1
A2M,0
FGF20,-1
F11R,-1
PRKACA,1
HIP1R,-1
DENND5A,-1
TRA2A,-1
PCDHB12,-1
SF3B2,-1
LHX2,-1
RDH8,-1
HTR1A,-1
APC,1
RIT1,1
S1PR3,-1
OR4A5,-1
IGLV3-9,-1
GDF5,-1
OR4D6,-1
IQGAP2,-1
ARID4A,-1
FLRT1,-1
ZNF282,-1
KHSRP,-1
PCDH10,-1
COIL,-1
IGHV3-30,-1
LIG3,-1
PCDHB7,-1
HNF4A,-1
CD109,-1
CCNF,-1
EDC4,-1
SF3B1,1
MSX2,-1
ALDOA,-1
FLOT1,-1
ADAMTS2,-1
SIRPA,1
CPA1,-1
TMEM120B,-1
ABCB11,-1
DLG1,-1
VAV1,1
CIB2,-1
IPPK,0
PCDHA8,-1
ALOX12B,-1
PLD1,-1
CYP1A2,-1
VPS13A,-1
ANO3,-1
DLGAP4,-1
NDRG1,1
FCER1A,-1
OR4D9,-1
SETD7,-1
RPL22L1,0
GLUL,-1
EML3,-1
ATOX1,-1
PLXNC1,0
STARD8,-1
TAS2R30,-1
NOL3,-1
PIK3CD,-1
CREB3,-1
GFPT2,-1
RUFY3,-1
ACSF2,-1
MRE11A,-1
ZNF551,0
NID1,-1
CD46,0
NEDD1,-1
PCDHB2,-1
RBM47,0
OR2M4,-1
KIR3DL1,-1
QTRT1,-1
SOX14,-1
ZNF484,0
RPS6KC1,-1
AP5Z1,-1
MCPH1,-1
SLC29A4,-1
SEMA4G,0
ZFP42,-1
DLG4,-1
FAM170A,-1
RXFP2,-1
ZNF19,-1
MLIP,-1
TUBB3,-1
OR14A16,-1
ATP2B1,-1
METTL21C,-1
SLC2A14,-1
TIMELESS,-1
OR4S1,-1
DNASE1L1,-1
TAS2R39,-1
SPTA1,-1
TTC26,-1
FOLR1,-1
ITGB7,-1
PIP5K1C,-1
VNN2,-1
PCDHB11,-1
NPM1,1
PRUNE2,-1
SLC44A4,-1
PDP2,-1
ABCG1,-1
SEMA6D,-1
ROBO1,-1
GRM5,-1
LIN9,-1
SLC6A3,-1
GSPT2,-1
MYBPC3,-1
OR1B1,0
HMBS,-1
NFIB,-1
PASD1,-1
BRWD1,-1
ADRA2C,-1
ASPSCR1,-1
OR2T5,-1
FYCO1,-1
BCL9,1
POU4F2,0
DNM2,1
PAPPA2,0
KCNS1,-1
PCDH8,-1
CACNA1D,1
CLDN6,-1
PILRA,-1
MRAP2,-1
RRAGA,-1
GSTA5,-1
GSTK1,-1
MCMBP,-1
IGHV3-66,-1
EXOC6B,-1
RNF130,0
SLC7A10,-1
RNF169,-1
ERBB3,1
FCRL5,0
ZNF395,-1
MMP27,-1
OSGEP,-1
P2RY6,-1
GABRG2,-1
POC5,-1
SPINK5,-1
SLC9B2,0
EPS15L1,-1
IDO2,-1
DRGX,-1
MECOM,1
MPLKIP,-1
NDUFA4,-1
MCM3,-1
SLC7A8,-1
ONECUT2,-1
LILRA4,-1
SUCLG1,-1
CSNK1D,-1
ACOT12,-1
ANGPT1,-1
CWH43,-1
MIA3,-1
APOA5,-1
SP2,-1
ENTPD1,-1
TRPC3,-1
SLC34A3,-1
UBR2,-1
NCOR1,1
TAF15,1
ELMO3,-1
CRAT,-1
BAG1,-1
CDH12,-1
CRY1,-1
PCMTD1,0
BICD2,-1
CAPNS1,-1
TAS2R60,-1
COLEC12,-1
SASH1,-1
KLHL18,-1
USP12,-1
TPM3,1
S1PR2,-1
SH3BP1,-1
DNM1,-1
ZP3,-1
FGFR3,1
DBT,-1
SLC12A1,-1
CDH7,-1
MCM4,-1
SLC6A11,-1
NUP88,-1
WFS1,-1
TBC1D17,-1
KAT6B,1
SIGLEC9,-1
SLC17A1,-1
ZNF808,0
NMNAT2,-1
ARFIP1,0
AMBRA1,-1
PMM1,-1
XIRP2,-1
HLA-DOA,0
LGI3,-1
RIN1,0
ZNF318,-1
ISG20L2,-1
GEMIN5,-1
CARM1,-1
TACC2,-1
ITGA9,-1
AGTR2,-1
STAU1,-1
SHB,-1
PARN,-1
DGKA,-1
FOXD4L5,-1
OPN1LW,-1
TET1,1
EVI2B,-1
KIF7,-1
HMG20B,-1
SLITRK1,-1
IGHE,-1
SLC36A2,-1
GLP2R,-1
OSBPL6,-1
MTMR4,-1
PLEKHG5,-1
SIGLEC5,-1
LRAT,-1
LARP4,-1
ATXN1,-1
PAF1,-1
AQP7,-1
JADE3,0
KCNJ4,-1
FGL1,-1
CHSY1,-1
OR4N4,-1
F2RL3,-1
CD93,0
CENPM,0
RECQL5,-1
ADAD1,-1
ATP6V1G3,-1
ABCA1,-1
CALCRL,-1
OR51I2,-1
ATP6V0D1,-1
ROCK2,-1
KLHL13,-1
PLEKHG1,-1
OR6C6,-1
ANKFY1,-1
FCGR3B,-1
DPYSL5,-1
HIPK2,-1
LPXN,-1
RAB40A,-1
ORM2,-1
EVI5L,-1
GPR12,-1
DUSP11,-1
CMTM2,-1
TRPC4,-1
ARHGAP21,-1
SLC5A4,0
RRP1B,-1
CPZ,-1
CNKSR2,-1
MARK4,-1
ATRX,1
DRG2,-1
SP1,-1
TUBA1A,-1
KDM3B,-1
CSRNP1,-1
TTC7A,-1
SLC22A12,-1
GGNBP2,-1
IRF4,1
KCND2,-1
IGHV3-48,-1
DAB1,-1
ARHGAP32,-1
SIX5,-1
NPDC1,-1
LCE3A,-1
HNRNPF,0
APC2,-1
OR4D11,-1
GLYR1,-1
CFB,-1
NDUFA3,-1
CKAP2L,-1
SNTG2,-1
NPC1L1,-1
ABCA7,-1
USH1C,-1
SEMA3G,-1
CXADR,-1
USP26,-1
SNX20,-1
ING1,-1
HBG2,-1
ANKRD28,-1
NR5A2,-1
C1QC,-1
MCTP1,-1
KMT2B,-1
SYNRG,0
CFI,-1
UBQLN4,-1
LPIN1,-1
CLEC9A,-1
DDX39B,-1
RNF113A,-1
GPR15,-1
OCA2,-1
ADCY5,-1
ASIC2,0
PI4K2A,-1
DCAF5,-1
IPO8,-1
CLCN6,-1
SREBF2,-1
MTFR2,-1
NKX3-2,-1
KCNA4,-1
ZBTB7B,-1
FAM9A,-1
GPR182,0
GLDC,-1
PARP9,-1
ZNF713,-1
CYTH1,-1
LIMA1,-1
SFXN1,-1
HPSE,-1
DOCK11,-1
SP5,-1
CREB3L4,-1
IFT122,-1
TNFAIP2,-1
ZNF319,0
KRT81,-1
CIDEB,-1
HAO2,-1
VANGL1,-1
KL,-1
TNFSF9,-1
PLEKHG2,-1
HIRA,-1
ARHGAP44,-1
ABCC2,-1
FCHO2,-1
EPS8L1,-1
SLC25A39,-1
VSIG4,0
PCDH19,-1
AVPR1A,-1
CD8A,-1
YWHAE,1
ZNF275,0
REEP2,-1
IGKV2-30,-1
OR4C16,-1
BMP4,-1
GABRA1,-1
MYLIP,-1
KLRC3,-1
SLC3A2,-1
CRNKL1,1
EIF2AK4,-1
ERCC3,1
GLI4,-1
KIF20B,0
REG1B,0
PRDM9,-1
INSR,-1
PUM1,-1
FKBP6,-1
LCT,-1
ARL4D,-1
ACTG2,-1
DNAI1,-1
ADCY4,-1
TMC4,-1
ZNF790,0
KIAA1522,-1
TNIK,-1
TUBA3D,-1
TAS1R2,-1
HRG,-1
PTCH1,1
MTMR7,-1
NDUFAF4,-1
LOXL2,-1
EPHB2,-1
TRIM24,1
SLC6A5,-1
OR13C3,-1
NFX1,-1
GAS2L2,-1
BRIX1,0
BUB1B,1
CELF4,-1
SP6,0
RB1,1
PDILT,0
MFNG,-1
POLR2D,-1
ST6GALNAC3,-1
MGAT5,-1
MYSM1,-1
COLGALT1,-1
ACSM3,-1
CYP1A1,-1
DTX3L,-1
RHOBTB2,-1
GBP7,-1
U2SURP,-1
PLA2G2F,-1
MAPK8IP3,-1
FMNL1,0
PLCL1,-1
SERPINB4,-1
MYH7B,-1
LMNB2,-1
MS4A1,-1
ACSM2B,-1
VPS16,-1
ZNF418,-1
B3GNT8,-1
GMIP,-1
FANCD2,1
PFKM,-1
CLDN17,-1
IL34,-1
AKR1C1,-1
ABCA12,-1
CYP4F12,-1
NFATC2,1
EEF1A1,-1
PRPS1L1,-1
COL14A1,-1
OR13G1,-1
METTL17,-1
RGPD3,1
CHCHD5,-1
FOXA1,1
AP1M2,-1
BPIFB3,0
PDGFD,-1
SCN9A,-1
KRT38,-1
BCL11A,1
SSTR2,-1
ETF1,-1
CD209,1
ZNF3,-1
UACA,-1
SGPP2,-1
RPTN,-1
ATP1A1,1
DDX18,-1
CDCA2,0
MYO16,-1
ZNF619,-1
PDIA3,0
KRT28,-1
ATP2A1,-1
DOCK10,-1
CC2D1A,-1
OR10A3,-1
OR4K13,-1
ROPN1L,-1
CLEC4C,-1
IRAK3,-1
OS9,-1
LRIG1,-1
SPIRE1,0
RPL13A,0
ABL2,1
EXO1,-1
EHD4,-1
PKNOX1,-1
NSUN2,-1
NPHP4,-1
SLC44A2,-1
IMPG1,-1
CKAP5,-1
PIGR,-1
ZBTB2,-1
FOXL1,-1
COL13A1,-1
ANK1,1
SLC27A2,-1
GZMK,-1
TLR10,-1
LEMD2,-1
DUSP10,-1
MYO7A,-1
ZNF629,0
LGI2,-1
MTA3,0
NPNT,-1
SLC9A2,-1
SORCS3,-1
RBBP8,-1
ALG13,-1
PLAGL2,-1
ADCY3,-1
SMCHD1,-1
CCL14,-1
C5AR1,-1
MPDZ,-1
CENPI,0
METTL22,-1
LRP6,-1
TOP2B,-1
COL2A1,1
NDUFS7,-1
CABP2,-1
OTUD6A,-1
NACA,-1
FOXL2,1
COL8A2,-1
NFASC,-1
CRKL,-1
KCNJ8,-1
PPFIA1,-1
CLDN7,0
PCDHA6,-1
PML,1
GALNT15,-1
ZNF540,-1
AP2B1,-1
LARP1B,-1
TGFBR1,-1
VPS13D,-1
OR2T3,-1
CDH22,-1
PSG5,-1
NMUR1,-1
IPO5,-1
OR10G4,-1
KRT17,-1
PFAS,-1
NEMF,-1
SSTR5,-1
AHSA1,-1
AFAP1L2,-1
FHL3,-1
CBX8,-1
ARFGAP1,-1
DOK2,-1
CCNB3,-1
RBM3,-1
SEMA3C,-1
ZNF599,0
LNPEP,-1
NCOA5,-1
NRAP,-1
CD99L2,-1
OR11H12,-1
HOXD4,-1
KRTAP6-1,0
MPPE1,-1
OR51M1,-1
NONO,-1
CCK,-1
EBF2,-1
HEATR5B,-1
APOBEC3F,-1
PAWR,-1
OR2A25,-1
NOSIP,-1
PHKA1,-1
ATP10A,-1
ACAD11,-1
UCKL1,-1
CLDN14,-1
YTHDC1,-1
TRBV4-1,-1
PLEC,-1
OR6B3,-1
SLC1A1,-1
IMPG2,-1
TEK,-1
MAP4K4,-1
ENTPD8,-1
PLAT,-1
KDM5C,1
RMI1,-1
ACAP1,-1
MEP1B,-1
BLK,-1
GATA3,1
PRPF8,-1
TNFRSF10A,-1
ALDH3A2,-1
FARP1,-1
NSUN5,-1
ZNF770,-1
MCHR1,-1
PLEKHG4,-1
PTPN11,1
EGR1,-1
ADAM8,-1
DKC1,-1
FLRT2,-1
OR51S1,-1
FOXS1,-1
KIF24,-1
PABPC3,0
CDH11,1
UGT2A3,-1
RPRM,-1
ENO2,-1
LTBP4,-1
DHX58,-1
CASR,-1
ALCAM,-1
SLC17A7,-1
ESPN,-1
DNAH6,-1
CTTN,-1
REEP3,-1
PARD6B,-1
KAZN,-1
SOX4,-1
LYPD4,0
LILRA3,-1
TFAP2C,-1
PLA2G4D,-1
RNF43,1
IGLV3-19,-1
SMC1A,1
NRK,-1
SPOCD1,-1
CEACAM7,0
SULT1C3,-1
PLIN2,-1
LPCAT1,-1
GCK,-1
TLR8,-1
XCL1,-1
SCN2A,-1
ECHDC2,0
LAMTOR2,-1
TANC1,-1
ZNF544,0
GPR26,-1
CHAMP1,-1
MMP1,-1
VPS53,-1
KATNA1,-1
SMAD1,-1
KCNN2,-1
DCAF6,-1
RECK,-1
TMPRSS11E,-1
UTRN,-1
ZNF76,-1
LILRA2,-1
TRIM59,-1
SUFU,1
PCDHGA11,-1
LRRC4B,0
ZC3H12D,-1
ZBP1,-1
MBD1,-1
SLC16A5,-1
TAGAP,-1
CSE1L,-1
PORCN,-1
SYDE2,0
KCNS3,-1
OR2AK2,-1
NGF,-1
RAB11FIP5,0
USP43,-1
DHX30,-1
BOC,-1
CDH5,-1
COL6A2,-1
NAALADL1,-1
PLCE1,-1
UGT2B17,-1
SLC26A9,-1
PTPN14,-1
MYO9B,-1
COG1,-1
DYRK2,-1
AMPD1,-1
HFE,-1
ZSCAN5B,0
GAK,-1
CPM,-1
AZI2,-1
RP1,-1
TMEM50A,-1
PHEX,-1
PPAN,-1
WDR46,-1
IGHG1,-1
INTS1,-1
KCNV1,-1
PFKFB1,-1
ARSK,-1
FBXL13,-1
RFX7,-1
MAGI3,-1
SART1,-1
TLL1,-1
MSL2,-1
PLEKHG3,-1
MOV10,-1
PPP1R3F,0
HTR1D,-1
ZBTB40,-1
ZNF483,-1
TDRKH,0
MAPK8IP1,-1
TMEM70,-1
GALNT13,-1
CYP2C18,-1
OR5J2,-1
OCLN,-1
GRAMD1A,-1
ZNF800,0
USO1,-1
INTU,-1
SERPINA3,-1
ANPEP,-1
INTS12,-1
ZFYVE28,-1
ATP6V0A4,-1
WDR74,-1
IL1R2,-1
HOXD9,-1
SLC22A11,-1
MINK1,-1
GRM3,1
KCNH3,-1
MUC16,-1
GRK7,-1
TXK,-1
PLEKHG4B,-1
GRIK3,-1
SMARCD2,-1
KRT37,-1
RPS21,-1
MDM4,1
THADA,-1
GP2,-1
GALNT10,-1
PHF2,-1
OR2AG2,-1
OR6C65,-1
ORC3,-1
HNF1A,1
KLKB1,-1
MCM6,-1
CACNB3,-1
GATA1,1
SCFD1,-1
NDST1,-1
IGHV3-7,-1
IVL,-1
RAI14,-1
MACC1,1
MGAT4C,0
ZNF516,-1
ZNF691,0
COL25A1,-1
QRFPR,-1
EIF4G3,-1
BORA,-1
PCDHB14,-1
DLG5,-1
RUVBL2,-1
IL15RA,-1
TNIP3,-1
RNF5,-1
PCDHA1,-1
CLUAP1,-1
GZMM,-1
SYMPK,0
CTHRC1,-1
TRIM71,0
ODF3,-1
CLDN15,-1
ARHGEF1,-1
PLD4,-1
SLC25A11,-1
KCNH2,-1
NETO1,-1
GRM8,-1
SGIP1,-1
TRIM6,-1
GNPTAB,-1
GJB4,-1
NPAS2,-1
TRIM40,-1
NR2F2,-1
SIGLEC11,-1
RPA1,-1
GRAMD4,-1
IDO1,-1
TSSK1B,0
ZNF556,0
CYP7B1,-1
GFM2,0
PDE7A,-1
NCBP1,-1
CUL2,-1
ALG3,-1
RPL18A,-1
BPGM,-1
SOS1,-1
SETD5,-1
REV1,0
ZNF592,-1
MYH14,-1
ZNF449,-1
OR2H1,-1
SMYD3,-1
KCNJ3,-1
ESPNL,-1
ZNF653,-1
ESRRG,-1
SLC29A2,-1
ELL2,-1
NLRP7,-1
EMILIN1,-1
FOSB,-1
ARID3A,0
DDX56,-1
POLR2A,-1
VPS8,-1
SKAP2,-1
MCM2,-1
DIS3,-1
BCAR3,-1
CNTRL,-1
MYO7B,-1
NAP1L2,-1
FCAMR,-1
KNTC1,-1
TCF20,-1
FOXR1,1
CA5A,-1
SUPT20H,0
OTOF,-1
SPRR1A,-1
SYVN1,-1
SEMA4F,0
PMPCA,-1
EFNA5,-1
FLT1,-1
CYP4F3,-1
MAP2K3,-1
ARID2,1
TIPARP,-1
COL9A1,-1
MON1B,-1
ARHGEF17,-1
RHBDD2,-1
UBE3A,-1
EPB41L3,-1
CHRM2,-1
AIRE,-1
RAD50,-1
SYP,-1
WDR7,-1
SCYL3,-1
CPT1A,-1
CR2,-1
SNX27,-1
KDM2B,-1
LAX1,0
CALCOCO2,0
LETM1,-1
PCDHB15,-1
ECHS1,-1
OR9I1,-1
TNFRSF11B,-1
NMS,-1
CD55,-1
RAB3C,-1
PPFIA4,-1
ITGAD,-1
CPD,-1
RTN3,-1
GIGYF2,-1
CYP3A5,-1
FGD4,-1
UNC13A,-1
HSPA1L,-1
L3MBTL4,-1
CCT3,-1
OR5K4,-1
LILRB3,-1
DNAH5,-1
EXOC3L2,-1
KIF18B,-1
KCNU1,-1
KCNG2,0
PLCB1,-1
GJA8,-1
SYNE2,-1
IRF6,-1
HPS6,-1
PLXNB3,-1
USP46,-1
HSP90B1,-1
PNPLA1,-1
SSTR3,-1
NRL,-1
SULT1C4,-1
ITGAX,-1
GPR35,-1
PDE4DIP,-1
PPP2R5B,-1
IGSF1,-1
ENOX1,-1
SPTBN1,-1
AQP1,-1
NVL,-1
COL27A1,-1
INPP5D,-1
CASK,-1
NPHS1,-1
TDRD6,-1
ACVR1,1
CBLB,1
DNALI1,-1
PYHIN1,-1
APOBEC3A,-1
FAM13B,-1
TRIO,-1
TFPI2,-1
HLTF,0
PCDHGA3,-1
ZW10,-1
SVOPL,-1
TUSC3,-1
MDC1,-1
GRPR,-1
PCDHB13,-1
UBR5,1
IL32,-1
SYNE1,-1
RIMS1,-1
FBXO10,-1
IGLV1-47,-1
DGKG,-1
DYNC2LI1,-1
HAP1,-1
MX2,-1
ARHGEF16,0
INCENP,-1
CRP,-1
CLASP2,-1
HOXA6,-1
PTPN13,1
TLL2,-1
DLC1,-1
MAP1S,-1
MYL10,-1
POLR1A,-1
IL11RA,-1
SERPINA12,-1
EPHA5,-1
ZNF347,-1
OR4E2,-1
EPHA6,-1
SURF4,-1
SLC9A1,-1
TM4SF1,-1
PRICKLE2,-1
APOBEC3B,1
ATP10D,-1
OR10H5,-1
RBBP5,-1
UGT1A3,-1
GPKOW,-1
ZFP28,-1
DAAM2,-1
PIP5K1B,-1
TAS2R38,-1
PQBP1,-1
HECW2,-1
BNIP3,-1
ELF4,1
OR2T33,-1
FGF6,-1
ORMDL3,-1
OR4D2,-1
TIAM1,-1
A1CF,1
NFYB,-1
HLA-DQA2,-1
MAN2B1,-1
PMPCB,-1
PRPF3,-1
REXO1,-1
EGFR,1
OR52E4,-1
SIN3A,-1
SEC16B,-1
GRIN3B,-1
IGHV3-73,-1
MMP20,-1
KAT5,-1
TGS1,-1
NCOA2,1
USP45,-1
KCNH1,-1
PLA2G3,-1
XPNPEP2,-1
PGR,-1
CPSF6,-1
ESRRB,-1
MYO6,-1
ZNF302,0
PIWIL4,-1
RNF168,-1
MYOF,-1
AHNAK2,-1
FGFBP1,-1
CEP76,-1
IGHV6-1,-1
TRAK2,-1
IGHV1-45,-1
ARSG,-1
ADAMTS4,-1
RPS6KA3,-1
UNC13D,-1
MRPL55,-1
ZNF609,-1
CD1B,-1
USP6,1
CFH,-1
EZH2,1
BCL2L11,-1
PRKG2,-1
DKK2,-1
ULK4,-1
DEDD2,-1
ABCC1,-1
CHM,-1
MIER2,0
MSN,-1
ZNF689,-1
TRAF3IP2,-1
TRBV3-1,-1
ZSCAN1,0
NKTR,-1
LRRC55,-1
LRBA,-1
PCDHGC3,-1
ARHGEF11,0
PRPF40B,1
FOXJ3,-1
MYOZ2,-1
PIM2,-1
MAGEB4,-1
ACR,-1
KIF3A,-1
CHD5,-1
ZNF417,0
SMYD1,-1
FAM98A,-1
TAF4B,-1
BNIP1,-1
SLC9A3,-1
USP32,-1
CD7,-1
OVOL1,-1
MAGEA12,-1
MLLT3,-1
DCTN4,-1
RTTN,-1
KRT25,-1
OR5W2,-1
RIN3,-1
POU2F1,0
GSTA1,-1
UGT2A2,-1
PTPRC,1
OR14I1,-1
XRCC6,-1
GBP4,-1
LOXL3,-1
TBCD,-1
PCDH17,-1
CD53,-1
KDM4D,-1
CHMP2A,-1
EIF4E3,-1
NECAP2,-1
GPC3,1
CCPG1,-1
POLG2,-1
SYCP3,-1
WNT10B,-1
EXOC6,-1
IL20,-1
DACH1,-1
IMPDH1,-1
HNRNPH3,0
SCNN1B,-1
KCNA6,-1
CD151,-1
SP3,-1
SIPA1L1,-1
FLYWCH1,-1
IGSF8,-1
MORF4L2,0
CD36,-1
TP63,1
CNTN1,-1
MUSK,-1
CHPF2,-1
TRIM58,-1
TFAP2D,-1
IRF2,-1
USP6NL,-1
TRIM8,-1
GNAT3,-1
LMCD1,-1
TRIM55,-1
KLF11,-1
ABCB8,-1
ATOH1,-1
RHAG,-1
WDR33,-1
LCAT,-1
NISCH,-1
ZFP36L1,-1
ARHGEF7,-1
SNX30,0
BACH1,-1
CD276,-1
SON,-1
SLC25A23,0
ZNF358,-1
RHOH,1
INS,-1
OR8G1,-1
SIPA1,-1
KCTD19,-1
TCEA1,-1
IHH,-1
LRFN4,-1
SLC13A2,-1
AMHR2,-1
PNLIP,-1
GEM,-1
ITIH2,-1
ENC1,-1
ADA,-1
FAP,-1
UBA7,0
NPTX2,-1
OR11H6,-1
SLC10A7,0
ASB3,-1
TRPM8,-1
SLC7A11,-1
PGK1,-1
GLI1,1
ELK3,-1
RNF112,-1
LRRC8D,-1
VCAN,-1
NFXL1,0
PRDX6,-1
OR10V1,-1
KCNK3,-1
FGD5,-1
KCNA1,-1
USP24,-1
TSEN54,-1
RGS6,-1
ZP2,-1
NELL1,-1
IGHV1-18,-1
MYO1A,-1
IL1RL2,-1
ZMIZ1,-1
DOCK6,-1
OR10AG1,-1
SLC39A7,-1
HCFC1,-1
KIT,1
RGL1,-1
LAMC2,-1
SYNGAP1,-1
SEC11A,-1
SCN10A,-1
LILRB1,-1
IL27RA,0
SRF,-1
LRWD1,-1
PLXNA4,-1
INTS5,-1
RAD51B,1
EIF4E1B,0
ZKSCAN1,0
ANKLE2,-1
HELQ,-1
OR5M11,-1
SLC1A7,-1
COL23A1,-1
PCGF3,-1
SIGLEC15,-1
EPHB1,-1
CYTH4,-1
OR11A1,-1
CETP,-1
ZNF136,-1
CDH18,-1
EPHA10,-1
CDH1,1
EXOSC10,-1
VPS51,-1
BNC1,-1
AKAP11,-1
GRK1,-1
TGIF2LX,-1
ATF7IP2,-1
NUBP1,-1
FLG,-1
ELK1,-1
SERPING1,-1
MIB1,-1
SLC30A5,-1
SCN11A,-1
TESK1,-1
ARX,-1
RXRA,-1
ZNF697,-1
ZSCAN18,0
OTUD4,-1
SEC16A,-1
OR4D10,-1
ZNF787,0
LY96,-1
ESYT3,-1
PICK1,-1
WDR36,-1
KIF2B,-1
SNX24,0
MFF,-1
SLK,-1
PIKFYVE,-1
TMOD3,-1
TIE1,0
OGFOD1,-1
DPP9,0
ERC2,-1
BCL7A,-1
ZNF649,-1
ZNF622,-1
OR1N1,-1
CST9,-1
KSR1,0
TULP4,0
SPSB1,0
ACAP2,-1
SMARCA4,1
TFAP2A,-1
LHX5,-1
SUPT3H,-1
MUC3A,-1
SYCP1,-1
ISY1,-1
CLCA1,-1
MLLT1,-1
MKRN2,-1
PKD1L1,-1
MAPKAPK2,-1
CDHR5,-1
STEAP4,-1
KIF13B,-1
NCKAP1,-1
HDAC8,-1
ZNF440,0
ASAH1,-1
GABBR2,-1
RHOXF1,-1
SLC7A5,-1
BFSP1,-1
MAST1,-1
SNX14,-1
HSD17B10,-1
PCDH7,-1
AMOTL2,-1
SCN8A,-1
IFNE,-1
HSPA13,0
MED22,0
MYH2,-1
AHR,-1
OR5M10,-1
LTBP1,-1
NFIC,-1
RAP2C,-1
ANKRD50,-1
RPL10L,0
GPC6,-1
WDR76,-1
KLHL3,-1
TTLL4,0
CABLES2,-1
PCDHA12,-1
ZNF709,-1
DDX41,-1
AHCYL2,-1
TUBA4A,-1
ATG12,0
TRIM65,-1
MYH8,-1
TCF12,-1
AP3D1,-1
LRP1B,1
CEP44,0
POM121C,-1
PRG2,-1
ARHGAP35,-1
TFDP1,-1
DUSP22,-1
BCL3,1
AVIL,-1
ZNF174,-1
PTN,-1
KCNE1,-1
PCDHGB2,-1
DNTT,-1
MN1,1
CADM1,-1
ZNF624,0
UBQLN2,-1
TPSD1,-1
CRADD,-1
ZFC3H1,-1
NDUFA10,-1
IFNLR1,-1
MIEF2,0
OR5AU1,-1
FTSJ1,-1
INSRR,-1
PABPC4,-1
APBB1,-1
MAGED1,-1
ICAM2,-1
ERCC6L,-1
ATG2B,-1
OR51T1,-1
HPN,-1
OXSM,-1
OR5K1,-1
WDHD1,-1
STAT1,-1
RIC8B,-1
VPS72,-1
SLC4A5,-1
GAPDH,-1
TPCN2,-1
FZD1,-1
SPP2,-1
RPA4,-1
OR4D5,-1
LRRC8B,-1
SLC30A3,-1
EIF4H,-1
IRX4,-1
OR4C46,-1
BMP5,1
CACNA1A,-1
USE1,0
PKN3,-1
XDH,-1
SLC26A2,-1
PHF20L1,-1
ADH1C,-1
BMP1,-1
RPH3AL,-1
PSMB11,-1
PPP2R2B,-1
ZBTB34,-1
TRIP12,-1
TKT,-1
DZIP3,-1
TOM1,-1
RPP25,0
IFNL3,-1
ATP6V1G2,-1
BACH2,-1
TNFRSF4,-1
GC,-1
CACNG3,-1
GK2,0
GTF3C6,-1
PXN,-1
CHCHD10,-1
POLR3B,-1
TBP,-1
ABCC4,-1
CYP8B1,-1
LHX8,-1
APOA4,-1
ELP5,-1
PDE10A,-1
MAPK15,0
GAPDHS,-1
KIAA0319,-1
ZNF672,0
IGKV1D-16,-1
TRAV16,-1
IRX5,-1
ZNF101,-1
TIMM44,-1
SCN1A,-1
OR5M3,-1
ALX1,-1
ESRP2,-1
OR13C9,-1
ARHGAP4,-1
FAT2,-1
