genename,label
LRRC25,-1
MAST4,-1
NCKAP1L,0
CFH,-1
OR10G8,-1
SMC6,0
CACNA1H,-1
TAB3,-1
RBL1,-1
SVIL,-1
ECT2,-1
OSBPL6,-1
BMP8A,-1
COL24A1,-1
DNASE1,-1
RP1L1,-1
ALMS1,-1
TOX3,-1
SH3BP4,-1
GOLGA1,-1
MECP2,-1
MAP3K4,-1
ITSN1,-1
GFI1B,-1
PER2,-1
AQP7,-1
IFNA7,-1
TMC1,-1
IDH1,1
SETD2,1
ZP1,-1
MSN,-1
FGFR1,1
TRAV8-2,-1
DOCK7,-1
STX8,-1
KCNB1,-1
APBA1,-1
SHPRH,-1
SCGB3A2,-1
ZNF182,-1
PLCB4,-1
UBXN6,-1
EPS8,-1
NKTR,-1
CA2,-1
LCE1E,-1
ATP6V1G3,-1
TFAP2C,-1
SCP2,-1
IQCE,-1
CALCRL,-1
BRAF,1
PCDHGC3,-1
PDP1,-1
SCRIB,-1
RBM12B,-1
RPGR,-1
TTLL1,-1
LSM14B,0
ROCK2,-1
DKK3,-1
BCL11B,1
SLC9A8,-1
DNAH7,-1
MED13L,-1
LMNA,-1
FADD,-1
CNTN2,-1
PIM2,-1
OSBPL7,-1
HECTD1,-1
TAF1,-1
SCN2A,-1
GPR50,-1
CD163,-1
ECHDC2,0
MKI67,-1
ZFPM2,-1
GPX4,-1
TCEA2,0
SYT9,-1
NEDD9,-1
MGST1,-1
RAD54B,-1
FAT1,1
CHD5,-1
MCHR2,-1
DUOX2,-1
RAB40A,-1
ZNF417,0
DOCK2,-1
PRAME,-1
DHX16,-1
SUPT7L,-1
USP34,-1
CSPP1,-1
NFE2L2,1
ADAMTS10,-1
ETV1,1
MSR1,-1
TRAV3,-1
PDLIM5,0
LCE2B,-1
NUDCD2,-1
JAK2,1
OR4K1,-1
TNXB,-1
SLC9A3,-1
ABCA13,-1
OR6Y1,-1
HDLBP,-1
DCN,-1
PIGS,-1
UTRN,-1
USP32,-1
RASGRP2,-1
CEP192,-1
RYR1,-1
TOP1MT,-1
MYH9,1
CST5,-1
LHX1,-1
CPXM1,-1
OR8H3,-1
NR0B2,-1
SUCO,0
BARHL2,-1
CPZ,-1
CYP4A11,-1
PDZRN3,-1
SF3A3,-1
VPS13C,-1
ASZ1,-1
ABCC9,-1
ADAM20,-1
ATP9B,-1
MED26,-1
ATF7IP,-1
AMER1,1
ALOX15,-1
OR8D1,-1
ECD,-1
TADA3,-1
SMC4,-1
MARK4,-1
STK25,-1
CCT4,-1
ATRX,1
GIT2,0
SULT6B1,-1
CASP2,-1
SLC25A21,-1
DYNC2H1,-1
AKAP5,-1
RNPS1,-1
NOTCH4,-1
DENND4A,-1
FMOD,-1
SIPA1L2,-1
ARID3C,0
PREB,-1
RGL4,-1
MRC2,-1
NRN1L,0
ZNF845,0
FAM83D,0
GTF2I,-1
CDT1,-1
PSAT1,-1
HRC,-1
WWP1,-1
GABRA2,-1
PDE4D,-1
KCTD3,-1
ANK3,-1
ZNF608,-1
OR5H6,-1
BATF,-1
ZNF574,0
COL12A1,-1
MMP14,-1
LRP1,-1
KCND2,-1
ZNF503,-1
HTT,-1
ADAMTS3,-1
TLR4,-1
PRICKLE3,-1
CPA4,-1
CACNA1F,-1
ZNF569,-1
MAL,-1
TTN,-1
IQSEC2,-1
FBXO21,-1
ZNF773,0
KLF10,-1
DSC2,-1
YEATS2,-1
MBD5,-1
OR52I1,-1
STAB1,0
TBXA2R,-1
GTSE1,0
ACACA,-1
PRKACB,-1
MATR3,-1
APC2,-1
SLC26A9,-1
PTPN14,-1
SERPINB9,0
SLC13A4,-1
KIF15,-1
ABCA2,-1
PROS1,-1
GATAD1,-1
PRKCB,1
TP53,1
PCID2,-1
CSDE1,-1
MYPN,-1
SCNN1B,-1
ITGAV,1
KCNA6,-1
OGT,-1
ZNF35,-1
SZT2,-1
SEMA3G,-1
CXADR,-1
TNPO2,-1
ZFHX4,-1
BCR,-1
LLGL1,-1
SLC13A5,-1
GAK,-1
GLI3,-1
CYP11B2,-1
CCDC88C,-1
SNX20,-1
DCAF11,-1
OR8A1,-1
KIF20A,-1
LRP8,-1
CDC73,1
MUC17,-1
FOXI2,-1
VPS37A,-1
DNAH10,-1
TAS2R8,-1
FFAR2,-1
THOC1,-1
DLEC1,-1
DCK,-1
RYR3,-1
TP63,1
FGF5,-1
IGF1R,-1
IL21,-1
CNTN1,-1
IGHV3-43,-1
NRXN3,-1
AKAP13,-1
KCNJ16,-1
ZNF341,-1
AOC3,-1
ZEB2,-1
TFAP2D,-1
EHMT1,-1
PPRC1,-1
PSMD1,-1
CNGB3,-1
DPP6,-1
DOCK9,-1
PPP1R3F,0
FBXL20,-1
DHTKD1,-1
COL20A1,0
PHRF1,-1
IPO8,-1
NBEA,1
RABEPK,0
PRKD2,-1
TRIM17,0
AURKC,-1
YWHAQ,0
COPS5,-1
CTDSP2,-1
GLE1,-1
COL6A3,-1
SPDL1,-1
DGAT2,-1
PCDHGA4,-1
ATP8B1,-1
SHC1,-1
TNRC6A,-1
GABRA4,-1
PIK3R5,-1
PRRC2C,-1
MATN2,-1
CASP3,1
IKZF3,-1
INPP1,-1
CELSR3,-1
RNF213,-1
CRELD2,0
ARSI,-1
HCN1,-1
BAG3,-1
TRIM3,-1
ZNF564,0
SSH1,-1
WDR33,-1
USO1,-1
RPRD2,-1
DCAF17,-1
MAPK6,0
TFIP11,-1
RBFOX2,-1
LGALS9C,-1
PLEKHA7,-1
SACM1L,-1
AAAS,-1
DYSF,-1
METTL21A,-1
STK11IP,-1
FAM83A,-1
MMP8,-1
CCDC40,-1
SLC22A11,-1
KRT6C,-1
FBF1,0
MINK1,-1
KIF2A,-1
BIRC6,1
ATP9A,0
SLC25A23,0
AHRR,-1
DIDO1,0
SERPINA10,-1
C5,-1
BCAR1,-1
ONECUT1,-1
CACNA1E,-1
SBF1,-1
LAMB2,-1
PEX5,-1
RNF10,-1
HNF1B,-1
MUC16,-1
PHLDB2,-1
ANXA5,-1
SLC25A39,-1
ZSCAN31,0
VSIG4,0
TUBA8,-1
CD300C,0
IGFBP3,-1
CRHR2,-1
ZNF462,-1
ARHGAP10,-1
OR2L2,-1
IHH,-1
FGD6,-1
SDF2,-1
PLEKHG4B,-1
RPS6KA5,-1
DGUOK,-1
GPR135,-1
EGLN1,-1
LMX1B,-1
TPO,-1
KBTBD2,-1
STOML3,-1
PDE1B,0
ATP1B4,0
ENC1,-1
THADA,-1
GP2,-1
SKA3,0
IL19,-1
KRT3,-1
DGAT1,-1
LIG1,-1
GRIK1,-1
GAD1,-1
KRT72,-1
CDKN2A,1
ZNF780A,0
ANAPC11,-1
RAB39B,-1
DMBT1,-1
PTPN12,-1
ARHGEF15,0
ARHGEF12,1
OR8J3,-1
CUL1,-1
USP28,-1
PLCH1,-1
BMP4,-1
NDN,-1
MC3R,-1
DVL2,-1
MLXIP,-1
SLIT1,-1
IVL,-1
NEK4,-1
ZNF516,-1
ARHGAP39,-1
ATP8B2,-1
ILF3,-1
WNT9B,-1
RGS14,-1
EIF3K,-1
EPHA3,1
ERCC3,1
CYTH2,-1
PLXNA2,-1
URM1,-1
ADAMTS8,-1
SERPINF1,-1
DHX37,-1
NKAP,-1
CHRM3,-1
CACNB2,-1
CLTCL1,1
BRCA2,1
SETD1A,-1
PGLYRP2,-1
QRFPR,-1
GPNMB,-1
EIF4G3,-1
CHST5,-1
MALT1,1
TPR,-1
CDK19,-1
GATAD2B,-1
EIF3L,0
GOLGA4,-1
VPS54,-1
DLG5,-1
GCKR,-1
LCT,-1
STK17B,-1
TSHZ1,-1
RUNX1T1,1
IL15RA,-1
PCDHB4,-1
SEMG2,-1
OR10X1,-1
MDK,-1
CEP250,0
TEKT1,-1
ZFP2,0
PSG2,-1
ALPK1,-1
MED30,-1
TEX10,-1
CAMTA1,1
SLC26A3,-1
ATP12A,-1
ME3,-1
SLITRK4,-1
LUM,-1
NPY1R,-1
TBC1D10C,-1
FEM1B,-1
ZNF493,0
AP4E1,-1
NUP98,1
PPP1R17,0
PLG,-1
DDX21,-1
KDM4B,-1
HDAC2,-1
KIT,1
EPOR,-1
CACNA2D3,-1
AKAP8L,-1
TNKS,-1
MCOLN2,-1
TGFBR3,-1
SLC38A6,-1
BCOR,1
GOT1,-1
SCN10A,-1
LSM11,-1
EMC1,-1
CD180,-1
CDC20B,-1
PIF1,-1
COL5A3,-1
CEP164,-1
TNK2,-1
R3HDML,0
NLRP12,-1
OLIG3,-1
ALS2,-1
CDH20,-1
TEX14,-1
FOXA2,-1
AHCTF1,-1
ARNT,1
IL18RAP,-1
TPI1,-1
MATN4,-1
HRNR,-1
BICD1,-1
UVSSA,-1
ZKSCAN1,0
GAS2L2,-1
NCR1,-1
SIGLEC11,-1
CHRNA9,-1
TRPC6,-1
PSD4,-1
IL6ST,1
GABBR1,-1
KLRD1,-1
PTBP1,-1
VCP,-1
BHLHE40,-1
BRD1,0
POLE2,-1
A2M,0
OR52I2,-1
CGGBP1,-1
F11R,-1
ELF3,1
ZNF485,0
HIC2,-1
KLC4,0
DAB2IP,-1
MFNG,-1
CLK2,-1
SLC5A1,-1
PCDHB12,-1
CD300LB,-1
ARNT2,-1
VCAM1,-1
PRDM2,1
RPL27A,-1
CPT1C,-1
RDH8,-1
OR2W3,-1
TP53BP1,-1
FBXW12,-1
OR52M1,-1
ZBTB47,0
NEURL1,-1
APC,1
MUC5B,-1
SCARB1,-1
LPA,-1
FBXO28,-1
ZBTB14,0
PAQR3,-1
CDKN2C,1
VAMP3,-1
LTBP2,-1
MYH14,-1
IQGAP2,-1
METTL1,-1
RPS4X,-1
GMPR,-1
SUN1,0
MED12,1
INPP5F,-1
FLG,-1
COL16A1,-1
FEZ1,-1
OBSCN,-1
OTUD3,-1
LRRN2,-1
HAVCR1,-1
ZHX2,-1
ZNF419,-1
IL13RA1,-1
ACSM3,-1
MMP15,-1
SESN1,-1
P2RX4,-1
PRPS2,-1
COLGALT2,-1
RBP4,-1
KIR2DS4,-1
ZNF777,-1
PIGW,-1
KCNH6,-1
PLXNA3,-1
SLC30A5,-1
ARAP3,-1
FBXO33,-1
LSS,-1
ZNF823,-1
CGNL1,-1
NYNRIN,-1
ARHGAP9,-1
PRELP,-1
PUM2,-1
TAF4,-1
NXT2,-1
PLCL1,-1
NINL,0
ADAMTS12,-1
POLR2A,-1
VPS8,-1
MXD3,-1
LPCAT3,-1
GLG1,-1
ADCY10,-1
KMT2C,1
IGHD,-1
EPAS1,1
ZNF471,-1
P4HA2,-1
ACSM2B,-1
KIF2B,-1
PPP1R13L,-1
ENOX2,-1
DSE,-1
PCDHA10,-1
CYP11B1,-1
OR2A2,-1
PFKM,-1
ROBO4,-1
VAV1,1
IL34,-1
ZEB1,1
UNC5A,-1
MAGI2,-1
SUPT20H,0
PLP1,-1
ARL6IP4,-1
IPPK,0
DPP9,0
ERC2,-1
OR10H2,-1
RNF19A,0
IP6K1,0
ABCA12,-1
EPX,-1
IRF7,-1
MYH4,-1
HSP90AA1,-1
ANO3,-1
OR4K2,-1
STON2,-1
NXF3,-1
SCO2,-1
DPPA2,-1
AGTPBP1,-1
ALDH1L2,-1
GREB1,-1
EXOC2,-1
FLT1,-1
PNISR,-1
SULF1,-1
ZNF407,-1
CACYBP,0
ARID2,1
PIGP,-1
IL4R,-1
ADH4,-1
SLC20A1,-1
TIPARP,-1
DST,-1
GJA5,-1
TPX2,-1
MAGEE1,-1
PRMT1,-1
MYBL1,-1
LILRB5,-1
FCRL3,0
GBP1,-1
TBX2,-1
DNMT3A,1
PARD3,-1
PDPN,-1
RAI1,-1
OR2J3,-1
RXRB,-1
EYA3,-1
HSPBP1,-1
TBC1D2,-1
ASB9,-1
RUFY3,-1
BZW1,0
ATP1A4,-1
FMN2,-1
ALDH1L1,-1
EPB41,-1
ARHGEF10L,1
DNAH8,-1
ZNF510,0
CLCA1,-1
MYO5A,-1
ERCC8,-1
GTPBP10,-1
ARHGAP30,-1
MLLT1,-1
TRRAP,1
NID1,-1
PKD1L1,-1
TEX11,-1
UNC79,-1
CRHR1,-1
LAMC1,-1
KIF13B,-1
ALS2CL,-1
ANKRD17,-1
ADH6,-1
NCKAP1,-1
JADE2,0
MLH3,-1
NID2,-1
SUPT16H,-1
RPS6KC1,-1
LGALS14,0
EVPL,-1
FANCI,-1
RP9,-1
ZFHX3,1
ATP2A1,-1
MCUR1,-1
SLC44A1,-1
CDK5RAP3,-1
PCDHB6,-1
GULP1,-1
OAZ3,-1
SCN4A,-1
OR52D1,-1
CC2D1A,-1
BSN,-1
SOCS5,-1
FANCC,1
ACADM,-1
CBLN2,-1
METTL21C,-1
F13A1,-1
HCN2,-1
TINAG,-1
SRP72,-1
LETM1,-1
SOX5,-1
JAM3,-1
TIMELESS,-1
EDAR,-1
ATP7A,-1
USP15,-1
LCA5,-1
POLE3,-1
NSUN2,-1
NUP205,-1
NPHP4,-1
CCT2,-1
EPHX1,-1
FZD8,-1
GCHFR,-1
SPTA1,-1
GPS1,-1
AGO2,-1
ROBO2,1
COL11A2,-1
CHMP4B,-1
ABCC10,-1
MTOR,1
AHDC1,-1
ATAD3B,-1
LTBP1,-1
KMT2D,1
GPRC5C,-1
CKAP5,-1
INO80E,0
HS3ST1,-1
GIGYF2,-1
TADA2B,-1
LAMA3,-1
ATF3,-1
ABCA9,-1
EHBP1,-1
POLE,1
CCT6B,-1
GGT7,-1
ZNF324,-1
CXXC4,-1
SLC1A3,-1
OR7C2,-1
ALDH1A3,-1
F12,-1
CCL13,-1
HYDIN,-1
ABCD3,-1
ZNF629,0
CYP4F2,-1
SRGAP2,-1
NUP107,-1
ALK,1
RALGAPB,0
PRUNE2,-1
VHL,1
DPEP1,-1
BIRC3,1
DNAH5,-1
FXR1,-1
PCMTD2,0
AHNAK,-1
PSMA7,-1
RNF149,0
SLC8A2,-1
EPS8L2,-1
BBS2,-1
DPPA4,-1
FGF16,-1
SEMA6D,-1
PCK1,-1
OR4F6,-1
MYO5B,-1
ROBO1,-1
FGD2,-1
ADCY6,-1
CACNA1C,-1
MYH8,-1
PCLO,-1
PLCB1,-1
RRBP1,-1
NASP,-1
HERC1,-1
ADAMTSL4,-1
LIN9,-1
SYNE2,-1
BBC3,0
AKAP4,-1
KRT35,-1
BARD1,1
MAGEC1,-1
HP,-1
ZNF311,0
TRIM62,-1
DNAH9,-1
PRG2,-1
TLN1,-1
RABGGTA,-1
MRPS2,-1
RFTN1,-1
SSTR3,-1
LARP1,-1
SDC2,-1
WDR20,-1
MUC21,-1
HSPG2,-1
OR6C76,-1
KLHL7,-1
NRL,-1
THBS2,-1
LRP6,-1
ITPR3,-1
CCDC86,-1
PAPPA2,0
AZIN1,-1
GGT5,-1
DNTT,-1
IGSF1,-1
KAT6A,1
MN1,1
NAPB,-1
FAF1,-1
CACNA1D,1
RAD51AP1,-1
NDUFS7,-1
FBXO8,-1
CYP2A6,-1
COL19A1,-1
EML2,-1
SLC22A5,-1
NPHS1,-1
RET,1
C1S,-1
SAT1,-1
LPAR4,-1
CSGALNACT1,-1
ZFC3H1,-1
BAZ2A,-1
CHD3,-1
MYH3,-1
PAXIP1,-1
MLLT4,-1
FASTKD5,-1
BPTF,-1
DOCK4,-1
OMD,-1
MRPL38,-1
CTCF,1
REPIN1,0
ZNF507,0
RADIL,-1
POU6F2,-1
TRIO,-1
PHIP,-1
AFF4,1
APBB1,-1
F8,-1
GRIN1,-1
RAB39A,-1
BCHE,-1
SVOPL,-1
DNAH3,-1
MDC1,-1
GRIP1,-1
PML,1
P2RY1,-1
GANAB,-1
TANK,-1
ODAM,-1
PRKAR1A,1
ERCC6L,-1
ZNF491,0
MMP27,-1
KCMF1,-1
TIAM2,-1
HAPLN4,-1
MUC5AC,-1
KIF3C,-1
CORO7,-1
ANAPC7,-1
P2RY6,-1
KRT78,-1
SPINK5,-1
MLPH,-1
RRAS2,-1
PKP4,-1
ASPH,-1
TRIP11,-1
KDM6B,-1
FGFR2,1
MGAT2,-1
RAB22A,-1
HAP1,-1
SPIC,-1
BOD1L1,-1
ZNHIT1,-1
SALL1,-1
TRAF2,-1
ZNF77,-1
TUB,-1
POLR1B,-1
PPP6C,1
USP9X,-1
LYST,-1
SALL4,1
ADAM2,-1
CLASP2,-1
ZMYND8,-1
JUN,1
FAM72B,-1
ZSCAN21,0
DNAH1,-1
MYO5C,-1
PTPN13,1
PRPF6,-1
PAX3,1
ARL13B,-1
TUBGCP6,-1
CDC42BPA,-1
ZNF676,0
EGF,-1
DNAH17,-1
ACOT12,-1
UPF2,-1
STAT3,1
POLR1A,-1
SMG8,-1
PGLYRP4,0
IWS1,-1
LGALS9B,-1
APOL2,-1
COL11A1,-1
WNT3,-1
SIGLEC6,-1
HLX,0
ZNF426,0
RBM24,-1
ARHGAP22,-1
MTFR1,0
PARD3B,0
NF1,1
PADI1,-1
ENAM,-1
PRICKLE2,-1
SDHA,1
STAB2,0
TGM5,-1
ATP10D,-1
CACNA1A,-1
TPCN1,-1
RBBP5,-1
RPS27A,-1
RORC,-1
XDH,-1
SLC26A2,-1
COG2,-1
FAT4,1
RANBP2,1
IFIT3,-1
RC3H1,-1
CDK5RAP2,-1
BRWD3,-1
ZNF394,0
NLRP6,0
TBC1D10B,-1
ATG9B,-1
BMP1,-1
SORBS1,-1
IRAK4,-1
KCNH5,-1
PTPRD,1
SSX3,-1
TFR2,-1
PTGS1,-1
PAX1,-1
IQSEC3,-1
MEPE,-1
WT1,1
CTH,-1
HPS4,-1
CHSY3,-1
PQBP1,-1
HECW2,-1
ORC5,-1
IRX6,-1
ITGAM,-1
PTCRA,-1
PHKA2,-1
PRPH2,-1
ACTL8,0
EIF3B,-1
PAOX,-1
JAG2,-1
TAS2R60,-1
PCDHGA7,-1
DNAI2,-1
LONP1,-1
TSC2,1
IDE,-1
PAIP1,-1
TAB2,-1
SPDYA,-1
HAT1,-1
PPM1M,-1
SLC46A1,-1
SH3BP1,-1
AKAP9,-1
HRAS,1
CSTL1,-1
SLC25A44,-1
ANKRD27,0
ZNF528,-1
PYGB,-1
SYT3,-1
GPCPD1,-1
CSTF1,-1
PDE4A,-1
RAB3GAP2,-1
MEFV,-1
MGA,-1
LRRC7,-1
TDGF1,-1
SUPT6H,-1
ZNF799,-1
IGKV3-20,0
MLLT6,-1
OR51B4,-1
FBXO32,-1
MYO1H,-1
ITGA10,-1
ZNF519,0
SIGLEC9,-1
SLC17A1,-1
SLC11A1,-1
ETV6,1
ROBO3,-1
ST6GAL1,0
DNAJC7,0
NOTCH3,-1
MARK2,-1
OR1J1,-1
ZNF687,-1
PREX2,1
ZNF776,-1
DDI2,-1
MGAT4A,-1
ATR,1
POLR3B,-1
PMM1,-1
SEH1L,-1
RAB35,-1
FOXM1,-1
PLAT,-1
DGKH,-1
SEC16B,-1
SYTL4,-1
AMOT,-1
MAGEB1,-1
FCN1,-1
KDM5C,1
SYT6,-1
GRIA2,-1
GABRR1,-1
SIX4,-1
IRF9,0
TMEM126B,-1
GTF3C1,-1
KIAA0319,-1
CHST15,-1
PGR,-1
EHF,-1
BPIFA1,-1
FAHD2A,-1
C2CD3,-1
SPDYE3,-1
SPEN,1
TACC2,-1
ATF1,1
PRPF8,-1
PSD3,-1
ZNF148,-1
MMP2,-1
PI3,-1
GPR132,-1
SHB,-1
ZNF613,0
RNF168,-1
ELFN2,0
GALNT4,-1
VEZT,0
COG5,-1
PARN,-1
COG7,-1
ATP1B1,-1
POLR3A,-1
AHNAK2,-1
MRI1,-1
RFX3,-1
XRN1,-1
IGHA2,-1
TDRD9,-1
HPS3,-1
MAML3,-1
TERF2,-1
KLRC2,-1
TRAK2,-1
CARD18,-1
IGHV1-45,-1
PHC3,0
ART1,-1
MTR,-1
TCAP,-1
CRYBB1,-1
UNC13D,-1
ZNF287,-1
FLRT2,-1
NEB,-1
JADE1,0
IGHG4,-1
LARP4B,1
MRPL46,-1
FKBP9,1
COL15A1,-1
HOXD11,1
HUWE1,-1
CD1B,-1
SLC36A2,-1
