genename,label
FREM2,-1
SETDB2,-1
OR2G6,-1
RBL1,-1
SCIN,-1
HELLS,-1
STIL,1
RP1L1,-1
DBN1,-1
GALNT5,-1
HAGH,-1
MAP3K4,-1
TSHZ2,-1
RRP12,-1
SPRR2A,-1
PRKCH,-1
CHD2,1
PLCB4,-1
CNOT3,1
GCC2,-1
ZFYVE16,-1
IGHA1,-1
GRIK5,-1
WFDC8,-1
CYSLTR2,1
NEFM,-1
GPR68,-1
POLD2,-1
DNAH7,-1
HIVEP2,-1
CNTNAP1,-1
TGM2,-1
OR4K15,-1
TAOK3,-1
ENPP2,-1
DMRTB1,-1
RANBP17,-1
PCGF5,-1
ITGB6,-1
TAOK1,-1
TCOF1,-1
NDRG2,-1
RBM10,1
CEP350,-1
SOX13,-1
LCE2B,-1
KLF1,-1
HLA-F,-1
PASK,-1
HERC3,-1
DCN,-1
HDAC9,-1
GADD45G,-1
ARHGAP11A,-1
ADAMTS6,-1
CUBN,-1
ALAD,-1
U2AF1,1
ABCC9,-1
FKBP8,-1
ZNF320,-1
ATF7IP,-1
COL18A1,-1
FOXRED2,-1
RAD9B,-1
FAM83B,-1
SCUBE2,-1
ZP4,-1
RAB11FIP4,-1
MTHFD1L,-1
OR8D2,-1
PSMD5,-1
PARP1,-1
KCND3,-1
RBM15,-1
DAAM1,-1
ZBTB20,-1
IDI1,-1
NAP1L1,-1
MDGA1,-1
LRFN3,-1
UBA2,-1
HOOK3,-1
MAP1B,-1
GABRA2,-1
LDLR,-1
UBL7,-1
ZNF814,-1
MED29,-1
RNF217,-1
ZNF503,-1
TTN,-1
MLXIPL,-1
IQSEC2,-1
SLC14A1,-1
SMC3,-1
DSC2,-1
HAUS5,-1
TBXA2R,-1
ACACA,-1
BEND3,-1
MRPS7,-1
ERG,1
OR6C2,-1
GPR6,-1
CXCR3,-1
AHI1,-1
CACNA2D1,-1
CDH8,-1
NLRP4,-1
RFWD3,1
DTL,-1
DNAH14,-1
KLRK1,-1
TTBK1,0
PYGL,-1
GNS,-1
TNPO2,-1
ZFHX4,-1
ZNF184,-1
LIME1,-1
BZW2,-1
SEC24B,-1
DNAH10,-1
SCUBE3,-1
CCT6A,-1
VAT1L,-1
GIPC1,0
RYR3,-1
ARHGEF3,-1
IGHV3-43,-1
TMEM63C,-1
CAPN2,-1
UNC13C,-1
FLT3,1
PCDH9,-1
ZEB2,-1
RBM12,-1
SCAP,-1
RGS3,-1
ZMYM3,1
IBTK,-1
CNGB3,-1
TRIM9,-1
OR7E24,-1
FKBP4,-1
UTP14C,0
FMO1,-1
DDX53,0
ACTR5,0
CTDSP2,-1
CFTR,-1
PHF19,-1
ADAMTS17,-1
ABCD2,-1
UTP18,-1
RNF40,-1
OR13C8,-1
PKD2,-1
DDO,-1
RNASEH2A,-1
FUT6,-1
CSF1R,1
UNC5D,-1
RPRD2,-1
ACTN4,-1
C8B,-1
RBM45,-1
APEX1,-1
SAP18,-1
MYO10,-1
OR4C6,-1
NXF1,-1
MGMT,1
MC1R,-1
ESYT1,-1
TBC1D13,-1
SEC24C,-1
KLHL42,-1
TRGC2,-1
SLC35A3,-1
IFI6,0
SBF1,-1
XPO7,-1
ATP2A2,-1
PPP4R2,-1
CRB1,-1
SLC39A6,0
NTN4,-1
HNRNPDL,-1
EIF4E2,-1
NPEPPS,-1
CDX4,-1
ATXN2L,-1
OR14C36,-1
TRIM32,-1
TPO,-1
GLRA1,-1
PCDHGB7,-1
IKZF2,-1
TECTA,-1
RRM2,-1
PPFIA2,-1
PTPRT,1
UPF1,-1
KRT72,-1
MYBPC1,-1
LIPN,-1
CD63,-1
ZNF469,-1
TYRO3,-1
TNFRSF11A,-1
ZNF142,-1
CD3D,-1
SYT7,-1
SORCS2,-1
MC3R,-1
CSRNP2,0
IGLL1,-1
ZNF425,-1
POU2F3,-1
PTGS2,-1
APBA2,-1
SPRR2G,-1
CD1A,-1
RAPGEF5,-1
EPPK1,-1
MED14,-1
CHST5,-1
STXBP1,-1
IGF2BP1,-1
GABRR2,-1
FMNL2,-1
PCDH11X,-1
STAMBP,-1
CREBBP,1
KIR2DL1,-1
ETS2,-1
DMD,-1
NRAS,1
OR51E1,-1
IL1RL1,-1
ACACB,-1
SLC26A3,-1
HHIP,-1
SLITRK4,-1
MAP3K12,-1
SPPL3,-1
PLA2G4B,-1
DHCR24,-1
PDE3B,-1
CPS1,-1
USP10,-1
TLN2,-1
BAZ2B,-1
CXCL9,-1
CLIP1,-1
TWSG1,-1
TFEC,-1
TRIM54,-1
SLC7A6,-1
SCN3A,-1
NLRP12,-1
INTS4,-1
TSEN34,-1
NR2C2AP,-1
KRT33A,-1
HRNR,-1
ARRB2,-1
FLNA,1
CHRNA9,-1
GCM1,-1
RPGRIP1L,-1
BRD1,0
PIK3CA,1
CD1C,-1
HOOK2,-1
SLC6A19,-1
GTF3C2,0
INHBA,-1
PCDHB12,-1
TAOK2,-1
TNR,-1
COLEC10,-1
APOB,-1
MAP3K15,-1
TMEM30A,-1
PUS1,-1
APC,1
ZNF281,0
OR13C5,-1
ZNF131,-1
KNG1,-1
POLR1C,-1
RASIP1,-1
SESN1,-1
NABP2,0
F5,-1
PCDH10,-1
VAV2,-1
HTR3D,-1
LTBP3,-1
DISC1,-1
DDX27,-1
ZZZ3,-1
HNF4A,-1
TAF1D,-1
PC,-1
CCNF,-1
SLC14A2,-1
PLCG1,1
SCAF1,-1
ATP2B3,1
SF3B1,1
VN1R2,-1
ADAMTS2,-1
CDH23,-1
MYO18B,-1
CENPQ,-1
PIGO,-1
RSF1,0
ZNF471,-1
CPA1,-1
CP,-1
TBC1D8,-1
ABCB11,-1
HUNK,-1
VAV1,1
MACF1,-1
TYK2,-1
PIK3C2G,-1
TAF3,-1
PRKRIP1,-1
PCDHA8,-1
SPHK2,-1
ZC3H15,0
HSP90AA1,-1
VPS13A,-1
DLGAP4,-1
RASSF5,-1
STX1B,-1
SCO2,-1
DPPA2,-1
HOXC4,-1
UHRF2,-1
ETV5,1
COX6B1,-1
OSMR,-1
ATP2C2,-1
LAT2,-1
ADAMTS16,-1
MYB,1
RAPGEF3,0
EML3,-1
FLNC,-1
KLHL15,-1
HADH,0
PLXNC1,0
PARD3,-1
DHH,-1
ZHX3,-1
BCAP29,0
TAF7L,-1
ATP1A4,-1
KEL,-1
MUS81,-1
MRE11A,-1
ANO5,-1
UBOX5,0
HTRA3,-1
RGS22,-1
TACC3,-1
NEDD1,-1
FKBP10,-1
QTRT1,-1
BSCL2,-1
PCDHB10,0
TICAM1,-1
AP5Z1,-1
TAS2R5,-1
AMTN,-1
SEMA4G,0
EVPL,-1
DES,-1
FANCI,-1
ZFHX3,1
FAM170A,-1
RTEL1,-1
ATF6,-1
SLC44A1,-1
FOXN2,0
WIPF1,-1
MLIP,-1
ADD3,-1
ZNF254,-1
KCNIP4,-1
ELAVL2,-1
TSNARE1,0
KLC3,-1
LRP3,-1
EIF1,0
F13A1,-1
TNFRSF21,0
PCDHA7,-1
CPNE3,-1
ZDHHC17,-1
EMC4,-1
OR2B6,-1
RIOK1,-1
UGT1A5,-1
ASB10,-1
OPTN,-1
SPAG8,-1
NUP205,-1
OLFM4,-1
TPM2,-1
FZD8,-1
SPTA1,-1
TTC26,-1
ASCC3,-1
ABCC10,-1
ZC3H4,-1
RNF208,-1
PDZD11,-1
ZNF296,-1
KMT2D,1
KCTD16,-1
FFAR1,-1
KCNH8,-1
PCDHB11,-1
AMER3,-1
FCRL6,-1
STEAP2,-1
VGLL3,-1
GAS2L3,-1
IGHV4-61,-1
PRUNE2,-1
SERPINA7,0
KIF27,-1
IRAK2,-1
ATXN3L,-1
SLC44A4,-1
RSL1D1,-1
CTR9,0
PCK1,-1
ROBO1,-1
CACNA1C,-1
LRP4,-1
DNAH11,-1
GRM5,-1
DSCAM,-1
ADAMTSL4,-1
FPR1,-1
HEPH,-1
FOXG1,-1
MAST3,-1
ROCK1,-1
PDE2A,-1
MICALL1,0
OR10S1,-1
OMG,-1
ABCF1,-1
RTP1,-1
ADRA2C,-1
HSPG2,-1
HAS3,-1
PAPPA2,0
COPB2,-1
KCNS1,-1
CAND1,-1
PPP5C,-1
FBXO8,-1
MYNN,-1
AP1M1,-1
TBC1D9B,-1
OR5K3,-1
WTAP,-1
GSTK1,-1
CHD3,-1
TOP2A,-1
HSPA5,-1
SLC7A10,-1
RNF169,-1
OR5D18,-1
AFF4,1
DGKZ,-1
ZNF263,-1
TNKS1BP1,-1
ANGPT2,-1
FCRL5,0
ODAM,-1
FASN,-1
LAMA2,-1
VPS13B,-1
LBR,-1
SLC45A2,-1
SPINK5,-1
SQLE,-1
CNN1,-1
SPTBN2,-1
BMS1,-1
DRGX,-1
GPR141,-1
TUB,-1
PWWP2B,-1
ACSL3,-1
CROT,-1
PCDH15,-1
PTPN4,-1
PTGDR2,-1
GALNT12,-1
RND1,-1
ATP6V0A1,-1
DNAH17,-1
ZNF667,-1
IWS1,-1
RASSF7,-1
NCOA1,-1
RND2,-1
FOXK1,-1
E2F3,-1
MRPL50,-1
MSH2,1
FBXO22,-1
OR4Q3,-1
ENAM,-1
TRPC3,-1
CTSD,-1
PAQR8,-1
ENPEP,-1
VPS35,-1
PCTP,-1
UBR2,-1
SH2B1,-1
DSG1,-1
TXNDC5,-1
WASF2,-1
FAT4,1
RERE,-1
PRKCI,-1
ELMO3,-1
GRAMD1C,-1
SLC9A9,-1
ZNF230,0
SSX3,-1
STIM2,-1
COL5A1,-1
SLC13A1,-1
CDH12,-1
OR2Y1,-1
UBR4,-1
DIXDC1,-1
COLEC12,-1
NR1H2,-1
OR2C3,-1
SH3BP1,-1
ARMC8,-1
PIWIL3,-1
CDH7,-1
SPOCK2,-1
SLC6A11,-1
ORMDL1,-1
DMAP1,0
WFS1,-1
TDRD5,-1
SLC4A2,-1
POLQ,1
PREX2,1
PIAS2,-1
XIRP2,-1
BRPF1,-1
USP19,-1
SYTL4,-1
SYT17,0
UBE3B,-1
IRF9,0
PNN,-1
GTF3C1,-1
TBX15,-1
OR4C3,-1
INTS3,-1
TACC2,-1
ITGA9,-1
TLR9,-1
ZMIZ2,-1
FRAS1,-1
SRMS,-1
KLRB1,-1
OGG1,-1
TRAPPC9,-1
LIG4,-1
ASAH2,-1
DUS1L,-1
RAG1,-1
TET1,1
SNX18,0
CDH24,-1
ICAM1,-1
COL4A5,-1
TRIM33,1
MMRN1,-1
ZNF429,1
SLITRK1,-1
IGHE,-1
MUC7,-1
PRKDC,-1
IL18R1,-1
NHSL1,-1
TAB3,-1
SENP6,-1
DOCK1,-1
CHKB,-1
SIGLEC5,-1
ATXN1,-1
HIPK3,-1
KLHL6,-1
VPS37B,-1
MECP2,-1
AASDHPPT,-1
LHFPL5,-1
LAMA4,-1
ARSH,-1
MYOCD,-1
CCR3,-1
SETD2,1
ATG3,0
ZNF714,0
ZNF135,-1
EPHA8,-1
OR4N4,-1
CD93,0
SP140,0
CHMP3,0
EPS8,-1
ALG6,-1
ZNF420,-1
UGGT1,-1
FUCA1,-1
CALCRL,-1
OR51I2,-1
THRA,-1
JPH2,-1
SLC25A18,-1
NELFA,0
FXR2,-1
SECISBP2,-1
IL21R,-1
FADD,-1
BTAF1,-1
CHRFAM7A,-1
CEP78,-1
ZNRF3,1
AGBL5,-1
ANKFY1,-1
GPR50,-1
KIF1A,-1
PCDHA3,-1
FCHO1,-1
FOXP2,-1
DOCK2,-1
TEF,-1
CSPP1,-1
JAK2,1
UPK3A,-1
DDX6,1
TOM1L1,-1
WFIKKN2,-1
CHRD,-1
SLC34A1,-1
BRPF3,-1
DYNC1H1,-1
ARHGAP21,-1
GOSR2,-1
RBBP6,-1
KCNJ12,-1
KRT76,-1
HSF1,-1
POLA2,0
GRM6,-1
ADCY7,-1
PTPRN2,-1
SCAF4,-1
KCNQ3,-1
CEP152,-1
PA2G4,-1
ATRX,1
HEATR1,0
ILKAP,0
KEAP1,1
NLRP1,-1
SRPK1,-1
EFR3B,-1
TTC7A,-1
OR2M2,-1
PRKD1,-1
COL22A1,-1
SLC22A12,-1
CREB3L3,-1
BTN3A1,-1
ESYT2,-1
PDPR,-1
KCND2,-1
SIK2,-1
LOX,-1
TLR4,-1
ARHGAP32,-1
CACNA1F,-1
EIF5AL1,0
OR8H2,-1
SNW1,0
TLR2,-1
HNRNPF,0
DIAPH2,-1
PRKCB,1
PTPN7,-1
NOL11,-1
GRIN2D,-1
CLK1,-1
RFX1,-1
GPR174,-1
LARS2,-1
TSPYL4,0
ABCA7,-1
CPB1,-1
NPC1L1,-1
LCE4A,-1
SEMA3G,-1
BCR,-1
ADAMTS13,-1
USP26,-1
OR9Q2,-1
SNX20,-1
ANKRD28,-1
ADCY2,-1
IFNW1,-1
NR5A2,-1
SELE,-1
STXBP5,-1
PSMD6,-1
C1QC,-1
CLDN1,-1
KMT2B,-1
SBNO2,-1
NLRP2,0
TBL1X,-1
MCM8,-1
IGF1R,-1
AKAP13,-1
LPIN1,-1
RELN,-1
POP1,-1
WNT4,-1
OPA1,-1
CHL1,-1
OLIG2,1
SLC10A2,-1
ADCY5,-1
WNK1,-1
MLH1,1
ASIC2,0
DHCR7,-1
PI4K2A,-1
IPO8,-1
SERPINB12,-1
NUP160,-1
YWHAQ,0
EPHA1,-1
GLE1,-1
CCL11,-1
GPR182,0
FAM9A,-1
SNTA1,-1
CYTH1,-1
CPN1,-1
CERS3,-1
CDKL3,-1
ZNF236,-1
JARID2,0
NPY4R,-1
MATK,-1
CELSR1,-1
CRELD2,0
CD300A,0
HCN1,-1
VWC2L,0
SSH1,-1
TRIOBP,-1
BCLAF1,1
SIRT1,-1
FUT3,-1
TRIP13,-1
SACM1L,-1
WDR81,-1
SPIN2B,0
OR51D1,-1
ECE2,-1
CD320,-1
GRIN2B,-1
SCEL,-1
CXXC1,0
KRT33B,-1
MRGPRX4,-1
ARHGAP44,-1
ABCC2,-1
NGFR,-1
RBBP7,-1
INPP5B,-1
ROS1,1
TUBA8,-1
NOVA1,-1
AVPR1A,-1
SFI1,-1
SLC5A9,-1
ZNF652,-1
MMP19,-1
KDM7A,-1
MYH11,-1
MYBL2,-1
DIAPH3,-1
L1CAM,-1
ZNF638,-1
TYRP1,-1
PTPRG,-1
SLCO1A2,0
PHKB,-1
GRIK1,-1
UNC5C,-1
HS6ST2,-1
PTPRF,-1
TRIM11,-1
OR4C16,-1
USP28,-1
GABRA1,-1
ZNF727,-1
SLIT1,-1
PSG6,-1
TAAR5,-1
MSH6,1
AGL,-1
GMPS,-1
EHHADH,-1
DHX37,-1
DAO,-1
NET1,-1
EHMT2,-1
ARID1A,1
DENND4B,-1
PRDM9,-1
CDK19,-1
INSR,-1
GATAD2B,-1
EIF3L,0
LCT,-1
ARL4D,-1
CHRNA5,-1
PCDHB4,-1
GNAS,1
ZNF701,0
CEP250,0
SMO,1
OR2AT4,-1
HTR3A,0
DVL1,-1
ADCY4,-1
TMC4,-1
MCM9,-1
KRIT1,0
KIAA1522,-1
HRG,-1
TGFBR3,-1
BCOR,1
EMC1,-1
TNRC6B,-1
EMILIN2,0
SALL2,-1
LOXL2,-1
CCAR2,-1
SFXN4,-1
NIFK,-1
OR13C3,-1
TAS2R31,-1
BICD1,-1
GAS2L2,-1
GRID1,-1
MFSD10,0
RAD9A,-1
LNX1,-1
TRPA1,-1
MYLK2,-1
SLC25A37,-1
OR52I2,-1
ARRDC3,-1
PMS2,1
RB1,1
BCORL1,1
STAMBPL1,-1
PAG1,-1
PDILT,0
CLK2,-1
LRRC41,-1
OR5H14,-1
SIVA1,0
UNC80,-1
CSPG4,-1
TMC2,-1
ALDH5A1,-1
KCNN3,-1
PHLPP2,0
LPA,-1
IGKV1D-17,-1
IGHV1-69,-1
PLA2G4A,-1
AP3B2,-1
ERBB4,1
GPR84,-1
SERPINE1,0
COLGALT1,-1
ALPK3,-1
ACSM3,-1
HIVEP3,-1
SLC12A3,-1
HS3ST2,-1
RPS6KA4,-1
ARAP3,-1
TH,-1
SBK2,-1
JAK3,1
CLSTN2,-1
NME6,-1
CGNL1,-1
PDX1,-1
G6PD,-1
FMNL1,0
TRIM67,-1
PLCL1,-1
MYLK,-1
DDX4,-1
ASIC1,0
AJUBA,-1
NCOA6,-1
NECAP1,-1
ZSWIM8,-1
ECI2,-1
CBL,1
LMNB2,-1
AFF3,1
OR5B12,-1
CHD7,-1
OR5M1,-1
POSTN,-1
KMT2C,1
CARD14,-1
PRSS3,-1
DLX1,-1
UNC5B,-1
RASGEF1A,-1
PKDREJ,-1
HNRNPH2,-1
ERN2,-1
RBM20,-1
PCDHGA1,-1
PGK2,-1
ABCA12,-1
CYP4F12,-1
NBAS,-1
OR4K2,-1
GIPR,-1
BECN1,-1
FLT4,1
AKR1D1,-1
PRPS1L1,-1
COL14A1,-1
SULF1,-1
ZNF407,-1
LRIG3,1
ABCC11,-1
SEMG1,-1
SCN9A,-1
CLTB,-1
RTN4R,-1
SSTR2,-1
BCL11A,1
MAGEE1,-1
FCRL3,0
CD209,1
CLEC4A,-1
NELFB,0
PRDM4,-1
ADH7,-1
HSPBP1,-1
CYFIP2,-1
ZNF688,-1
KRT77,-1
MYO5A,-1
GTPBP10,-1
SLC27A1,-1
KANK1,-1
GPR19,-1
RPTN,-1
TIMM8B,-1
DDX18,-1
PRPF39,-1
PIN1,-1
SIPA1L3,-1
OR56A3,-1
TNS4,-1
NID2,-1
ATP13A1,-1
CDCA2,0
GPR34,-1
NR4A1,-1
ARHGAP15,-1
TAF1L,-1
ATP2A1,-1
DOCK10,-1
CNEP1R1,-1
DNAJA3,-1
CHRNB3,-1
OR52E6,-1
KIFC3,-1
PLXNA1,-1
ACADS,-1
IPO11,-1
SEMA3E,-1
SLC24A4,-1
ELFN1,-1
SYCP2,-1
RPN2,-1
EPB41L4B,-1
PCDHB5,-1
URB2,-1
TINAG,-1
SRP72,-1
CLEC4C,-1
AMPH,-1
URB1,-1
FZR1,0
RPS6KA6,-1
SIN3B,-1
LGI1,-1
SEMA3D,-1
EXO1,-1
RBM15B,-1
CSNK1G1,-1
KCTD21,0
EGR3,-1
IMPG1,-1
ADSL,-1
LRRK2,-1
FBXO11,1
C9,-1
DENND4C,0
HCAR1,-1
FERD3L,-1
POLE,1
ANK1,1
ZNF648,0
VNN1,-1
GRID2,-1
OAS2,-1
RHOF,0
CATSPERG,-1
NPHP3,-1
CST1,-1
GPR85,-1
AHNAK,-1
MLLT10,1
SLC8A2,-1
ZDHHC5,-1
OR5H2,-1
NFYA,-1
TGFBR2,1
PLAGL2,-1
SP4,-1
ALG13,-1
OLAH,-1
PSMC2,-1
SHANK2,-1
N4BP1,-1
ISLR,-1
CALB2,-1
ARFGEF2,-1
DNAJA2,-1
AP1S1,-1
ABLIM3,-1
MPDZ,-1
EEF2,-1
MBTPS1,-1
DRP2,-1
KMT2A,1
PDZD7,-1
GPT,-1
VPS39,-1
STC2,-1
PI4KA,-1
CYP26C1,-1
LRP6,-1
ITPR3,-1
IL1RN,-1
ZNF831,-1
SEC24A,-1
HEXB,-1
MEGF8,-1
HK3,-1
CELF1,-1
LCE1F,-1
NFASC,-1
ITPR1,-1
ZNF585B,0
FILIP1,-1
OR2AE1,-1
SAT1,-1
BAZ2A,-1
NUP155,-1
FLG2,-1
FASTKD5,-1
ITIH3,-1
SART3,-1
ATP1A3,-1
OR11H1,-1
OPN4,-1
AKAP1,-1
PLXND1,-1
KLK11,-1
ZNF205,-1
RNF165,-1
PCDHA6,-1
GRIP1,-1
PML,1
NEDD4L,-1
OR6V1,-1
DHX57,-1
KPNA5,-1
TIAM2,-1
CD83,-1
PLIN3,-1
NT5M,-1
KRT78,-1
CHAF1B,0
HOMER2,-1
HECW1,-1
IL20RB,0
VPS13D,-1
NCOR2,1
ZNF77,-1
USP44,1
ARHGEF18,-1
PGM5,-1
MME,-1
CDH22,-1
EBF3,-1
NRXN2,-1
INSC,-1
RPH3A,-1
WDFY4,-1
ZNF676,0
OR5AR1,-1
TBK1,-1
BRINP1,-1
UPF2,-1
ESAM,-1
KRT17,-1
OR10G4,-1
ECEL1,-1
ZDHHC13,-1
PACSIN2,-1
OR1S2,-1
IGF2R,-1
TTC1,-1
AFAP1L2,-1
TRPV4,-1
OR4C11,-1
NRG3,-1
FBXW4,-1
DSG2,-1
IFIT1B,-1
IGKV5-2,-1
ZNF813,0
SMARCAL1,-1
STAB2,0
SORCS1,-1
ATP8B3,-1
ARHGAP26,1
IL6R,-1
PROKR1,-1
CCNB3,-1
RBM3,-1
MAP1LC3B2,0
MAP7D2,-1
AKR1B15,-1
FGF3,-1
IGKV1-17,-1
POLRMT,-1
KCNH7,-1
NRAP,-1
CD99L2,-1
MAGEB2,-1
CHSY3,-1
LAMC3,-1
NDUFB8,-1
ZNF628,-1
CLTC,1
MPPE1,-1
CTSL,-1
TSHZ3,-1
LONP1,-1
HEATR5B,-1
ERCC5,1
IAPP,-1
LRRFIP1,-1
GTF2IRD1,-1
RAD17,1
HLA-G,-1
SCNN1A,-1
GOT2,-1
OR51Q1,-1
DCLK1,-1
ERF,-1
NAALAD2,-1
NLGN1,-1
SLAMF6,-1
LGALS8,-1
SUPT6H,-1
VWF,-1
CHAF1A,-1
PLEC,-1
GMEB1,-1
ZNF527,-1
DBH,-1
SLC1A1,-1
MIS18BP1,0
NTNG1,-1
CTSC,-1
RMI1,-1
DRD4,-1
CLEC5A,-1
ACAP1,-1
NYAP2,-1
IFI44L,-1
LRCH4,0
RPAP2,-1
GATA3,1
PRPF8,-1
TNFRSF10A,-1
TRPC7,0
SDC4,-1
KRT71,-1
IRS4,1
CIDEA,-1
MCHR1,-1
ADAM23,-1
PAK3,-1
TSPYL2,-1
EPM2AIP1,-1
BARX2,-1
SYNJ1,-1
PTPN11,1
BRF1,-1
MTR,-1
TG,-1
NUAK2,-1
CXCL1,-1
DKC1,-1
FLRT2,-1
SOX7,-1
CHD9,-1
IGHG4,-1
AMDHD2,-1
CEP70,-1
ZNF793,-1
PLEKHG6,-1
NOS3,-1
IMPACT,-1
OR2A14,-1
IREB2,-1
ZNF45,-1
KIF24,-1
WDFY3,-1
UGT2A3,-1
SYT4,-1
SVIL,-1
GPR4,-1
PEG3,-1
SCRN2,-1
CD9,-1
LTBP4,-1
ENO2,-1
TOX3,-1
RALGPS2,-1
CASR,-1
SND1,1
ABCD4,-1
HSD17B4,-1
UBE3C,-1
LAMA5,-1
PTPN6,1
SLCO1C1,-1
ESPN,-1
GABRB3,-1
DNAH6,-1
P2RY14,-1
ACTN1,-1
KAZN,-1
ZYX,-1
DDR1,0
BEGAIN,0
LILRA3,-1
TFAP2C,-1
TERT,1
SETDB1,1
SMC1A,1
MTF2,-1
NRK,-1
FLNB,-1
ABCB1,-1
CDH16,-1
FDFT1,-1
ITK,-1
UBE4B,-1
FN1,-1
INVS,-1
PATL2,-1
SULT1C3,-1
HECTD1,-1
CLASP1,-1
TLR8,-1
SCN2A,-1
MAGEL2,-1
CHST9,-1
MKI67,-1
FAT1,1
DUOX2,-1
NCOA7,-1
ZNF711,-1
ABLIM1,0
USP34,-1
SLC2A5,-1
ETV1,1
OR51G1,-1
MSR1,-1
PRKCQ,-1
ABCA13,-1
COX4I1,-1
GPR82,-1
UTRN,-1
KCNK2,-1
KIF23,-1
SMARCE1,1
RYR1,-1
COL6A6,-1
PDZRN3,-1
PDCD5,-1
SUFU,1
RPP38,-1
LRRC4B,0
INO80D,0
JAK1,1
ATP13A2,-1
ADAM33,-1
COL21A1,-1
MBD1,-1
NFIA,-1
SMC4,-1
DDHD1,-1
ZFP14,0
GUCY2F,-1
SV2C,-1
EML1,-1
PBRM1,1
MAP3K8,-1
SLC2A6,-1
LGALS3,-1
SLITRK3,-1
SIPA1L2,-1
CYP2B6,-1
ABI1,1
SNUPN,0
SERPINB2,-1
RIMS2,-1
PCYT1B,-1
WWP1,-1
TOP1,-1
ANK3,-1
CDH5,-1
MAN2A1,-1
PRPF4B,-1
ZBTB21,-1
SPINT2,-1
SNCAIP,-1
COL6A2,-1
CRYAB,-1
MTHFD2L,-1
PLCE1,-1
PROP1,-1
BDKRB2,-1
MATR3,-1
SLC26A9,-1
FBXO40,-1
OSBPL11,-1
GAS6,-1
ZNF716,0
MYO9B,-1
KANSL1,-1
USP27X,-1
DYRK2,-1
FRMD4B,-1
HFE,-1
HNRNPLL,-1
SPTBN4,-1
FBN2,-1
GGA2,0
CDH2,-1
IGHV3-33,-1
GAK,-1
GLI3,-1
SNX9,-1
FBXO9,-1
RP1,-1
PITX2,-1
PHEX,-1
CCDC88A,-1
DCAF11,-1
CDC73,1
OR52E2,-1
CHRNB2,-1
SLIT2,-1
DAB2,-1
DLEC1,-1
HKDC1,-1
GLRX3,-1
FBXL13,-1
MAGI3,-1
TLL1,-1
CIC,1
L3MBTL1,0
PPARGC1A,-1
MOV10,-1
PER3,-1
ZBTB40,-1
OR9K2,-1
COL20A1,0
GNAL,-1
PHRF1,-1
NCAPD2,-1
PNPLA4,-1
PLS1,-1
STAU2,-1
ZNRF4,-1
APOF,-1
OR10J1,0
CUX1,1
ZNF675,0
PCDHGA5,-1
OR2T10,-1
ECI1,-1
SPTLC1,-1
HIVEP1,-1
IL17C,-1
PPFIA3,-1
MARK1,-1
NTF4,0
OR52L1,-1
INTU,-1
SERPINA3,-1
AFP,-1
IFT43,-1
TAGLN3,-1
SEC24D,-1
ZFYVE28,-1
ATP6V0A4,-1
PIK3AP1,-1
KRT40,-1
DEF8,-1
MINK1,-1
EDRF1,0
TBC1D21,-1
MUL1,-1
PCDHA11,-1
OR2T2,-1
MTAP,-1
IGKV2D-28,-1
FDXR,-1
BCAR1,-1
HGFAC,-1
INO80,-1
NRXN1,-1
GRM3,1
MUC16,-1
CDC7,0
NTN1,-1
GPR20,-1
NOS2,-1
ATP1B4,0
GP2,-1
PDK3,-1
TUBAL3,0
STMN2,-1
SLC22A17,-1
ZNF639,0
TJP1,-1
CHST8,-1
CACNB3,-1
GATA1,1
AP4M1,-1
ZFAT,0
RGPD8,-1
FGF19,-1
ZNF548,-1
CACNA1I,-1
POTEF,0
BNC2,-1
LSM3,-1
SNRNP35,0
PPP2R5D,-1
ABCC6,-1
DMXL2,-1
FREM1,-1
PRRC2B,-1
MYOM2,-1
MIPEP,-1
MACC1,1
MGAT4C,0
ZNF607,0
CRY2,-1
BFAR,0
RGS12,-1
RAPGEF2,-1
SETD1A,-1
ACTN2,-1
COL25A1,-1
QRFPR,-1
ITGA6,-1
GOLGA4,-1
PARP14,-1
DLG5,-1
METTL14,-1
NLRP5,-1
OR7A10,0
CDCA7,-1
HADHB,-1
CCZ1B,-1
ITGB8,-1
ZFYVE26,-1
FGF23,-1
CAMTA1,1
AQR,-1
LRRK1,-1
ITCH,-1
CHEK2,1
CCDC39,-1
ZNF493,0
EPHB6,-1
ACO1,-1
PLG,-1
RECQL4,1
SCN7A,-1
FLCN,1
ARHGEF1,-1
GOT1,-1
GLRB,-1
IPMK,-1
NETO1,-1
GRM8,-1
SGIP1,-1
GNPTAB,-1
PTBP2,-1
KCTD13,-1
TRPC6,-1
HEXIM2,-1
PRDM10,-1
RBPJL,-1
PTPN9,-1
RFPL1,-1
HMMR,-1
KRT74,-1
DSC3,-1
GFM2,0
VPS4A,-1
MBD6,0
USP21,-1
CENPE,-1
VAV3,-1
OSTF1,-1
RB1CC1,-1
MEAF6,-1
AXL,-1
SETD5,-1
TAS2R50,-1
ZNF592,-1
NRCAM,-1
ZFP62,-1
ADAM12,-1
DUSP6,-1
CAPZA2,-1
STRN4,-1
RFX2,-1
OBSCN,-1
RANBP6,-1
ZNF653,-1
IL13RA1,-1
PCDHGA2,-1
PRDX2,-1
CCNL2,-1
ARHGEF28,0
ARID3A,0
NACC1,-1
ZNF383,0
PDCD11,-1
ATF4,-1
DGCR8,1
PCDHGB1,-1
MRPL9,-1
UBN2,-1
TRPM7,-1
EPN3,-1
GRIN3A,-1
OR13D1,-1
EPHB3,-1
RBFOX3,-1
RBM6,-1
NRIP2,0
NUS1,-1
SRRM1,-1
SPTB,-1
NUP210,-1
GALK2,-1
PAPOLA,-1
CADM3,-1
IQGAP3,0
MYO7B,-1
RARS2,-1
NR2C2,-1
PCDH20,-1
TRIM22,-1
SNAP91,-1
KNTC1,-1
CCR4,1
COL5A2,-1
ZNF225,0
MAGI2,-1
PDCD6IP,-1
TMPRSS4,-1
ABCF2,-1
SKI,1
ZNF112,-1
COL1A2,-1
SERPINB11,-1
ZNF805,0
SYVN1,-1
TBC1D16,-1
NKG7,0
ALDH1L2,-1
NKD1,-1
MAP2K3,-1
ARID2,1
TIPARP,-1
NTRK1,1
DST,-1
KRT12,-1
OTOGL,-1
RHBDD2,-1
WDR45,-1
UBE3A,-1
EPB41L3,-1
WNK4,-1
SDR16C5,0
ZNF536,-1
PATZ1,1
MAP3K1,1
GFRA1,-1
PANK2,-1
RAD50,-1
PARP8,-1
ITGAL,-1
EPB41,-1
VIP,-1
SPTBN5,-1
KMT2E,-1
BCAN,-1
WDR7,-1
ZNF23,-1
VSX2,0
OR10A4,-1
PSMB9,-1
ZNF774,0
ANKRD17,-1
SUPT16H,-1
ABCC3,-1
BBS9,0
PRSS27,-1
OR6K6,-1
CR2,-1
IL17A,-1
POLR2B,0
MAP7D3,-1
FBXW8,-1
C7,-1
KDM2B,-1
ZNF157,-1
SH3D19,-1
CDC16,-1
OR52D1,-1
IFT52,-1
TRAPPC12,-1
STK4,-1
TNN,-1
NLRP3,-1
SIM2,-1
LETM1,-1
JUP,-1
NPBWR2,0
PPFIA4,-1
IL1RAPL2,-1
EPHB4,-1
CSF2RB,-1
FEZF1,-1
TNFRSF1A,-1
TTF2,-1
MYH6,-1
MUC4,-1
FMN1,0
LAMA3,-1
ASH1L,-1
PARP11,-1
CARD11,1
ANXA1,-1
ZNF324,-1
TGFB1I1,-1
TMEM138,-1
SLC1A3,-1
KIAA0753,-1
HYDIN,-1
ALK,1
GPATCH1,0
TAS2R40,-1
DNAH5,-1
FXR1,-1
BMP8B,-1
STX19,0
RRAGB,-1
TBCB,0
POU2AF1,1
NRIP3,-1
ADCY6,-1
IKZF1,1
FH,1
PLCB1,-1
LHX6,-1
HERC1,-1
SLC44A5,0
SYNE2,-1
AKAP4,-1
CEP290,-1
SERPIND1,0
BCAT1,-1
STS,-1
IGFL1,-1
PLXNB3,-1
HSD11B1,-1
TTC28,-1
B4GALT5,-1
TSNAXIP1,-1
MAGI1,-1
OSR2,-1
MBOAT4,-1
IGSF1,-1
ZNF473,-1
NPFFR2,0
ATP6V1A,-1
SLC28A1,-1
TSC22D1,-1
ZDHHC14,-1
DLST,-1
COL19A1,-1
AQP2,-1
PRKAG2,-1
TDRD6,-1
CNTN4,-1
ACVR1,1
ACBD3,-1
NOS1,-1
FKBPL,-1
TBX21,-1
OR2S2,0
OMD,-1
BCL7B,-1
ALG10,-1
ERCC6,-1
RBM11,-1
HLTF,0
PCDHGA3,-1
F8,-1
ZSCAN20,-1
RFPL4A,-1
KCNC4,-1
ZW10,-1
BCHE,-1
MDC1,-1
PCDHB13,-1
TAB1,-1
KCNK10,-1
CNTN5,-1
REG3A,0
UBR5,1
LAMA1,-1
SYNE1,-1
RIMS1,-1
FBXO10,-1
HAPLN1,-1
RASAL2,-1
OR4K5,-1
BRF2,-1
USP38,-1
UGP2,-1
FIZ1,-1
CEACAM6,-1
COL6A5,-1
OR51F2,0
USP9X,-1
ADAM2,-1
HOOK1,-1
PDZD3,-1
PARP4,-1
SNRPB2,-1
PTPN13,1
RPS3,-1
DLC1,-1
POLR1A,-1
ARHGAP6,-1
ART3,-1
SNAPC5,-1
SERPINA12,-1
TBX4,-1
COL11A1,-1
EPHA6,-1
POLD1,1
CKMT2,-1
PVR,-1
ESPL1,-1
NF1,1
PRICKLE2,-1
WWP2,-1
OR10H5,-1
CUL3,1
DROSHA,1
UGT1A3,-1
RORC,-1
ZFP28,-1
ELK4,1
NLGN4X,0
VIPR1,-1
ZNF558,-1
RANBP2,1
DAAM2,-1
SMU1,-1
PTPRD,1
HDAC7,-1
RASGRP1,-1
MEPE,-1
HMGCS2,-1
ATM,1
NUFIP2,-1
USP13,-1
HECW2,-1
ITGAM,-1
PHKA2,-1
TBX18,-1
SPG7,0
OR2T33,-1
RANBP3,-1
JAG2,-1
KCND1,-1
CSK,-1
DDX39A,0
DPP10,-1
GRIN2C,-1
TIAM1,-1
ZNF563,-1
AKAP9,-1
PCDHGA8,-1
SPOP,1
MTMR2,-1
RAB3GAP2,-1
PDLIM3,0
ZNF229,-1
LRRC7,-1
ZNF233,-1
DENND1A,-1
NOTCH3,-1
SLC7A9,-1
EGFR,1
SEH1L,-1
ADNP,-1
ZBTB33,-1
SPARCL1,0
SIX4,-1
KCNH1,-1
GPR183,-1
MEN1,1
C2CD3,-1
SPICE1,-1
PDS5B,-1
MYO6,-1
LILRA1,-1
CHST1,-1
XAB2,-1
CXCR5,-1
CHMP4C,-1
MYOF,-1
GALNT4,-1
RAB8A,-1
AHNAK2,-1
UBA6,-1
CALCA,-1
GFAP,-1
PDE1A,-1
ARID5B,-1
MOV10L1,-1
ITPR2,-1
RAB11B,-1
TTC4,-1
NEB,-1
DLGAP2,-1
OR1J4,-1
ARHGEF40,0
PAPPA,-1
HSPA2,-1
SIK3,-1
KLHL24,-1
MAST4,-1
IGLV4-69,-1
BCL2L11,-1
CTNNB1,1
PRKG2,-1
PELI2,-1
CACNA1H,-1
DAXX,1
TOB2,-1
AKR1C3,-1
DNASE1,-1
BAAT,-1
GOLGA1,-1
ABCC1,-1
TNC,1
SPRED1,-1
ZBTB18,-1
OR4F15,-1
HERC2,-1
MEF2C,-1
BCL2L1,-1
KCNB1,-1
APBA1,-1
SNRNP200,-1
WDR59,-1
SEC63,-1
SSX1,1
LZTFL1,-1
ZRSR2,1
NR4A2,-1
EXOC1,-1
MMP9,-1
MAEA,-1
ACSL1,-1
MERTK,-1
TRPM6,-1
BRD3,1
BRAF,1
DDX60L,-1
ARHGEF11,0
STYK1,-1
FOXJ3,-1
DTX2,-1
OR4A16,-1
MAGEB4,-1
USP51,-1
OR10H1,-1
MAP2,-1
ZFPM2,-1
FNIP1,-1
KIF3A,-1
GET4,-1
CHD5,-1
NMNAT3,-1
AHCYL1,-1
YTHDF3,-1
PCDHGA6,-1
FAM98A,-1
TNXB,-1
SLC9A3,-1
RASEF,-1
IMP4,-1
DEPDC1B,-1
RFFL,-1
LHX1,-1
FBXO6,-1
RHOB,-1
HDAC1,-1
ZNF251,0
CPSF1,0
SDCBP2,-1
MAGEA12,-1
BLOC1S5,-1
MLLT3,-1
KIF2C,-1
VPS13C,-1
FRMD6,-1
RGS21,-1
SLC30A4,-1
CEL,-1
TCF7L2,1
RTTN,-1
GTSF1,-1
G6PC3,-1
C1GALT1,-1
NEURL4,-1
S1PR4,-1
CNGA2,-1
MYH15,-1
MRGPRE,-1
KCNQ4,-1
LDHA,-1
NOTCH4,-1
KDR,1
SYNPO2L,0
RBP3,-1
LOXL3,-1
ADAM21,-1
GTF2I,-1
CDT1,-1
SORBS2,-1
MUC6,-1
SLC6A15,-1
RNF114,-1
DEPDC5,-1
GLB1L2,0
DLGAP3,0
PDE8B,-1
GATA5,-1
RAD1,-1
PRX,-1
LRP1,-1
OPRL1,-1
GAS8,-1
SYCP3,-1
LILRB2,-1
OAS1,-1
RFC5,-1
ELAVL4,-1
CDH4,-1
ZMYM2,-1
STAB1,0
SULF2,-1
EHMT1,-1
ABCA2,-1
GNPDA1,-1
CHPT1,-1
CALHM1,-1
DDX50,-1
OTX2,-1
ANK2,-1
TP53,1
FOXC2,-1
ERCC1,-1
CNTNAP2,-1
CD1E,-1
SLC6A14,-1
AURKA,-1
UNC13B,0
KCNA6,-1
CPSF3,0
SZT2,-1
XPO1,1
GABARAPL1,-1
POLR3C,-1
TNNT1,-1
CCDC88C,-1
RBM39,-1
PXDN,-1
OR8A1,-1
PPEF1,-1
CCT8L2,-1
MUC17,-1
UTP14A,-1
PDE3A,-1
SELP,-1
KRT75,-1
NTRK3,1
MUSK,-1
ZNF705A,-1
RC3H2,-1
TRIM58,-1
AOC3,-1
CTCFL,-1
PPRC1,-1
IRF2,-1
PLA2G4E,-1
DHTKD1,-1
TBPL2,0
ROR1,-1
IL31,-1
HPR,-1
STK11,1
PPP1R3A,-1
CABIN1,-1
RIPK2,-1
COL6A3,-1
AATF,-1
RBM28,-1
ATP8A1,0
ADD2,-1
LYZL1,0
RBM27,-1
WDR62,-1
HOMER1,-1
WWOX,-1
WWC3,-1
COL4A6,-1
MYO1G,-1
NELFE,0
RASGRF2,-1
SERINC5,-1
ZFP36L1,-1
EXT1,1
PLEKHA7,-1
PCDH18,-1
KCNG4,-1
MID1,-1
FAN1,-1
CD276,-1
MYO1F,-1
SON,-1
APLN,-1
NSD1,-1
DIDO1,0
KRT32,-1
SERPINA10,-1
ISL1,-1
CACNA1E,-1
SMARCD3,-1
KCTD19,-1
MYO15A,-1
ALOX5,-1
GMPPB,-1
ANXA5,-1
SLC12A7,-1
SLC5A5,-1
SLC13A2,-1
AMHR2,-1
PNLIP,-1
SLC24A3,-1
SGSM2,-1
ZNF768,-1
MRPS9,-1
ITIH2,-1
FSHR,-1
RHOD,-1
HK2,-1
GLI2,-1
ENC1,-1
ARRDC1,-1
NTRK2,-1
TRIM39,-1
NLGN2,-1
NPTX2,-1
ARL5B,-1
TRPM8,-1
CDK13,-1
ZIC3,-1
ADAM15,-1
POLM,-1
CNGA1,-1
SPEF2,-1
C1QTNF1,-1
ZNF703,-1
ATP8B2,-1
PLXNA2,-1
VCAN,-1
PDYN,-1
ADAMTS8,-1
UCK2,-1
MAB21L2,-1
RYR2,-1
AKAP8,-1
RAPGEF1,-1
GPNMB,-1
HTR5A,-1
USP24,-1
RPA2,-1
IGHV1-2,-1
TRAF3IP3,-1
BDP1,-1
ANO8,0
NELL1,-1
DGKD,-1
EEA1,-1
RUNX1,1
ZFP2,0
PPP2R3A,0
ALPK1,-1
PLXNB2,-1
ARTN,-1
CLEC4F,-1
MYO1A,-1
CKM,-1
OR4N2,0
UNKL,-1
HCFC1,-1
ASAP1,-1
RGL1,-1
TRPM4,-1
AKAP8L,-1
DENND6A,-1
SYNGAP1,-1
CTNND2,1
RALGAPA1,-1
IFNA8,-1
FANCF,1
GABRB2,-1
SH3GL1,1
LILRB1,-1
CRTC3,-1
RHOU,-1
IL27RA,0
ZNF546,-1
CACNA1G,-1
CHRNA3,-1
SUGT1,-1
IP6K2,0
PLXNA4,-1
UVSSA,-1
PI15,-1
ATP1A2,-1
GABBR1,-1
RANBP10,-1
EPB41L1,-1
OR5M11,-1
SOAT2,-1
PIWIL1,-1
COL23A1,-1
PDE4B,-1
EPHB1,-1
TXNRD2,-1
SMARCA2,-1
SRRM4,-1
CDH18,-1
ACTG1,-1
EPHA10,-1
SCG3,-1
ATAD2B,-1
OR52M1,-1
ITSN2,-1
MUC5B,-1
RYK,-1
SCARB1,-1
CANX,-1
OSBP2,-1
MYO18A,-1
FAM13A,-1
ADAMTS7,-1
AKAP11,-1
SEC22A,-1
ATP10B,-1
DACT1,-1
OR51A4,-1
RHBDF1,-1
CRMP1,-1
LPAR2,-1
MED12,1
INPP5F,-1
MUC13,-1
FLG,-1
HAVCR1,-1
ZNF419,-1
CLDN5,-1
SERPING1,-1
SLA2,-1
EYA1,-1
POFUT2,-1
MPV17,-1
IFT140,-1
GABRB1,-1
STARD13,-1
RPTOR,-1
SCN11A,-1
C6,-1
TGFBRAP1,-1
USP35,-1
TESK1,-1
DNMT3L,-1
SOX10,-1
ZSCAN18,0
TGFBI,-1
PCDHAC1,-1
CAPN14,-1
SEC16A,-1
PCCA,-1
GALNT16,-1
TFDP3,-1
COPB1,-1
FFAR3,-1
PGAP1,-1
ESYT3,-1
RRP36,-1
NTN3,-1
NFE2,-1
KATNB1,-1
KIF26A,-1
MDM2,1
SLC4A4,-1
CNTFR,-1
NPSR1,-1
TMEM231,-1
PIKFYVE,-1
IFI16,-1
SLK,-1
TIE1,0
ZNF500,0
SORL1,-1
ZEB1,1
UNC5A,-1
ARL6IP4,-1
NAV2,-1
RNF139,-1
CST9,-1
MYH4,-1
PCDHA2,-1
SF3B4,-1
KIF5A,-1
STON2,-1
CYP2F1,-1
EIF2D,-1
IPCEF1,0
LMBRD1,-1
HSP90AB1,-1
TULP4,0
DNMT3B,-1
PTGDS,-1
SNRPN,-1
DMXL1,-1
RAB6A,-1
SMARCA4,1
ZKSCAN3,-1
LILRB5,-1
LHX5,-1
LRRFIP2,-1
CDHR2,-1
GATA4,-1
PTPRS,-1
HDAC6,-1
RNF2,-1
CALML3,-1
RAB3B,-1
TMEM63A,0
SNF8,-1
NUFIP1,-1
CCDC13,-1
UNK,-1
ADARB1,-1
NCK2,-1
KRT6A,-1
PKD1L1,-1
ZNF764,0
TEX11,-1
CACNA2D4,-1
KIF13B,-1
ALS2CL,-1
KANSL2,-1
MAG,-1
TDP1,-1
PRPF38A,-1
FBLN2,1
NOP56,-1
TNFRSF6B,-1
AGO3,0
ARHGAP33,-1
RHOXF1,-1
NLN,-1
TUBB2B,-1
UBB,-1
MAST1,-1
SNX14,-1
PFKL,-1
HACE1,-1
BSN,-1
SOCS5,-1
KCNJ2,-1
PCDH7,-1
BMI1,-1
MED23,-1
AMOTL2,-1
SCN8A,-1
HNRNPA1,-1
MYO19,-1
OR10Q1,-1
HSPA13,0
MCF2,-1
NTF3,-1
LAMB4,-1
SLC16A7,-1
BIN2,-1
CUL4A,-1
ZC3H13,-1
CYP4A22,-1
CUL9,-1
EXOC3,-1
MYH2,-1
ARGFX,-1
ROBO2,1
TRPS1,-1
OR5M10,-1
LTBP1,-1
SYNCRIP,-1
MDGA2,-1
CRHBP,-1
GLMN,0
LYPD3,-1
ANKRD50,-1
XPOT,0
MICU1,-1
GFRA4,0
HS3ST3A1,-1
KLHL3,-1
CABLES2,-1
SRGAP2,-1
SUCNR1,-1
PHF6,1
LRRC4C,-1
LRFN2,-1
ATP11C,-1
ARAP2,-1
GABRA6,-1
USP42,-1
TJP2,-1
PRDX3,-1
COL1A1,-1
NES,-1
CAPRIN1,-1
WIF1,1
CDH3,-1
SETD1B,1
MYH8,-1
PCLO,-1
WBP4,-1
PAN2,-1
RAPH1,0
AP3D1,-1
LRP1B,1
AUTS2,-1
CAPN6,-1
RRBP1,-1
PSMC4,-1
PTPN23,-1
NPHP1,-1
TM4SF5,-1
FBN1,-1
CASS4,0
SLC44A3,-1
MAGEC1,-1
ZPBP,-1
DNAH9,-1
CHRDL2,-1
ARHGAP35,-1
TFDP1,-1
TLN1,-1
BCL3,1
CNTN3,-1
OTP,-1
DNAJB2,-1
TSC22D2,-1
RCVRN,-1
DPP3,-1
PTN,-1
ITGA4,-1
PCDHGB2,-1
MN1,1
DCC,1
MAML1,-1
ACVRL1,-1
RET,1
C1S,-1
TMPRSS11B,0
JMJD1C,-1
ZFC3H1,-1
PPP6R1,0
FLI1,1
ZNF529,0
NR2F1,-1
SLC8A1,-1
ASXL3,-1
MIEF2,0
RABGAP1,-1
MRPL38,-1
EGR2,-1
SMARCA5,-1
INSRR,-1
RPAP3,-1
CREB3L1,1
ADCYAP1R1,-1
GRIN1,-1
DNAH3,-1
MAGED1,-1
PHAX,0
SLC40A1,-1
PRKAR1A,1
MCCC1,-1
ATG2B,-1
MCC,-1
GNB1,-1
ASPH,-1
KDM6B,-1
ATP11B,-1
GRIK2,-1
ATP2A3,-1
PCDHA9,-1
IQSEC1,-1
DNAH1,-1
VDR,-1
FANCM,-1
PRPF6,-1
ZNF785,0
CORIN,-1
TMC3,-1
RASGRF1,-1
RPA4,-1
PGLYRP4,0
HLA-DOB,-1
PPP1R7,-1
WNT3,-1
DKK1,-1
CTLA4,-1
BRSK2,-1
DECR2,-1
IRX4,-1
BRDT,-1
NEK2,-1
POT1,1
CACNA1S,-1
CACNA1A,-1
POMP,-1
TJP3,-1
OR5D13,-1
XDH,-1
SLC26A2,-1
PHF20L1,-1
INSM2,-1
SLC5A7,-1
BRWD3,-1
CLPX,-1
ZNF394,0
BMP1,-1
RPH3AL,-1
BLOC1S4,-1
PTPN2,-1
PPM1H,-1
DLG2,-1
OR6C1,-1
COG3,-1
PRPH2,-1
OCRL,-1
ZMYND10,-1
TPTE,-1
TRIP12,-1
MAGEA11,-1
DZIP3,-1
GRK4,-1
WDR6,-1
FAM98B,-1
CYFIP1,-1
TOM1,-1
PCDHGA7,-1
HCN3,-1
SSTR1,-1
ANAPC10,-1
SLC32A1,-1
KCNC2,-1
TSC2,1
SIGLEC12,-1
PARP6,-1
C2CD5,-1
CDC37,-1
GLT6D1,-1
NCAN,0
MICAL1,-1
GJA1,-1
OR56A4,-1
ZRANB2,-1
PIK3R2,1
BACH2,-1
SRRM2,-1
CACNA1B,-1
SLC1A5,-1
MED4,-1
XPC,1
GK2,0
KLF5,-1
ZNF646,0
FHOD3,-1
MEFV,-1
OR2G3,-1
ELOVL5,-1
TAF1,-1
ADAM30,-1
MYT1L,-1
ASPM,-1
ATR,1
FOSL2,-1
EXD2,-1
ASB16,-1
KIAA0319,-1
ZMPSTE24,-1
SPEN,1
ABCC12,-1
SLCO6A1,-1
BAZ1A,1
SCN1A,-1
OLFML3,-1
HUWE1,-1
DSG4,-1
IL23R,-1
AARSD1,-1
ZNF333,-1
ALX1,-1
TEC,1
KCNJ6,-1
ATAD5,-1
HOXA9,1
SLC37A1,-1
