genename,label
FAF2,-1
GSTA3,-1
ZBTB17,-1
OR10G8,-1
OTX1,-1
SCIN,-1
PHLDA1,-1
ALMS1,-1
IDH3A,-1
OR6N1,-1
CDK11B,-1
ITGB5,-1
RNF113B,-1
OR2L8,-1
BIRC2,-1
LRP2,-1
GRIN2A,1
TNFRSF13C,-1
CHD2,1
GRB2,-1
EDA,-1
PLCB4,-1
CNOT3,1
SEC22C,-1
PIK3C2A,-1
IGHA1,-1
PIP5K1A,-1
HNRNPD,0
NKD2,-1
CTPS2,-1
NEFM,-1
SCRIB,-1
ASIC5,-1
NPLOC4,0
DNAH7,-1
MED13L,-1
DDC,-1
RIN2,-1
DOC2A,-1
SOCS1,1
PPP2R2C,-1
ARHGAP28,-1
CALHM3,-1
ALOX15B,-1
RUNX3,-1
TAOK1,-1
RBM10,1
DPYS,-1
SKP1,-1
TCERG1L,-1
ABHD17B,-1
MAP4K1,-1
SIRT4,-1
SLC26A7,-1
AGAP1,-1
HDAC9,-1
TTF1,-1
PHF20,-1
SMCR8,-1
ARHGAP11A,-1
PLK3,-1
DPH6,-1
KDM6A,1
CDC42BPG,-1
EXOC3L1,-1
ATF7IP,-1
AMER1,1
THBS4,-1
ZP4,-1
OR8G5,-1
XPO6,-1
PCSK5,-1
IRF1,-1
HOXC13,1
ZBTB20,-1
LMF1,-1
TRIM23,-1
NDP,-1
MAP1B,-1
ZBED2,-1
COG4,-1
COL12A1,-1
USP31,-1
STAG2,1
MED29,-1
ZNF503,-1
RFC4,-1
BCL9L,1
UTS2B,-1
TTN,-1
CASP1,-1
RNF212,-1
MBD5,-1
CAMSAP2,0
DUSP2,-1
REEP1,-1
ACACA,-1
DYRK1A,-1
ERG,1
CACNA2D1,-1
CDH8,-1
MYPN,-1
POLR2J3,0
CACNG7,-1
ZSCAN32,0
DNAH14,-1
ZIM3,0
NFKBIE,1
ZFHX4,-1
CYP27C1,0
HLA-B,-1
IGKV3-11,-1
STRIP2,-1
RABEP2,-1
DNAH10,-1
NOP2,0
CCT6A,-1
ARIH2,-1
TUBA3E,0
ARHGEF3,-1
TBX19,-1
NRXN3,-1
MMS22L,-1
UNC13C,-1
ZNF512B,-1
PCDH9,-1
WRAP53,-1
RBM12,-1
ZMYM3,1
OR5B21,-1
CNGB3,-1
ADCK1,-1
SYNJ2,-1
NOTCH2,1
CACNA2D2,-1
NBEA,1
SHANK1,-1
CTDSP2,-1
IGHV3-23,-1
PIM1,1
FARSB,0
GNA13,-1
RNF40,-1
CEP41,-1
TNS1,-1
SRGAP1,-1
IL6,-1
MUC15,0
FGFR4,1
UNC5D,-1
SCNN1G,-1
EPHA2,-1
EGR4,-1
ZNF141,-1
OR4C6,-1
NXF1,-1
MET,1
UBE2A,-1
CST3,-1
SEC24C,-1
BIRC6,1
PREX1,-1
MPO,-1
SBF1,-1
PRRC2A,-1
SLC16A1,-1
XPO7,-1
CRB1,-1
DLL1,-1
RGL3,-1
NPEPPS,-1
TNFRSF25,-1
TPO,-1
WNK2,1
IKZF2,-1
TECTA,-1
AGA,-1
HMGB2,-1
PPFIA2,-1
PTPRT,1
UPF1,-1
TRPC5,-1
LIPN,-1
FUT8,-1
CHST11,1
BTK,1
PROX1,-1
TYRO3,-1
CD3D,-1
PPWD1,-1
SYT7,-1
SORCS2,-1
ATG2A,-1
ZNF224,-1
ZNF571,0
MLXIP,-1
ZNF425,-1
ALX3,-1
OR5M8,-1
EPHA3,1
PTGS2,-1
APBA2,-1
EPPK1,-1
CNNM1,-1
CHST5,-1
FMNL2,-1
PCDH11X,-1
CREBBP,1
ETS2,-1
BIRC8,0
IGHG2,-1
ZNF43,-1
ZNF33A,-1
NACC2,-1
APOA1,-1
ACACB,-1
SLC26A3,-1
SYTL5,0
RHBDF2,-1
TBL1XR1,1
NUP98,1
DCHS2,-1
PLA2G4B,-1
AKT2,1
CPS1,-1
CACNA2D3,-1
KAT2B,0
TLN2,-1
IGLV4-60,-1
IFT88,-1
BAZ2B,-1
TNKS,-1
BHLHA15,-1
SCN3A,-1
NPAT,-1
GFPT1,-1
PTPRR,-1
TCEA3,-1
GCNT1,-1
HRNR,-1
MYD88,1
FLNA,1
LAMB1,-1
SLC18A1,-1
RPGRIP1L,-1
TNF,-1
KIRREL3,-1
A2M,0
PRKACA,1
HSF2BP,-1
INHBA,-1
PABPC1,1
ANKK1,-1
VCAM1,-1
PRDM2,1
PINK1,-1
ZNF782,-1
TMEM30A,-1
PUS1,-1
APC,1
IGLV3-9,-1
ETFDH,-1
AURKB,-1
PIP4K2C,-1
OR13C5,-1
RNF123,-1
CISH,-1
CYP2C19,0
MYF6,-1
OR4D6,-1
RASIP1,-1
METTL1,-1
FBLN5,-1
NBR1,-1
FLRT1,-1
COL17A1,-1
DDX46,-1
LRRTM1,-1
MESP2,-1
CCDC47,-1
INTS7,-1
HLA-DPA1,-1
PIGW,-1
KCNH6,-1
UNC45B,-1
CHRNA6,-1
IGHV3-30,-1
HIF3A,-1
DISC1,-1
TBC1D9,-1
OR5D16,-1
ZNF479,1
SYNGR2,-1
PLCG1,1
LEPR,-1
EXOSC5,-1
HTR2A,-1
SYT1,-1
KLF15,-1
NCAPG,-1
ENO1,-1
VN1R2,-1
CDH23,-1
MYO18B,-1
IGKV4-1,-1
ZNF471,-1
GDI1,-1
PLRG1,-1
ACE2,-1
HUNK,-1
HMX3,-1
MACF1,-1
P2RY4,-1
TYK2,-1
ME1,-1
PIK3C2G,-1
SLC26A4,-1
IGHV3-53,-1
MYO3A,-1
PLD1,-1
MAN1B1,-1
SPHK2,-1
LLGL2,0
HSP90AA1,-1
LONRF2,-1
UHRF2,-1
ETV5,1
CDKL2,-1
KIAA0226,-1
DDX3X,1
OSMR,-1
RAPGEF3,0
IGLV1-51,-1
FLNC,-1
PARD3,-1
HMGCR,-1
TAS2R30,-1
BCAP29,0
PIK3CD,-1
EIF3D,-1
ATP1A4,-1
ITGA2,-1
ANO5,-1
NEDD4,-1
PAX4,-1
NOP14,-1
CCL2,-1
ADORA1,-1
RGS22,-1
DOCK5,-1
PCDHB2,-1
METTL2A,-1
RELB,-1
PCDHB10,0
MPEG1,-1
TECPR2,-1
ZNF699,-1
AP5Z1,-1
EVPL,-1
ZFP42,-1
DES,-1
RHOT1,-1
ZFHX3,1
IGLC3,0
RXFP2,-1
ABCA10,-1
ELAVL2,-1
TSNARE1,0
EIF1,0
ZDHHC17,-1
SLC2A14,-1
EIF3A,-1
MEPCE,-1
EIF2S2,-1
NDUFS1,-1
LIMD1,-1
IDH3B,-1
OR4S1,-1
MITF,1
OPTN,-1
TAS2R39,-1
EPHX1,-1
SPTA1,-1
ZNF454,0
ASCC3,-1
LIN28B,-1
POLN,-1
IGLV4-3,-1
ABCC10,-1
WDTC1,-1
ZNF443,0
NCAM2,-1
KMT2D,1
ZNF492,-1
COL3A1,-1
KCNH8,-1
VGLL3,-1
STAP2,-1
BTG1,1
DLX6,-1
IRAK2,-1
CGN,0
FOXO1,1
EPS8L2,-1
EPHA4,-1
ZNF274,-1
CTR9,0
SEMA6D,-1
ROBO1,-1
REV3L,-1
CACNA1C,-1
NGEF,-1
DNAH11,-1
DSCAM,-1
HEPH,-1
MVD,-1
MIA,-1
ABCF1,-1
NFIB,-1
CALHM2,-1
FOXP4,-1
FYCO1,-1
HSPG2,-1
ZNF841,-1
FAF1,-1
NPAS4,-1
CACNA1D,1
OSTM1,-1
NPAS3,-1
NUP188,-1
CARD9,-1
AP1M1,-1
PPID,-1
TAAR2,-1
PDLIM1,-1
NKX6-3,-1
CHD3,-1
CXCR4,1
NAP1L3,-1
BPTF,-1
KCNN1,0
KRT23,-1
EXOC7,0
CTCF,1
APBA3,-1
DOK5,-1
TGM3,-1
FLVCR1,-1
GPD2,-1
MED15,-1
COASY,-1
DGKZ,-1
AKR1C4,-1
THRB,-1
FASN,-1
VPS13B,-1
P2RY6,-1
SLC45A2,-1
SPINK5,-1
SLC9B2,0
FOXD4,-1
GABRG3,-1
IDO2,-1
TRDN,-1
BMS1,-1
AZU1,-1
PELI1,-1
LYST,-1
ACSL3,-1
PCDH15,-1
PTPN4,-1
RMND5B,-1
ATP6V0A1,-1
DNAH17,-1
IWS1,-1
PCM1,-1
KLF2,-1
ENAM,-1
TRPC3,-1
VARS2,-1
CTSD,-1
ENPEP,-1
ZNF256,-1
DSG1,-1
POLR2E,-1
RCC2,0
FAT4,1
ZNF366,-1
ATG9B,-1
HCAR2,-1
MGP,-1
QSOX2,-1
STIM2,-1
GRM2,-1
IGHM,-1
MTMR8,-1
NME8,-1
EIF3B,-1
ANXA11,-1
EHD1,-1
UBR4,-1
DIXDC1,-1
COLEC12,-1
HNF4G,-1
KLHL18,-1
RAB17,-1
EPHA7,1
S1PR2,-1
PTPN21,-1
OPRK1,-1
IGHV3-74,-1
SH3BP1,-1
NOL9,0
PTPRB,1
ARMC8,-1
PYGB,-1
PIWIL3,-1
SLC12A1,-1
FOXA3,-1
CDH7,-1
TDRD5,-1
IGKV3-20,0
ABCA6,-1
ROBO3,-1
ATRIP,-1
ETV6,1
ZNF700,-1
POLQ,1
PREX2,1
AMBRA1,-1
XIRP2,-1
CSNK2A3,-1
KIF17,-1
ZNF530,-1
TRIM72,-1
LGI3,-1
CHTF18,-1
IGHV4-39,-1
GTF3C1,-1
CAST,-1
PRPF19,-1
BPIFA1,-1
MARCKSL1,-1
ISG20L2,-1
INTS3,-1
TACC2,-1
AGTR2,-1
GNL2,-1
STAU1,-1
LIMS1,0
GTF2H5,-1
SAP130,-1
OGG1,-1
SMAD5,0
RPL13,-1
SSTR4,-1
OPN1LW,-1
TET1,1
COL4A5,-1
MMRN1,-1
SLITRK1,-1
ZC3H12B,-1
IGHE,-1
LRRC4,-1
TRIM29,-1
FOXC1,-1
HOXC9,-1
OR52N5,-1
PRKDC,-1
IL18R1,-1
GLP2R,-1
TAB3,-1
EIF2B5,-1
DSC1,-1
DOCK1,-1
OSBPL6,-1
PPP4C,-1
COL24A1,-1
LRAT,-1
CAD,-1
DDX47,-1
HIPK3,-1
KLHL6,-1
SOX3,-1
TMC1,-1
ACOX2,-1
HNRNPA0,0
CCR3,-1
OR9A4,-1
FMO2,-1
ZNF135,-1
RECQL5,-1
ADAD1,-1
IGLV6-57,-1
VMP1,-1
ABCA1,-1
DLX4,-1
OR51I2,-1
THRA,-1
DUOX1,-1
OR52R1,-1
EXOC4,-1
ANKFY1,-1
SPAG5,-1
GPR50,-1
FAM50A,-1
ZBTB22,-1
IGSF11,-1
KIAA1549,-1
INHA,-1
SLITRK5,-1
SRSF7,-1
OLFM1,-1
CSPP1,-1
TYR,-1
CD79B,1
STK3,-1
RFX5,-1
RGS9,-1
DYNC1H1,-1
MTNR1B,-1
ARHGAP21,-1
TMEM107,-1
ERP44,0
COL4A1,-1
RBBP6,-1
MTMR1,-1
HSF1,-1
CPZ,-1
WNT5A,-1
GRM6,-1
ASB12,-1
KCNQ3,-1
MYH1,-1
STAC,-1
MBD4,-1
CD177,0
ATRX,1
DRG2,-1
SFTPD,-1
TGIF2,-1
YES1,-1
OR8K5,-1
PAQR7,-1
DYNC2H1,-1
CERS6,-1
SP1,-1
NUF2,-1
ZNF547,0
DUSP16,-1
TYMP,-1
EFR3B,-1
OR2M2,-1
PRKD1,-1
HLA-DMB,-1
GGNBP2,-1
IRF4,1
KCND2,-1
CHST6,-1
LOX,-1
MAF,1
TLR4,-1
DAB1,-1
ZNF569,-1
SIX5,-1
SOX11,-1
CACNA1F,-1
TLR2,-1
MYOG,-1
ZNF521,1
MIF4GD,-1
LTB,-1
GLYR1,-1
GPHN,-1
PRKCB,1
MSX1,-1
ABCA7,-1
CIT,-1
NAP1L5,-1
BCR,-1
HPSE2,-1
OR52A1,-1
SLC13A5,-1
CLCN3,-1
SLA,-1
PRKCD,-1
LRP8,-1
FBXL14,-1
ADCY2,-1
STXBP5,-1
IFT172,-1
RNF133,-1
MCM7,-1
SYNRG,0
CFI,-1
LPIN1,-1
FAS,1
TWIST2,-1
MMP16,-1
OCA2,-1
DLGAP1,-1
MCM10,-1
DNER,-1
FBXL20,-1
ASIC2,0
CLCN6,-1
EPC2,-1
CD79A,1
ZNF423,-1
IPO7,-1
SOX17,-1
FAM9A,-1
ANLN,-1
TNRC6A,-1
CUX2,-1
ZNF236,-1
DAGLA,-1
IRGM,-1
JARID2,0
BAIAP2L1,-1
SFXN1,-1
HLA-C,-1
ZNF208,-1
NPY4R,-1
CELSR1,-1
SGK1,1
HS3ST5,-1
HCN1,-1
TRIOBP,-1
TNFAIP2,-1
ITPKC,-1
AMN,-1
CIDEB,-1
MST1R,-1
PLK1,-1
DYSF,-1
FKBP5,-1
VANGL1,-1
CIITA,1
KIF2A,-1
DCTPP1,-1
CD320,-1
GRIN2B,-1
SMG5,-1
CXXC1,0
ARHGAP44,-1
NHS,-1
PLCD3,0
EPS8L1,-1
RBBP7,-1
LINGO1,-1
CASZ1,-1
INPP5B,-1
IGKV2-24,-1
ROS1,1
NOVA1,-1
PDPK1,-1
TRIM25,-1
SLC5A9,-1
OR1D2,-1
MYH11,-1
NT5E,-1
DGKI,-1
PDE1B,0
DIAPH3,-1
TYRP1,-1
PTPRG,-1
CD8A,-1
UNC5C,-1
HS6ST2,-1
PTPRF,-1
REEP2,-1
TRIM11,-1
IGKV2-30,-1
CUL1,-1
PLCH1,-1
CHD1,-1
GPR55,-1
GABRA1,-1
SNED1,-1
RAB6B,-1
AGL,-1
FGF21,-1
NOTUM,-1
FCN2,-1
DAO,-1
ARID1A,1
KLHL21,-1
ABCG4,-1
PRDM9,-1
TPR,-1
GPR171,-1
EIF3L,0
FKBP6,-1
RUNX1T1,1
PNPLA5,-1
SNTB1,0
RAP1GAP,0
KRIT1,0
ITGB4,-1
KIF4B,-1
TUBA3D,-1
MIB2,-1
PSEN1,-1
ATAD3A,-1
MBL2,-1
LIF,-1
PTCH1,1
TGFBR3,-1
BCOR,1
EMC1,-1
TNRC6B,-1
EPHB2,-1
TRIM24,1
DYRK1B,-1
ZNF552,0
UNC93B1,-1
ZNF708,0
CDKL1,-1
GRID1,-1
THAP10,-1
PTBP1,-1
LNX1,-1
SLC25A37,-1
SOCS3,-1
CNGB1,-1
RAB33A,-1
RXFP1,-1
UNC80,-1
PPM1J,-1
DENND5B,-1
CSPG4,-1
FBXW12,-1
JUNB,-1
MGAT5,-1
ALDH5A1,-1
SWAP70,-1
FZD10,-1
SAMHD1,-1
PHLPP2,0
RIPK4,-1
IGHV1-69,-1
LTBP2,-1
ZNF234,-1
ERBB4,1
PYY,-1
GPR84,-1
DHRS3,-1
PER1,1
VWDE,0
P2RX4,-1
DTX3L,-1
RHOBTB2,-1
CX3CL1,-1
ARAP3,-1
RBM38,-1
JAK3,1
CLSTN2,-1
MAPK8IP3,-1
G6PD,-1
ASH2L,-1
CAPN12,-1
PLCL1,-1
COPZ2,-1
GHR,-1
IRX2,-1
NINL,0
MYH7B,-1
RAB36,-1
OR5M1,-1
POSTN,-1
KMT2C,1
ZNF559,0
ACSM2B,-1
UNC5B,-1
RIMS4,-1
B3GNT8,-1
FANCD2,1
IGHV4-4,-1
RBM20,-1
PCDHGA1,-1
PGK2,-1
ABCA12,-1
RAB11FIP1,-1
EFNB1,-1
NBAS,-1
NFATC2,1
KHDRBS2,-1
ZNF555,0
COL14A1,-1
NCAM1,-1
FOXA1,1
ITGA5,-1
AMY2B,-1
FBLN1,-1
SERPINB10,-1
PIGP,-1
GLRA3,-1
SLC20A1,-1
SCN9A,-1
CLTB,-1
DAPP1,-1
TNFRSF8,-1
SSTR2,-1
BCL11A,1
MYBL1,-1
TNPO1,-1
NELFB,0
RAP1GAP2,0
FMN2,-1
UACA,-1
PRDM1,1
IGKV1D-13,-1
IRF2BP2,-1
SATB2,-1
SLC27A1,-1
GRM4,-1
KANK1,-1
SLC4A7,-1
RPTN,-1
KRT18,-1
OR56A3,-1
NID2,-1
CYP2C8,1
TRIM4,0
GPR34,-1
OSGIN1,-1
GULP1,-1
MRPS27,-1
SCN4A,-1
PLXNA1,-1
SPAG16,-1
ACADM,-1
SEMA3E,-1
ELFN1,-1
TCTN1,0
SRP72,-1
PKN2,-1
LRIG1,-1
CARS2,-1
RFPL2,-1
RPS6KA6,-1
AGBL3,-1
SEMA3D,-1
RBM15B,-1
ADRM1,-1
SLC44A2,-1
IMPG1,-1
PGM3,-1
LRRK2,-1
MAEL,-1
CKAP5,-1
USP4,-1
HS3ST1,-1
ADAMTS5,-1
ANK1,1
ZNF648,0
FANCL,0
GRID2,-1
F12,-1
GLB1L3,-1
SEMA5A,-1
SLC9A2,-1
SORCS3,-1
CDK12,1
AHNAK,-1
SFR1,-1
CUL7,-1
SHMT1,-1
PLA2G2E,-1
ZNF436,-1
KIF6,-1
NFYA,-1
SHANK2,-1
ADCY3,-1
ISLR,-1
CD70,-1
LITAF,-1
ABLIM3,-1
FGD1,-1
PLD6,-1
RGS8,0
MPDZ,-1
ZC3H12A,-1
PDLIM4,-1
KMT2A,1
PDZD7,-1
LARP1,-1
CCND2,1
GBP3,-1
ZNF273,-1
ITPR3,-1
SCUBE1,-1
MEGF8,-1
IGKV3D-11,-1
CABP2,-1
DSP,-1
NFASC,-1
ITPR1,-1
DNAH2,-1
FILIP1,-1
TRAPPC8,-1
BAZ2A,-1
ZNF48,0
KCNJ8,-1
PRSS36,-1
PPFIA1,-1
BRAP,-1
ANO1,-1
FLG2,-1
ACOX3,-1
ATP1A3,-1
PDGFC,-1
SLC1A6,-1
ABT1,0
CS,-1
POU6F2,-1
EEF2K,-1
FZD7,-1
SLX4,-1
OR8H1,-1
NEDD4L,-1
CBFA2T3,1
TIAM2,-1
USP3,-1
KIF3C,-1
CD83,-1
BBS1,-1
CRLF3,-1
ARC,-1
PHC1,-1
LARP1B,-1
HECW1,-1
EVC,-1
VPS13D,-1
USP44,1
PLD3,-1
MME,-1
CDH22,-1
EBF3,-1
OR2A5,-1
INSC,-1
RPH3A,-1
NMUR1,-1
SH3GL3,-1
CEP55,-1
BRINP1,-1
IGLL5,-1
STAT3,1
HS6ST3,-1
ZC3HAV1,-1
ZNF438,0
ARHGAP20,-1
IGKV1-33,-1
ORC1,-1
MYL6B,-1
PARD3B,0
TBX5,-1
STAB2,0
MLC1,-1
PROKR1,-1
PARK2,-1
IGLV2-23,-1
NAA25,0
MAP7D2,-1
AKR1B15,-1
SEMA3C,-1
IGKV1-17,-1
KCNH5,-1
LYN,-1
CDH26,-1
NRAP,-1
PAX1,-1
SRM,-1
OR51M1,-1
CTSL,-1
SMC5,0
NONO,-1
LRCH1,-1
ERCC5,1
UCN,-1
SPTLC3,-1
SCNN1A,-1
LTN1,-1
NOSIP,-1
TMEM237,-1
IGHG3,-1
STEAP3,-1
NLGN1,-1
GPCPD1,-1
PHKA1,-1
ATP10A,-1
ZNF721,0
UCKL1,-1
MGA,-1
SLAMF6,-1
LGALS8,-1
SUPT6H,-1
MLLT6,-1
VWF,-1
PAK6,-1
KBTBD13,-1
ZNF677,-1
ITGA10,-1
MSLN,-1
PARG,-1
PLEKHA1,-1
ST6GAL1,0
DNAJC7,0
PLEC,-1
OR6B3,-1
DPY19L2,-1
SH2D1A,-1
JMJD6,-1
SMAD9,0
TEK,-1
DCT,-1
OR8J1,-1
AMOT,-1
C8A,-1
DCST1,-1
CCND3,1
NIPA2,-1
NYAP2,-1
RPAP2,-1
GATA3,1
USP39,-1
SMARCB1,1
IRS4,1
FARP1,-1
PTPN3,-1
MCHR1,-1
TAS2R16,-1
IGHA2,-1
HAO1,-1
OR8I2,-1
TAF5L,0
TAS2R1,-1
EGR1,-1
VN1R1,-1
CENPJ,-1
MOS,-1
SOX7,-1
IGHG4,-1
DSG3,-1
SLC19A3,-1
FOXS1,-1
KRTCAP2,-1
DDIT3,1
PABPC3,0
CDH11,1
HSD3B7,-1
SVIL,-1
CEPT1,-1
OR6M1,-1
PEG3,-1
SCRN2,-1
TOX3,-1
CASR,-1
ZNF827,-1
ZNF160,-1
SH3BP4,-1
ABCD4,-1
NPY2R,-1
LAMA5,-1
EBF1,1
CHMP2B,-1
PTPN6,1
OR52H1,-1
SLCO1C1,-1
TRERF1,-1
ESPN,-1
MTMR10,-1
DNAH6,-1
TMEM135,-1
PLD2,-1
THEMIS,-1
ATPAF1,0
BEGAIN,0
ACTB,-1
RABL3,-1
IGLV3-19,-1
SMC1A,1
NRK,-1
PDP1,-1
MAZ,-1
SPOCD1,-1
MDN1,-1
TLR3,-1
SLC19A1,-1
FN1,-1
FANCE,1
RGPD4,-1
CD200,-1
IL4I1,-1
SLCO1B7,-1
TUBB4A,-1
TCL1A,1
CLASP1,-1
SLC25A13,-1
SCN2A,-1
MAGEL2,-1
CHST9,-1
SIX6,-1
OR10C1,-1
FAT1,1
MAOB,-1
C1QBP,-1
SSR1,-1
ABLIM1,0
SLC25A17,-1
SLC2A5,-1
SYDE1,-1
GPBP1L1,0
AWAT2,-1
FBP2,-1
DCAF6,-1
ABCA13,-1
DOK1,-1
GPR82,-1
LILRA2,-1
RYR1,-1
BARHL2,-1
NFATC2IP,-1
CHD4,1
LMAN2,0
LRRC4B,0
INO80D,0
ZC3H12D,-1
HTATSF1,-1
COL21A1,-1
ZBP1,-1
SMC4,-1
TAGAP,-1
ADRA2B,-1
DNAJC10,-1
CELA3B,-1
EML1,-1
PBRM1,1
KCNS3,-1
NPAS1,-1
OR2AK2,-1
ARFGEF1,-1
MRC2,-1
YTHDF2,-1
ABI1,1
CDC25B,-1
SERPINB2,-1
RIMS2,-1
BCL10,1
ANK3,-1
HSPA14,-1
OR1M1,-1
PICALM,-1
BRINP2,0
PLCE1,-1
OR6S1,-1
F7,-1
SEMA4B,-1
UGT2B17,-1
AIMP1,-1
PIK3CG,-1
PTPN14,-1
ITGB3,-1
GAS6,-1
MYO9B,-1
FRMD4B,-1
GLS,-1
CHRNA2,-1
SPTBN4,-1
FBN2,-1
P4HA3,-1
UBE2M,-1
CDH2,-1
NPR2,-1
IGHV3-33,-1
LSAMP,-1
GAK,-1
PKMYT1,-1
RP1,-1
PITX2,-1
IGHG1,-1
FAU,-1
CHRNB2,-1
INTS1,-1
SPATA20,-1
COL6A1,-1
HKDC1,-1
RFX7,-1
CTRC,-1
BCL2A1,-1
MSL2,-1
PSG11,-1
ZBTB40,-1
KRT85,-1
SGPP1,-1
ADAD2,-1
KRT19,-1
IL2RA,-1
SALL3,-1
ZNRF4,-1
QRSL1,-1
VCPKMT,-1
IKZF3,-1
CELSR3,-1
RNF213,-1
XRCC2,-1
MARK1,-1
OR52L1,-1
SNX4,-1
ZNF671,0
TAGLN3,-1
INTS12,-1
CAPN7,-1
ATP6V0A4,-1
FITM2,0
PIK3AP1,-1
SLC7A13,-1
PRKCG,-1
PAK1,-1
IGKV1D-43,-1
EDRF1,0
PCDHA11,-1
OR52W1,-1
FSD1,-1
RNASE4,-1
INO80,-1
DHX38,-1
NRXN1,-1
KCNH3,-1
MUC16,-1
ZNF462,-1
SMC1B,-1
RPS6KA5,-1
LRRC32,-1
CRYBB3,-1
KRT37,-1
BCL2,1
IGHV4-34,-1
EFHD1,-1
GP2,-1
PHF2,-1
TJP1,-1
OR7G1,-1
LPIN2,-1
DMBT1,-1
SERINC1,-1
DVL3,-1
PSKH2,-1
ZFAT,0
NDST1,-1
POTEF,0
GUCY2D,-1
IGHV3-7,-1
BNC2,-1
IVL,-1
FREM1,-1
PRRC2B,-1
MYOM2,-1
CAMK2G,-1
MIPEP,-1
MACC1,1
ASXL2,1
ZNF607,0
POMT2,-1
HELT,-1
STAT6,1
CHRM3,-1
DMP1,-1
MAP3K10,-1
BFAR,0
RGS12,-1
ZNF615,0
SETD1A,-1
QRFPR,-1
IGLV3-10,-1
ITGA6,-1
GOLGA4,-1
NLRP5,-1
OR7A10,0
CDCA7,-1
PCDHA1,-1
IKBKB,1
NEK7,-1
CAMTA1,1
TFG,-1
ITCH,-1
SYMPK,0
FEM1B,-1
CCDC39,-1
ZNF493,0
EXOC3L4,-1
TRIM71,0
PLG,-1
SCN7A,-1
ACO1,-1
TOLLIP,-1
HDAC2,-1
COL7A1,-1
SLC38A6,-1
ARHGEF1,-1
SRCAP,-1
RAB3D,0
EIF3E,1
BTG2,-1
NETO1,-1
RABL2A,-1
SGIP1,-1
HELZ2,-1
SIGLEC14,-1
MAF1,-1
CD74,1
MID2,-1
MAP1A,-1
MAN2B2,0
TRPC6,-1
PPP2CA,-1
TTK,-1
GRM7,-1
RPUSD4,-1
ZIC1,-1
KIF3B,-1
HMMR,-1
CYP7B1,-1
CACTIN,0
WDR70,-1
DSC3,-1
AP3M1,-1
ZNF280A,0
STOML2,-1
MTNR1A,-1
RB1CC1,-1
INPP4B,-1
AXL,-1
PDCL3,-1
REV1,0
MYH14,-1
HSF2,-1
GP9,-1
WNT7B,-1
COL16A1,-1
RFX2,-1
OBSCN,-1
KCNJ3,-1
ZHX2,-1
IL13RA1,-1
ESRRG,-1
MMP15,-1
SLC29A2,-1
ZNF501,0
UBL5,-1
CD58,-1
ATF4,-1
RNF128,-1
DGCR8,1
DGKB,-1
THOC2,-1
OR1L3,-1
TFAP2B,-1
ALDOB,-1
OPN1SW,-1
UBN2,-1
TRPM7,-1
ZNF578,0
LHX4,-1
POU2F2,-1
ZNF836,-1
POLR2A,-1
VPS8,-1
GPN3,0
GRIN3A,-1
MAP4K3,-1
RPRD1A,-1
SLC25A47,0
RGS7,1
ADAT3,-1
BMP7,-1
BCAR3,-1
CNTRL,-1
NUP210,-1
TRAK1,-1
OR10H3,0
RHOBTB1,-1
EBNA1BP2,-1
CADM3,-1
MARCO,-1
PCDHA10,-1
PAX8,-1
TSPAN17,0
VCPIP1,0
PCDH20,-1
TCF20,-1
COL5A2,-1
MAGI2,-1
SLC5A10,-1
CYBB,-1
AMELX,-1
PMPCA,-1
GLIS1,-1
FLT1,-1
CYP4F3,-1
RASA3,-1
MAP2K3,-1
ARID2,1
MTA2,-1
COL9A1,-1
ATP6V1H,0
IGKV2D-30,-1
DST,-1
KRT12,-1
OTOGL,-1
MYF5,-1
ZNF536,-1
HERC4,0
LRIG2,-1
TRPC1,-1
IGLV2-14,-1
IGHV2-70,-1
OR5H1,-1
OR5AP2,-1
EXTL3,-1
HIPK1,0
PRCC,-1
ARAP1,-1
WDR7,-1
ARHGEF2,-1
SCYL3,-1
OR10A4,-1
ANKRD17,-1
RHOA,1
ABCC3,-1
EP400,-1
AGFG1,-1
OR6K6,-1
POLR2B,0
CCP110,-1
TRPM2,-1
MAP7D3,-1
SNX27,-1
PFN1,-1
C7,-1
GML,-1
KDM2B,-1
CDC16,-1
CSNK1A1L,0
CBLN2,-1
PSG8,-1
TNN,-1
GHSR,-1
SLC30A6,-1
LAP3,0
ZNF286A,0
RAB3C,-1
ZNF189,-1
DAPK1,-1
OR4D1,-1
MYH6,-1
TADA2B,-1
MUC4,-1
TMSB4X,-1
ZNF439,0
FMN1,0
LAMA3,-1
CARD11,1
UNC13A,-1
HYDIN,-1
HSPA1L,-1
L3MBTL4,-1
CYLC2,-1
FOXD4L1,-1
DNAH5,-1
SENP2,-1
IL37,-1
TBCB,0
POU2AF1,1
KCNU1,-1
MYO5B,-1
PLCB1,-1
DCAF8,-1
HERC1,-1
SYNE2,-1
PRDM16,1
EIF4A2,-1
AKAP4,-1
HSD17B7,-1
PGD,-1
COL4A3,-1
PLXNB3,-1
C3,-1
COPRS,0
OSBPL10,-1
TTC28,-1
DHRS2,-1
GGPS1,-1
GSPT1,-1
TSNAXIP1,-1
DSCC1,-1
PDE4DIP,-1
MAGI1,-1
PPP2R5B,-1
KAT6A,1
ENOX1,-1
TSC22D1,-1
TBX3,1
COL27A1,-1
CALY,-1
PLCH2,-1
NPHS1,-1
KCNA3,-1
PCBP3,-1
IER3,-1
TDRD6,-1
CBLB,1
RAB9A,0
ASB11,-1
SEC62,-1
MLLT4,-1
PSG4,-1
ZAP70,-1
NR0B1,-1
KRAS,1
ALG10,-1
TRIO,-1
F8,-1
ZSCAN20,-1
KCTD10,-1
SLC16A3,-1
P2RY1,-1
PCDHB13,-1
ARHGAP29,-1
ATP2B4,-1
CNTN5,-1
ARID1B,1
UBR5,1
LAMA1,-1
SYNE1,-1
RIMS1,-1
PEX19,-1
RAB22A,-1
ZNF835,0
ZNHIT1,-1
COL6A5,-1
USP9X,-1
SALL4,1
CLASP2,-1
HOOK1,-1
HOXA6,-1
PTPN13,1
TLL2,-1
DLC1,-1
OR5T2,-1
MAP1S,-1
PTH,-1
POLR1A,-1
ITPKB,-1
ARHGAP6,-1
CYSLTR1,-1
HLA-A,-1
UBQLN1,-1
KIDINS220,-1
EPHA5,-1
COL11A1,-1
ZNF347,-1
EPHA6,-1
OR8B2,-1
CD2,-1
ESPL1,-1
NF1,1
PADI1,-1
CPLX3,0
PRICKLE2,-1
NEGR1,-1
ATP10D,-1
OR10H5,-1
RBM42,-1
PPARG,1
PIP4K2B,-1
SMC2,-1
RANBP2,1
PIP5K1B,-1
TBC1D10B,-1
PTPRD,1
NUBPL,-1
ATM,1
HECW2,-1
ORC5,-1
ARHGAP8,-1
NCAPD3,-1
TBX18,-1
MYBPC2,-1
PIBF1,-1
JAG2,-1
CSK,-1
FNTB,-1
DPP10,-1
SRSF1,-1
CDK5R1,-1
PRKG1,-1
GRIN2C,-1
TIAM1,-1
RFX6,-1
IGHV3-9,-1
AKAP9,-1
CTNNA2,1
CLCA2,-1
PEX2,-1
PDE4A,-1
SPOP,1
NFYB,-1
GPR143,-1
PDLIM3,0
LRRC7,-1
ZNF233,-1
KCNN4,-1
PMPCB,-1
F11,-1
ID3,1
NOTCH3,-1
SIN3A,-1
TGS1,-1
SIX4,-1
KIF13A,-1
KCNH1,-1
GNA12,-1
AMOTL1,-1
PGR,-1
ZBTB49,-1
IFT80,-1
PDS5B,-1
CYTH3,-1
MMP2,-1
AMPD2,-1
PIWIL4,-1
MYOF,-1
DAZAP1,-1
RAB8A,-1
AHNAK2,-1
XRN1,-1
UBA6,-1
TAC3,-1
LCE1A,-1
BRCA1,1
TMEM214,-1
BRD2,-1
CDC5L,-1
IGHV6-1,-1
NAPSA,0
PDE1A,-1
HCN4,-1
APOBEC3D,-1
ARID5B,-1
ITPR2,-1
ADAMTS15,-1
DLGAP2,-1
NEB,-1
ZMYM4,-1
ARHGEF40,0
PAPPA,-1
HSPA2,-1
USP6,1
VAX2,-1
MAST4,-1
CFH,-1
EZH2,1
IGLV4-69,-1
PRKG2,-1
CACNA1H,-1
IGKV1-5,-1
BAAT,-1
CTNNA3,-1
IGLV3-25,-1
ULK4,-1
ABCC1,-1
TNC,1
IGLC2,0
PER2,-1
GTF2A1,-1
CHM,-1
HERC2,-1
MSN,-1
PSMB5,-1
OR14J1,-1
BMP2,-1
KCNB1,-1
CDH13,-1
NKTR,-1
SNX1,-1
MAEA,-1
PLA2G4C,-1
MERTK,-1
TRPM6,-1
WDR24,-1
BRD3,1
BRAF,1
ARHGEF11,0
P2RX5,0
CBFB,1
BCL11B,1
NEUROD1,-1
NAA11,0
SLC22A25,-1
REEP4,-1
MYOZ2,-1
PIM2,-1
ZFX,-1
ZFPM2,-1
OR5L1,-1
FNIP1,-1
CEP85,0
CHD5,-1
FAM161A,-1
PPP3R2,-1
DSPP,-1
AHCYL1,-1
SMYD1,-1
PCDHGA6,-1
KRI1,-1
PDLIM5,0
LMAN1L,-1
SHANK3,-1
RASEF,-1
PIGF,-1
GDA,-1
CRTAM,-1
IGLV1-44,-1
VPS13C,-1
GH1,-1
SLC30A4,-1
ZNF217,-1
KRT25,-1
EP300,1
OR51A2,-1
MED26,-1
TET2,1
AP1G2,-1
IGHV3-72,-1
NEURL4,-1
IGLV2-8,-1
PTPRC,1
OR14I1,-1
COL8A1,-1
RNPS1,-1
IGLV3-16,-1
ZNF266,-1
KDR,1
ADAM21,-1
TTC21B,-1
IGKV1-16,-1
PCDH17,-1
MUC6,-1
SLC6A15,-1
DEPDC5,-1
GLB1L2,0
DLGAP3,0
ZNF608,-1
RAF1,1
ARHGEF5,-1
HTT,-1
GPC3,1
DDX60,-1
AMPD3,-1
RFC5,-1
CDH4,-1
SULF2,-1
NFKBIA,-1
EHMT1,-1
NUAK1,-1
OR3A1,0
RBM5,0
DACH1,-1
OTX2,-1
ANK2,-1
TP53,1
SLC6A14,-1
CNTNAP2,-1
CSDE1,-1
AR,1
UNC13B,0
KALRN,-1
ABCA8,-1
XPO1,1
YY1AP1,-1
CCDC88C,-1
RBM39,-1
PXDN,-1
RTN2,-1
PPEF1,-1
IGSF8,-1
DCHS1,-1
MUC17,-1
TBCE,-1
THOC7,-1
ZNF630,-1
EIF2B4,-1
PDE3A,-1
NTRK3,1
PTPN18,-1
CNTN1,-1
MUSK,-1
SLC22A2,-1
TFAP2D,-1
SPRED2,-1
IGLV3-12,-1
TMEM132A,-1
IRF2,-1
PCDHB1,-1
PCDHA5,-1
PCDH1,-1
IGHV1-24,-1
CALCR,-1
PTPRA,-1
ACSBG1,-1
PPP1R3A,-1
CABIN1,-1
WASF3,-1
GRN,-1
COL6A3,-1
ABCB8,-1
AATF,-1
FANCG,1
STRC,-1
MATN2,-1
UGGT2,-1
LY9,-1
WWC3,-1
PLET1,-1
NISCH,-1
RASGRF2,-1
OPCML,-1
EXT1,1
TACC1,-1
CISD2,-1
KCNK18,-1
DCSTAMP,-1
MX1,-1
MYO1F,-1
MTRR,-1
SON,-1
DIDO1,0
MCF2L,-1
CACNA1E,-1
SIPA1,-1
KCTD19,-1
TMPRSS9,-1
RNF10,-1
SLC12A7,-1
CNOT2,-1
PRMT8,-1
OR2L2,-1
AGTR1,-1
SLC5A5,-1
ZNF768,-1
PCSK2,-1
CYLC1,-1
SMAD7,-1
ENC1,-1
GLI2,-1
XBP1,-1
SERPINB3,-1
MYO9A,-1
ATG4A,-1
REL,1
SNRPD2,-1
TEX15,-1
HTR1B,-1
ZNF181,-1
CDK13,-1
ZIC3,-1
ACOX1,-1
PTGIR,-1
PTPRU,-1
GLI1,1
AGAP6,-1
MAK16,0
MYO1D,-1
RGS14,-1
PLXNA2,-1
MRPL19,-1
VCAN,-1
MAB21L2,-1
RYR2,-1
CSNK1G3,-1
KCNK3,-1
PTEN,1
USP24,-1
IGHV1-2,-1
PHF12,0
NFKB2,1
PEX5L,-1
TSHZ1,-1
RGS6,-1
PTPRZ1,-1
ANO8,0
SH3GLB2,0
NELL1,-1
DGKD,-1
TEKT1,-1
PLXNB2,-1
TEX10,-1
MYO1A,-1
ME3,-1
TBC1D10C,-1
PFDN2,-1
OR4N2,0
DOCK6,-1
EXPH5,-1
UBTF,-1
ASAP1,-1
CTNND2,1
STXBP3,0
GABRB2,-1
HIF1AN,-1
ZCCHC8,-1
DSEL,-1
STRN,-1
COL5A3,-1
PCDHA4,-1
TNK2,-1
CD274,1
ZNF546,-1
ZNF20,-1
CDH20,-1
CACNA1G,-1
RIF1,0
UVSSA,-1
ATG4C,-1
IL6ST,1
EPB41L1,-1
ADARB2,-1
HBG1,-1
USP11,-1
SLC1A7,-1
PIWIL1,-1
PHOX2A,-1
COL23A1,-1
EPHB1,-1
EGFL7,-1
NFYC,-1
NOX4,-1
MCAT,-1
SLC22A23,-1
SMARCA2,-1
CD300LB,-1
CDH18,-1
ACTG1,-1
MYO1E,-1
VPS51,-1
OR52M1,-1
NEURL1,-1
MUC5B,-1
CEP63,-1
BNC1,-1
TUBB,-1
MYO18A,-1
FAM13A,-1
ADAMTS7,-1
DACT1,-1
ATP10B,-1
OR51A4,-1
KLHL17,0
ESR2,-1
CRMP1,-1
MED12,1
INPP5F,-1
FLG,-1
ZC4H2,-1
ZNF367,-1
ZNF777,-1
POFUT2,-1
OXCT1,-1
GABRB1,-1
STARD13,-1
ABCA4,-1
LATS2,1
IGFBP4,-1
VAT1,-1
NYNRIN,-1
C6,-1
DNMT3L,-1
PCDHAC1,-1
OTUD4,-1
OR6C75,-1
CDH15,-1
OR4D10,-1
RPL3,-1
ESYT3,-1
WDR36,-1
KIF2B,-1
ELAVL1,-1
SLC4A4,-1
CYP11B1,-1
PIKFYVE,-1
BRD4,1
SORL1,-1
PDHA2,-1
ARL6IP4,-1
RNF19A,0
ABCA3,-1
BCL7A,-1
ZNF649,-1
COPS3,-1
PCDHA2,-1
CSNK1A1,-1
SLC17A4,-1
CCNC,1
TULP4,0
PPP1CA,-1
TTC30B,0
DEK,1
SNRPN,-1
IL4R,-1
PPP2R5A,-1
HCRTR2,-1
OR2A7,-1
SMARCA4,1
LRRFIP2,-1
ZNF461,-1
PARD6G,-1
FBXO15,-1
SERPINB13,-1
SYCP1,-1
B2M,1
UNK,-1
KRT6A,-1
MKRN2,-1
PTPRK,1
PLEK,-1
PKD1L1,-1
MAPKAPK2,-1
CACNA2D4,-1
CDK14,-1
NCKAP1,-1
HDAC8,-1
FBLN2,1
SOX18,-1
ZNF440,0
TNFRSF6B,-1
GABBR2,-1
UBB,-1
MAST1,-1
KCNK1,-1
PCDH7,-1
AMOTL2,-1
PPP2R1B,-1
HNRNPA1,-1
SOX5,-1
PCDHGA12,-1
MCF2,-1
CUL4A,-1
BIRC7,-1
IGKC,-1
ZC3H13,-1
MED22,0
CUL9,-1
ESRP1,-1
MYH2,-1
ZNF248,-1
ROBO2,1
AHR,-1
MOB2,0
OR5M10,-1
PSME4,-1
MDGA2,-1
MCM3AP,-1
AP3B1,-1
IRF8,-1
CASP8,1
ANKRD50,-1
GPC6,-1
SPIDR,-1
SDHC,1
PCDHA12,-1
ZNF709,-1
SULT1A1,-1
IL12RB1,-1
MOCS3,0
AHCYL2,-1
CYP2J2,-1
TJP2,-1
USP36,-1
COL1A1,-1
FGF16,-1
SETD1B,1
MYH8,-1
SYT10,-1
PCLO,-1
RAPH1,0
TCF12,-1
LRP1B,1
NASP,-1
FBN1,-1
DOCK3,-1
DNAH9,-1
CSNK2B,-1
CPEB4,-1
TLN1,-1
FUT4,-1
BCL3,1
AVIL,-1
KTN1,-1
TSC22D2,-1
RCVRN,-1
PTN,-1
ITGA4,-1
MN1,1
CADM1,-1
BEST1,-1
RAD51AP1,-1
CHKA,-1
STK36,-1
CLEC7A,-1
AARS2,-1
EML2,-1
UBQLN2,-1
ANO4,-1
C1S,-1
JMJD1C,-1
ALOXE3,-1
ZFC3H1,-1
UBE2D3,-1
IGKV1D-12,-1
IFNLR1,-1
NEK1,-1
MYC,1
ZNF846,-1
ASXL3,-1
SLCO1B3,-1
RABGAP1,-1
PCF11,-1
TAF1B,0
UBE2R2,-1
APBB1,-1
ADCYAP1R1,-1
ZNF502,0
DNAH3,-1
ELAVL3,-1
KLF4,1
SERPINC1,-1
XRCC5,-1
TLE4,-1
MCC,-1
RUFY1,-1
AIFM2,0
MYCBP2,-1
SEMA7A,-1
ASPH,-1
SH3RF2,-1
FGFR2,1
PRDM15,-1
UBAP2L,-1
SALL1,-1
HOXC11,1
HCAR3,-1
PCDHA9,-1
ZWINT,-1
STAT1,-1
DNAH1,-1
TNFRSF14,1
FANCM,-1
GBX2,-1
EPHX2,-1
MYO5C,-1
OR10AD1,-1
CWC25,-1
DNTTIP2,-1
ARL13B,-1
ZNF785,0
GOPC,-1
CORIN,-1
OPRM1,-1
BMPER,-1
FZD1,-1
ZNF616,0
METTL16,-1
OR4D5,-1
PPP1R7,-1
TNFAIP3,1
BRSK2,-1
SDHAF2,1
OR4C46,-1
BMP5,1
ROPN1B,0
IBA57,-1
KLRC4,-1
ABLIM2,-1
TLX1,1
CACNA1A,-1
IGHV4-59,-1
PKN3,-1
PHOX2B,1
RC3H1,-1
BRWD3,-1
DDR2,1
ILK,-1
KRT79,-1
PTPN2,-1
PPM1H,-1
DLG2,-1
SLITRK2,-1
CSNK2A1,-1
CYB5R4,-1
PRPH2,-1
PPP2R2B,-1
OCRL,-1
PLCG2,-1
TPTE,-1
SYNPO2,0
HOXD1,-1
WDR6,-1
PCDHGA7,-1
SSTR1,-1
PALB2,1
SLC32A1,-1
UGT2B7,-1
NTM,-1
MICAL1,-1
SERPINH1,-1
GPC1,-1
BACH2,-1
SRRM2,-1
ORM1,-1
GC,-1
DTX1,-1
STX16,-1
COMP,-1
MED16,-1
MYT1L,-1
NUP153,-1
ASPM,-1
ATR,1
PDE10A,-1
PENK,-1
RPL8,-1
IGLV3-1,-1
KIAA0319,-1
GABRQ,-1
SOD3,-1
GCM2,-1
EHF,-1
ARHGEF10,1
SLC37A3,0
SPEN,1
B4GALT6,-1
CBX6,-1
SLCO6A1,-1
ARSF,-1
ZNF101,-1
PAX5,1
SCN1A,-1
CTSH,-1
DSG4,-1
KIF14,-1
KBTBD7,-1
ALX1,-1
OR13C9,-1
CASC3,0
FAT2,-1
PIGZ,-1
FKBP9,1
HOXA9,1
