genename,label
PRKDC,-1
ADAM9,-1
CACNA1H,-1
DICER1,1
SCIN,-1
TAB3,-1
DCTN2,-1
SIGLEC1,-1
TULP3,-1
LTBP4,-1
RP1L1,-1
PAIP2,-1
ACTA2,-1
POLR3E,-1
NTNG2,0
CAD,-1
VPS37B,-1
MGAT3,-1
NOTCH1,1
UBE3C,-1
ABCC1,-1
PAF1,-1
LAMA5,-1
APOA2,-1
CHMP2B,-1
EBF1,1
HERC2,-1
MYOCD,-1
CDKN3,-1
MYCN,1
BIRC2,-1
THAP11,-1
DNMT1,1
ZNF135,-1
LRP2,-1
DOCK7,-1
CAPN3,-1
GALNT1,-1
SNRNP200,-1
OR5C1,-1
MIER3,-1
DNAH6,-1
SLC1A2,-1
SP140,0
PDE6A,-1
EPS8,-1
SEC63,-1
ZNF85,-1
ELL3,-1
HSF4,-1
CNOT3,1
MAP3K6,-1
PIK3C2A,-1
GNL3L,-1
SP100,-1
SBNO1,-1
IRS2,-1
IGHA1,-1
MERTK,-1
IL36A,-1
IL2RB,-1
THRA,-1
LRBA,-1
ATP6V0D1,-1
MTF2,-1
SCRIB,-1
SLC39A10,0
RPGR,-1
FBXO2,-1
KPNA7,-1
MDN1,-1
CHD6,-1
SLC19A1,-1
KLHL13,-1
DYNC1LI1,-1
NELFA,0
RPLP0,-1
SLC25A5,-1
HIVEP2,-1
FRYL,-1
RGPD4,-1
SECISBP2,-1
CAMSAP1,-1
VPS45,-1
RFX4,-1
IK,-1
SOCS1,1
HMGN5,0
OR2A12,-1
OSBPL7,-1
TAOK3,-1
TRPV5,-1
TAS2R43,-1
MKI67,-1
DPYSL5,-1
FBXW5,-1
FAT1,1
TCOF1,-1
CAMK2B,-1
TRPV6,-1
ZBTB4,-1
DUOX2,-1
TRIP6,-1
NCOA7,-1
YTHDF3,-1
USP34,-1
SOX13,-1
DDX17,-1
AMT,-1
CILP,-1
STK3,-1
GPBP1L1,0
TNXB,-1
JAK2,1
FOLR2,-1
ATP6V1C2,-1
RAET1L,-1
WNK3,-1
ZNF75A,-1
PRKAA2,-1
ABCA13,-1
HDLBP,-1
RECK,-1
PRLR,-1
GPX1,-1
MTIF2,-1
TTF1,-1
UTRN,-1
GPR37,-1
MTMR3,-1
SLC5A4,0
RYR1,-1
TOP1MT,-1
MYH9,1
ARHGAP1,-1
ZNF251,0
CPSF1,0
ZNF490,0
CPZ,-1
KCNE4,-1
LTB4R2,-1
PDZRN3,-1
NDC1,0
DLGAP5,-1
MLLT3,-1
VPS13C,-1
SLIT3,-1
ABCC9,-1
CEL,-1
LRRC4B,0
RNF8,-1
RAB3GAP1,-1
ZNF217,-1
ATP13A2,-1
GOLGA2,-1
PHF3,-1
EP300,1
COL21A1,-1
MYPOP,-1
COL18A1,-1
FAM83B,-1
DDHD1,-1
SPTAN1,-1
GIT2,0
PA2G4,-1
MYH15,-1
SPC24,-1
PCSK5,-1
PORCN,-1
TUBA1A,-1
KDM3B,-1
NRN1L,0
ARFGEF1,-1
MRC2,-1
PRRG1,-1
KDM5B,-1
SLC2A1,-1
TRIM23,-1
ADAM21,-1
ARPC2,-1
NDP,-1
HOOK3,-1
MAP1B,-1
PCYT1B,-1
DHX30,-1
MUC6,-1
CHMP2A,-1
COL22A1,-1
ANK3,-1
RNASEH2C,-1
LDLR,-1
EID1,-1
FNTA,-1
COL12A1,-1
IRF4,1
SIL1,-1
HTT,-1
KCND2,-1
MLX,-1
CCPG1,-1
SYCP3,-1
DDX60,-1
TTN,-1
PTPRO,-1
SEMA5B,-1
SNW1,0
TLR2,-1
PLCE1,-1
ZMYM2,-1
SMC3,-1
STAB1,0
TUBG2,-1
BEND3,-1
ACACA,-1
ATCAY,-1
KCTD8,-1
ABCA2,-1
DLX2,-1
CEP170,-1
PSME4,-1
ITGB3,-1
OTX2,-1
ANK2,-1
BEST2,-1
TP53,1
ERCC1,-1
COG1,-1
MYH10,-1
OR2T34,-1
KRT80,-1
CLK1,-1
KLK10,-1
SLC25A46,-1
NPC1L1,-1
ABCA7,-1
PCDHGA9,-1
SPTBN4,-1
LIN54,-1
OGT,-1
TTBK1,0
GNS,-1
NPR2,-1
ZFHX4,-1
LSAMP,-1
TREX1,-1
ZNF184,-1
GLI3,-1
MKS1,-1
XPO1,1
BROX,0
TRMT6,0
RBM39,-1
RAB24,-1
PHEX,-1
SNX20,-1
ARHGAP19,-1
TAF9B,-1
RTN2,-1
BZW2,-1
LRP8,-1
ADCY2,-1
ACSL6,-1
VPS4B,-1
GABPA,-1
PPEF1,-1
CCT8L2,-1
PACS1,-1
TBCE,-1
CCT6A,-1
APP,-1
INTS1,-1
KCNV1,-1
PDE3A,-1
RAB12,-1
GRB14,-1
KMT2B,-1
ATP7B,-1
SELP,-1
RYR3,-1
MCM8,-1
SAE1,-1
TP63,1
RCC1,0
ELN,-1
CTBP2,-1
AKAP13,-1
SART1,-1
RC3H2,-1
CIC,1
UQCC1,0
SPRED2,-1
MSL2,-1
WNK1,-1
SETX,-1
PER3,-1
SYCE1,-1
DOCK9,-1
FRMD1,0
TNIP1,-1
HTR1D,-1
SKAP1,-1
KRT85,-1
SYNJ2,-1
ZNF483,-1
SAFB,-1
COPG1,-1
MAT2A,-1
ADAD2,-1
GNAT3,-1
EPC2,-1
KRT19,-1
MMP11,-1
YWHAQ,0
SLC25A4,-1
AVPR1B,-1
LTF,-1
ZNF506,0
PPP1R3A,-1
CABIN1,-1
CKAP4,0
WDR45B,-1
PCDHGA4,-1
ADAMTS17,-1
FARSB,0
ZNF675,0
GABRA4,-1
GABRG1,-1
ARSB,-1
ALDH1B1,-1
ADAM17,-1
SQSTM1,-1
JARID2,0
OR5J2,-1
HIVEP1,-1
CELSR1,-1
SP5,-1
AXIN1,1
ARSI,-1
HCN1,-1
IL17C,-1
RNF213,-1
WDR62,-1
THOC5,-1
NISCH,-1
SERINC5,-1
NACAD,0
MAPK6,0
CAPN7,-1
EGR4,-1
WDR74,-1
BAHD1,-1
OR4C6,-1
NXF1,-1
WDR81,-1
DYSF,-1
STK11IP,-1
MTO1,-1
PELP1,-1
HOXD9,-1
CCDC40,-1
PREX1,-1
SEC24C,-1
BIRC6,1
EDRF1,0
SASH3,-1
RASSF2,-1
WNT5B,-1
ATG4B,-1
NSD1,-1
SLC26A6,-1
RDH10,-1
CD320,-1
GRIN2B,-1
C5,-1
YKT6,-1
CACNA1E,-1
ACTR8,0
KRT33B,-1
TP73,-1
CLP1,-1
INO80,-1
MYO15A,-1
NHS,-1
KCNK7,-1
KCNH3,-1
MUC16,-1
SLC12A7,-1
ERC1,-1
CRB1,-1
VSIG4,0
ULK1,-1
PRMT8,-1
NAA15,-1
ZNF462,-1
ATAD2,-1
ARHGAP10,-1
PDPK1,-1
DCLRE1B,-1
KDM5A,1
RPS6KA5,-1
SLC5A5,-1
ANAPC2,-1
AMHR2,-1
GRIK3,-1
MAP3K2,-1
DGKI,-1
EVA1A,0
RSPO2,1
ETV2,-1
GPR160,-1
NLGN2,-1
PPFIA2,-1
PHKB,-1
GPR39,-1
RBM25,-1
GAD1,-1
MCM6,-1
PFDN4,-1
ZNF469,-1
ADAM22,-1
SERINC1,-1
CNGA1,-1
PROX1,-1
FOXE1,-1
TYRO3,-1
RGPD8,-1
CHD1,-1
N6AMT1,-1
GABRA1,-1
NDST1,-1
PPWD1,-1
VPS33A,-1
BNC2,-1
NEK10,-1
SPEF2,-1
RACGAP1,0
SPACA4,-1
PPP2R5D,-1
USP40,-1
C1QTNF1,-1
RAI14,-1
KIF1B,-1
CHST3,-1
CRNKL1,1
ZNF425,-1
IFNAR1,-1
FREM1,-1
PRRC2B,-1
RPGRIP1,-1
ASXL2,1
MSH6,1
MYO1D,-1
NANOG,-1
ATP8B2,-1
VRK2,-1
EPHA3,1
PDYN,-1
NFXL1,0
ASXL1,1
CHRM3,-1
ARID1A,1
DLK1,-1
RGS12,-1
GRIA4,-1
ZNF615,0
MED14,-1
SNTG1,-1
PRDM9,-1
TFF3,-1
TRIM37,-1
CHST5,-1
EIF4G3,-1
POLE4,-1
HTR5A,-1
NFKB2,1
PCDHB14,-1
DBX1,-1
PARP14,-1
LCT,-1
TSHZ1,-1
ZBTB37,-1
ST3GAL4,-1
ZP2,-1
GRB7,-1
CREBBP,1
ULBP2,-1
PCDHB4,-1
GNAS,1
FRS3,0
ITGB8,-1
EMC9,-1
CHRDL1,-1
MAN2C1,-1
DMD,-1
NRAS,1
ZFYVE26,-1
POU4F3,-1
CAPZA3,-1
CCAR1,-1
ZFP2,0
OR51L1,-1
LDLRAP1,-1
OR51E1,-1
RUNX1,1
PLXNB2,-1
IL1RL1,-1
DARS2,-1
SGTB,-1
SYMPK,0
CSF1,-1
PTMA,-1
EXPH5,-1
PPP1R17,0
EXOC3L4,-1
SCN7A,-1
LIPE,-1
UBAP2,-1
KIT,1
NEIL3,0
CLCNKA,-1
NIPBL,-1
ODF3,-1
DENND6A,-1
EMC8,-1
CALCOCO1,0
KCNMA1,-1
MTMR7,-1
SIRT5,-1
SRCAP,-1
RAD23A,-1
RBP1,-1
LMOD3,-1
CD180,-1
BRS3,-1
ZSCAN10,-1
COL5A3,-1
RPL26,-1
GRM8,-1
NLRP12,-1
PPP2R2A,0
INTS4,-1
SRP68,-1
FEM1C,0
PTBP2,-1
ARNT,1
RIF1,0
IL18RAP,-1
PLXNA4,-1
NFX1,-1
GAS2L2,-1
SIGLEC11,-1
FLNA,1
SCARB2,-1
RANBP10,-1
PTBP1,-1
TTK,-1
CTSW,-1
CAND2,-1
CARD8,-1
SLC1A7,-1
PIK3CA,1
A2M,0
FGF20,-1
ZNF433,0
CLK3,-1
SP6,0
HMMR,-1
KLC4,0
TBC1D22A,-1
ZNF606,-1
PALLD,-1
RBM17,-1
UBD,-1
VCAM1,-1
APOB,-1
ATAD2B,-1
ZNF782,-1
PUS1,-1
SPIB,-1
MUC5B,-1
SOS1,-1
LPA,-1
PDIK1L,-1
MYO18A,-1
TUBB,-1
SETD5,-1
PDS5A,-1
GRK1,-1
SCRN1,-1
ZNF592,-1
AP5B1,-1
ARID4A,-1
CRMP1,-1
AP3B2,-1
GNAQ,1
ZNF717,-1
ATF7IP2,-1
FLG,-1
CCNT2,-1
OBSCN,-1
WASL,-1
OTUD3,-1
KRT9,-1
DCTN1,-1
IZUMO1,-1
RNF31,-1
CYP1A1,-1
ZNF12,-1
PCDH10,-1
SHOX2,-1
ZBTB10,0
KCNH6,-1
MED19,-1
IFT140,-1
LIG3,-1
BANP,-1
GDF2,-1
FRY,-1
NACC1,-1
WAC,-1
SMAD6,-1
TBC1D9,-1
TGFBRAP1,-1
TCEANC,0
HOXA3,-1
PLCL1,-1
ALDOB,-1
ZNF697,-1
ANTXR2,-1
OTUD4,-1
ASCC1,-1
EDC4,-1
ZNF836,-1
SCAF1,-1
NEK6,-1
CAMSAP3,-1
CBL,1
MSX2,-1
BOD1,-1
SEC16A,-1
CDH15,-1
ATL2,0
FOLR3,-1
MMACHC,-1
KMT2C,1
NRIP2,0
KCNC3,-1
RSF1,0
RBM23,0
ACSM2B,-1
ATG2B,-1
ADAMTSL1,-1
VPS16,-1
CNTFR,-1
GATAD2A,-1
PAX8,-1
B3GNT8,-1
OR2A2,-1
STK10,-1
KNTC1,-1
UBE2NL,-1
SEL1L,-1
PKDREJ,-1
MACF1,-1
MAGI2,-1
SLC4A9,-1
SORL1,-1
PDHA2,-1
TYK2,-1
ME1,-1
PIK3C2G,-1
IGHV3-53,-1
TAF3,-1
MTTP,0
CR1,-1
SELL,-1
PLIN5,-1
RAB11FIP1,-1
ALOX12B,-1
ABCF2,-1
NFATC2,1
MAN1B1,-1
ZNF850,0
LLGL2,0
SKI,1
ANO3,-1
DIS3L2,-1
TIRAP,-1
SLC17A4,-1
TRIM44,-1
LCN1,-1
ZNF555,0
COL14A1,-1
FOXQ1,-1
HOXC4,-1
TULP4,0
CEBPZ,-1
FOXA1,1
SULF1,-1
RAP1B,-1
SEMA6A,-1
MAP7,-1
DDX3X,1
DMXL1,-1
PARP15,-1
MTA2,-1
COQ10B,0
SCN9A,-1
DST,-1
WDR45,-1
ARHGEF17,-1
CYP24A1,-1
KRT38,-1
SYCE2,-1
EDEM1,-1
CWC22,0
ZNF280B,0
PLXNC1,0
AIRE,-1
TNPO1,-1
RNF182,0
ATP2B2,-1
ITGA7,-1
PIK3CD,-1
HORMAD1,-1
ASB9,-1
RUFY3,-1
OR5H1,-1
EIF2B2,-1
ZNF30,0
GTF2E1,-1
TPST1,-1
NKX2-5,-1
ST3GAL2,0
SPTBN5,-1
KCTD15,-1
EMC3,-1
PTGER3,-1
ARAP1,-1
WDR7,-1
MYO5A,-1
GRM4,-1
KRT6A,-1
SPACA1,-1
PLCZ1,-1
PKD1L1,-1
USP5,-1
KREMEN1,-1
CPT1A,-1
ATP1A1,1
CBLC,1
CDK14,-1
KIR3DL1,-1
DUSP26,0
ACIN1,-1
MAG,-1
CDCA2,0
ZNF541,-1
TECPR2,-1
ZNF699,-1
SLC30A9,-1
CHST12,-1
CENPF,-1
MED1,-1
KRT73,-1
TAF1L,-1
ARHGAP33,-1
RHOT1,-1
ZFHX3,1
FAM170A,-1
ATP2A1,-1
NLN,-1
EDEM3,-1
GULP1,-1
RNPC3,-1
PIM3,-1
ACADM,-1
ATF5,-1
IPO11,-1
CCNK,-1
SCAMP2,-1
PCDH7,-1
MED23,-1
NCOA4,1
CHERP,0
UBE3D,0
SIN3B,-1
SEMA6B,-1
SLC16A7,-1
BIN2,-1
THAP5,-1
CUL4A,-1
ESRP1,-1
EPHX1,-1
FZD8,-1
SPTA1,-1
ZNF189,-1
ZBTB9,0
RING1,-1
EPHB4,-1
CLDN23,-1
GRAMD1B,-1
TRPS1,-1
FOLR1,-1
ZC3H4,-1
AHDC1,-1
ZNF296,-1
LRRK2,-1
KMT2D,1
FEZF1,-1
CKAP5,-1
DENND4C,0
UBR1,-1
ADAMTS5,-1
PIGR,-1
MYH6,-1
PKD1,-1
NDRG3,-1
FERD3L,-1
COL3A1,-1
ANKRD50,-1
TRMU,-1
FGD4,-1
CDYL2,0
GPC6,-1
EMG1,-1
TTLL4,0
OBSL1,-1
CHST2,-1
HHEX,-1
NR1I3,-1
MTA3,0
LRFN2,-1
NPHP3,-1
DNAH5,-1
NEUROG3,-1
STRIP1,-1
DDX54,-1
CENPP,-1
LMNB1,-1
KIF6,-1
TELO2,-1
FBXO45,-1
WRN,1
MYH8,-1
REV3L,-1
CACNA1C,-1
GOLGB1,-1
PCLO,-1
LRP1B,1
NASP,-1
AUTS2,-1
ADAMTSL4,-1
POLA1,-1
FOXN4,-1
TAF5,-1
RRBP1,-1
SP8,-1
HEPH,-1
PTPN23,-1
IRX3,-1
E2F7,-1
AP1S1,-1
CEP290,-1
FGD1,-1
MAGEC1,-1
DOCK3,-1
IRF6,-1
ACSM2A,-1
CDHR1,-1
ARHGAP35,-1
BANK1,-1
SLC30A7,-1
FBXW10,-1
HSP90B1,-1
TAF7,-1
THAP7,0
TTC28,-1
DPP4,-1
AVIL,-1
REPS2,-1
GBP3,-1
ARID4B,-1
NRL,-1
CARD10,-1
POU4F2,0
ESF1,0
ZNF273,-1
DPP3,-1
DNM2,1
EID3,-1
ITPR3,-1
ERBB2,1
ITGAX,-1
MEGF8,-1
GRB10,-1
HK3,-1
IGKV3D-11,-1
S1PR5,-1
PCOLCE,-1
CHKA,-1
INPP5D,-1
ABCD1,-1
COL8A2,-1
KIF5B,-1
PTCD3,-1
SCCPDH,0
ABCA5,-1
EML2,-1
MRAP2,-1
ITPR1,-1
ONECUT3,-1
ANO7,-1
SUN2,-1
PDLIM1,-1
TDRD6,-1
TUBA1C,0
ZFC3H1,-1
GSTK1,-1
PPP6R1,0
ACBD3,-1
LUC7L3,-1
NEK1,-1
PPFIA1,-1
NAP1L3,-1
MLLT4,-1
HSPA5,-1
DBNL,-1
ACLY,-1
LIMCH1,-1
BPTF,-1
SART3,-1
EEF1D,-1
FUZ,-1
CELF3,-1
ASXL3,-1
MIEF2,0
KRT23,-1
NTHL1,1
NR0B1,-1
EXOC6B,-1
OR11H1,-1
KRAS,1
TAF1B,0
TXNRD1,-1
RORA,-1
ACE,-1
PLXND1,-1
KLK11,-1
ZNF268,-1
MAGED1,-1
MED12L,-1
PCDHA6,-1
GRIP1,-1
MARK3,-1
LUC7L2,-1
TRIM28,-1
RAPGEF6,-1
CNTN5,-1
ZNF491,0
ALG9,-1
LAMA2,-1
VPS13B,-1
IL17RD,-1
UBR5,1
KIF3C,-1
ATAD3B,-1
SORBS3,-1
GABRG2,-1
MCM3AP,-1
SYNE1,-1
RIMS1,-1
ST8SIA2,0
RRAS2,-1
ZNF540,-1
DGKG,-1
FOXD4,-1
KATNAL2,-1
RASAL2,-1
BMS1,-1
NCOR2,1
COL6A5,-1
FGL2,-1
UCP1,-1
SALL4,1
LYST,-1
ZMYND8,-1
STAT1,-1
CROT,-1
PCDH15,-1
FANCM,-1
ZNF276,0
GUK1,-1
EBF3,-1
PTGDR2,-1
ZNF785,0
MTIF3,0
WDFY4,-1
DNAH17,-1
KDM2A,-1
STAT3,1
POLR1A,-1
APH1A,-1
KIDINS220,-1
ZNF438,0
CYP17A1,-1
IGF2R,-1
EPHA5,-1
PPM1D,1
COL11A1,-1
ZRANB1,-1
LRRC8B,-1
CHGA,-1
HLX,0
DND1,-1
EPHA6,-1
SUCLG2,-1
ZC3H11A,-1
SURF4,-1
MTFR1,0
RNF20,-1
NF1,1
P2RY13,0
TFRC,-1
RAN,-1
KLRC4,-1
TGIF1,-1
ASAP3,-1
SMARCAL1,-1
CFHR4,-1
PRICKLE2,-1
CAPNS2,0
CTSD,-1
SORCS1,-1
SDHA,1
SATB1,-1
CBS,-1
RBBP5,-1
CUL3,1
USP1,-1
CCNB3,-1
XDH,-1
WASF2,-1
FAT4,1
QRICH1,-1
NCOR1,1
RERE,-1
UBXN4,-1
XIAP,-1
RANBP2,1
PHF20L1,-1
BRWD3,-1
NLRP6,0
GDAP1,-1
PPM1H,-1
DLG2,-1
NRAP,-1
CSNK2A1,-1
ATM,1
USP13,-1
SHOC2,-1
ZBTB11,-1
CREB5,-1
IGHM,-1
TRIP12,-1
CLTC,1
PCNT,-1
JAG2,-1
UBR4,-1
CSK,-1
ENPP3,-1
DCUN1D1,-1
HRK,-1
HAUS6,-1
TAB2,-1
LHCGR,-1
SOCS4,-1
CDK7,-1
FAR1,-1
SLC2A10,-1
CTNNA2,1
GJA1,-1
PCDHGA8,-1
DIAPH1,-1
PHKA1,-1
TLR7,-1
CLDN14,-1
EIF5B,0
MGA,-1
NUP88,-1
WFS1,-1
AAK1,-1
POLDIP2,-1
GK2,0
IGF2BP2,1
ZNF646,0
PIK3CB,1
KBTBD13,-1
GDF3,-1
SIGLEC9,-1
FLT3LG,-1
ATRIP,-1
ROBO3,-1
CD300E,-1
HACL1,-1
AP1G1,-1
PLEC,-1
NMNAT2,-1
RBAK,-1
GMEB1,-1
DENND1A,-1
REXO1,-1
NOTCH3,-1
EGFR,1
PANK1,-1
TPH1,-1
ASPM,-1
ATR,1
YARS2,-1
ADNP,-1
ALPI,-1
FOXM1,-1
POLR3B,-1
BRPF1,-1
ABCC4,-1
GRIN3B,-1
USP19,-1
SYTL4,-1
APOA4,-1
MAPK15,0
PDE10A,-1
PADI3,-1
PNN,-1
XPNPEP2,-1
PGR,-1
ZBTB49,-1
BPIFA1,-1
LPAR5,-1
SPEN,1
GEMIN5,-1
LRCH4,0
GATA3,1
MRPL40,-1
TACC2,-1
USP39,-1
CYTH3,-1
GGA3,-1
FOXK2,-1
STAU1,-1
RPS5,-1
CCDC14,-1
COG5,-1
AHNAK2,-1
ADAM23,-1
MRI1,-1
PAK3,-1
CTNND1,1
SYNJ1,-1
OLFML3,-1
CXCL6,-1
HUWE1,-1
AARSD1,-1
RNF216,-1
TET1,1
ARSG,-1
CDH24,-1
ATP4A,-1
NUAK2,-1
UNC13D,-1
GABPB1,0
NEB,-1
COL4A5,-1
JADE1,0
FARP2,-1
ARHGAP4,-1
CASC3,0
LARP4B,1
THBS3,-1
COL15A1,-1
ATAD5,-1
GRIA1,-1
SLC37A1,-1
