genename,label
AGAP2,-1
MAST4,-1
PRKDC,-1
HTR1F,-1
FAM50B,0
FREM2,-1
MTHFD2,0
DAXX,1
BRD7,-1
PEPD,-1
OR2T12,-1
ALMS1,-1
POLR3E,-1
CAD,-1
GNA15,-1
GALNT5,-1
SND1,1
ZNF100,-1
NAB1,-1
ABCC1,-1
NOTCH1,1
SPRED1,-1
MAN1A2,-1
LAMA5,-1
DRD1,-1
LAMA4,-1
IDH1,1
BIRC2,-1
IFIT5,-1
LRP2,-1
DOCK7,-1
EPHA8,-1
GABRB3,-1
ZSCAN1,0
LPP,1
CDH13,-1
GRB2,-1
PSMA5,-1
NPFFR1,0
ZYX,-1
UGGT1,-1
PLA2G4C,-1
TRPM6,-1
BRAF,1
NRK,-1
PDP1,-1
PRPF40A,-1
DNAH7,-1
ITK,-1
UBE4B,-1
CAMSAP1,-1
CNTN2,-1
MGME1,-1
OR2A12,-1
CYP2A13,-1
MAGEL2,-1
RREB1,-1
ARHGAP28,-1
CALHM3,-1
OR10H1,-1
CLCN5,-1
MKI67,-1
GPS2,-1
CHAMP1,-1
NAA35,0
FAT1,1
MAOB,-1
ZBTB4,-1
AP2S1,-1
DOCK2,-1
CEP350,-1
NFE2L2,1
PRSS58,-1
ZNF598,-1
MTG2,0
LCE2B,-1
PRKCQ,-1
ABHD17B,-1
SLC9A3,-1
SEC31A,-1
ABCA13,-1
WFIKKN2,-1
SLC26A7,-1
TRPC4,-1
HDAC9,-1
SLC25A12,-1
RYR1,-1
COL6A6,-1
PLK3,-1
SLC17A6,-1
STAT5A,-1
ZNF821,0
CDC42BPG,-1
PPP1CB,-1
RTTN,-1
KCNQ3,-1
PPCS,-1
PHF3,-1
DNAAF2,0
ASB7,-1
CEP152,-1
SPTAN1,-1
NEURL4,-1
BIN1,-1
CSE1L,-1
PTPRC,1
PBRM1,1
KEAP1,1
MYO1C,-1
IRS1,-1
HLA-DMA,-1
KDR,1
GBF1,-1
OR5L2,-1
OR51I1,-1
MAP1B,-1
BOC,-1
RNF103,-1
CDH5,-1
IGKV1-9,-1
BTN3A1,-1
ARHGEF5,-1
LRP1,-1
CACNA1F,-1
SNCAIP,-1
WNT10B,-1
TTN,-1
KCNJ14,-1
SMC3,-1
ZNF521,1
OR52I1,-1
STAB1,0
UGT2B17,-1
KIF19,0
OTX2,-1
BBS7,-1
ANK2,-1
TP53,1
ZPBP2,-1
AR,1
MYPN,-1
AK3,-1
AMPD1,-1
DAZL,-1
PCDHGA9,-1
FBN2,-1
NPR2,-1
POLR3C,-1
SCG5,-1
B3GNT6,-1
PRKCD,-1
LRP8,-1
DCHS1,-1
IFT172,-1
APP,-1
SLIT2,-1
TGM1,-1
COL6A1,-1
GRB14,-1
NTRK3,1
RYR3,-1
SULT4A1,-1
ELN,-1
WDR55,-1
DNAJB8,-1
NRXN3,-1
TRAV13-2,-1
AKAP13,-1
UNC13C,-1
FLT3,1
CTCFL,-1
APPL1,-1
CHL1,-1
UBASH3A,-1
WNK1,-1
GSDMA,-1
DOCK9,-1
PLA2G4E,-1
PCDHA5,-1
COL20A1,0
CLCN6,-1
KLHL11,0
HRH3,-1
ROR1,-1
CALCR,-1
RIOK2,-1
SCARA5,-1
ZNF423,-1
TRIM55,-1
PTPRA,-1
CABIN1,-1
ZNF683,-1
RIPK2,-1
COL6A3,-1
ETS1,-1
DHX9,-1
PCDHGA4,-1
OR6P1,-1
SNX21,0
PRRC2C,-1
RBM27,-1
ZNF208,-1
RNF213,-1
THOC5,-1
ARHGAP36,-1
UNC5D,-1
NACAD,0
RPRD2,-1
KCNIP2,0
EPHA2,-1
INTS12,-1
RARA,1
WDR81,-1
BIRC6,1
PCDHA11,-1
HDGF,-1
NRROS,-1
DIDO1,0
CADM4,-1
RBM4,0
PLOD1,-1
CACNA1E,-1
HNRNPK,-1
PSEN2,-1
MYO15A,-1
GRM3,1
MUC16,-1
SMPD3,0
SLC12A7,-1
ROS1,1
KPNA3,-1
PPFIBP2,-1
LRFN4,-1
TUBD1,-1
KLK5,-1
WIZ,0
VAPB,-1
CPLX4,0
ASNS,-1
GPN2,-1
DGKI,-1
DIAPH3,-1
KRT3,-1
NFE2L3,-1
TRIM39,-1
PTPRG,-1
MYO9A,-1
DNAJC11,-1
TRPC5,-1
RBM25,-1
KLHL20,-1
CDKN2A,1
PTPRF,-1
ZNF469,-1
HTRA4,-1
USP28,-1
RGPD8,-1
HNRNPUL2,0
BNC2,-1
ZNF727,-1
SLC3A2,-1
IVL,-1
DYRK4,-1
CKS1B,-1
ZNF703,-1
RNF112,-1
VPS52,-1
STAT6,1
EHMT2,-1
ZNF691,0
TRAF4,-1
DLK1,-1
BRCA2,1
SERPINE2,0
HTR5A,-1
SASS6,-1
TPR,-1
DLG5,-1
IL1F10,-1
OTUD5,-1
PCDH11X,-1
NLRP5,-1
RUVBL2,-1
HADHB,-1
HLA-DRA,-1
OR10X1,-1
NELL1,-1
ZFYVE26,-1
NRAS,1
DMD,-1
CAMTA1,1
TMC4,-1
CSF1,-1
TAS2R41,-1
AMFR,-1
TNIK,-1
UBTF,-1
SCN7A,-1
KIF4B,-1
PDE3B,-1
ATAD3A,-1
NEIL3,0
COL7A1,-1
NIPBL,-1
PTCH1,1
KBTBD8,-1
ACTC1,-1
GPR31,-1
EMILIN2,0
RGS20,0
PCDHA4,-1
KCNH2,-1
CDH20,-1
CACNA1G,-1
TEX14,-1
PTGER4,-1
ARID5A,-1
PLXNA4,-1
CNOT1,-1
GCNT1,-1
TAS2R31,-1
PI15,-1
MAP1A,-1
SIGLEC10,-1
TRPC6,-1
FLNA,1
HELQ,-1
LEO1,-1
ACO2,-1
SRSF8,-1
PDE4B,-1
CGGBP1,-1
OR51G2,-1
PIK3CA,1
ZNF431,0
ELF3,1
PDCL,-1
NOX4,-1
SLC5A1,-1
TRHR,-1
NELL2,-1
MAP3K11,-1
DISP1,0
PPM1J,-1
ZNF136,-1
UNC80,-1
OR6C3,-1
PHLPP1,-1
ST6GALNAC3,-1
VAV3,-1
MUC5B,-1
OR10J3,-1
RB1CC1,-1
AKAP11,-1
ZNF786,0
CYP2S1,-1
MYH14,-1
ZNF234,-1
GMPR,-1
TMUB1,-1
IQGAP2,-1
RHOBTB3,-1
ZFP62,-1
KREMEN2,-1
ERBB4,1
ZNF449,-1
FEZ1,-1
OBSCN,-1
PJA1,-1
BAD,-1
ALPK3,-1
ELK1,-1
ZNF653,-1
UGT3A1,-1
MAGEA1,-1
ELL2,-1
ZNF12,-1
LRRC52,-1
PCDH10,-1
NLRP7,-1
FRY,-1
KIRREL2,-1
ZZZ3,-1
FMNL1,0
ASH2L,-1
DDB2,1
OR5D16,-1
SELENBP1,-1
CAPN12,-1
ZNF736,-1
WEE2,-1
PLCL1,-1
ZKSCAN4,-1
ADAMTS12,-1
NF2,1
PLCG1,1
ASCC1,-1
CAMSAP3,-1
SF3B1,1
PF4V1,-1
GZF1,-1
GLG1,-1
CHD7,-1
KMT2C,1
NOL12,0
NUP210,-1
REG3G,-1
GDI1,-1
KCNG1,-1
RHOBTB1,-1
NDEL1,0
MARCO,-1
PSPC1,-1
TBC1D8,-1
GATAD2A,-1
ROBO4,-1
LIAS,-1
ZNF500,0
ZEB1,1
SUPT20H,0
ZNF14,-1
OTOF,-1
SCIMP,-1
ME1,-1
TPRN,-1
SELL,-1
DPF3,-1
RD3,-1
ZNF649,-1
SH3PXD2A,0
GNL3,-1
HSP90AB1,-1
ETV5,1
PEX11B,-1
CYP4F3,-1
TLR1,-1
BAP1,1
COL9A1,-1
DST,-1
ADAMTS16,-1
SH3GLB1,0
MAGEE1,-1
CHRM2,-1
PARD3,-1
ZNF536,-1
ZHX3,-1
OR2J3,-1
MUC2,-1
CDHR2,-1
CATSPERB,-1
EXTL3,-1
FMN2,-1
PRDM1,1
FAXDC2,0
DNAH8,-1
SGCA,-1
ISY1,-1
ATXN1L,-1
PTPRK,1
NID1,-1
ENGASE,0
UNC79,-1
VPS33B,-1
SIPA1L3,-1
IDH2,1
EP400,-1
TICAM1,-1
TECPR2,-1
CR2,-1
OSGIN1,-1
RDH12,-1
KRT1,-1
DOCK10,-1
CALD1,-1
MRPS27,-1
RNPC3,-1
SCN4A,-1
GTPBP4,0
KCNIP4,-1
ATP2B1,-1
CMA1,-1
ARAF,1
PCDH7,-1
F13A1,-1
CEACAM5,-1
SCN8A,-1
ZDHHC17,-1
SOX5,-1
EXOC3,-1
ZNF627,-1
ZDHHC21,-1
FZD8,-1
SPTA1,-1
CAPN13,-1
DAPK1,-1
CPD,-1
MAP2K1,1
PRMT3,0
MAEL,-1
ACHE,-1
KMT2D,1
LAMA3,-1
UBR1,-1
DPYSL4,-1
NDRG3,-1
TUFT1,-1
ANK1,1
OGDHL,-1
F12,-1
MYO7A,-1
NR1I3,-1
OR6T1,-1
SEMA5A,-1
CACNG5,-1
DNAH5,-1
SORCS3,-1
ADAM32,0
KIR3DL3,0
GPR85,-1
AHNAK,-1
BRINP3,-1
CCNA2,0
CAPRIN1,-1
PCLO,-1
KIF6,-1
TGFBR2,1
REV3L,-1
ALB,-1
PLCB1,-1
GRM5,-1
LRP1B,1
SLC8A3,0
FPR1,-1
HEPH,-1
ALDH3A1,-1
MVD,-1
NOM1,-1
ROCK1,-1
MICALL1,0
GLRA2,-1
MAGEC1,-1
SSRP1,-1
EIF4ENIF1,-1
MPDZ,-1
PLXNB3,-1
C3,-1
TUBB2A,-1
TLN1,-1
BCL3,1
TTC28,-1
ATP13A3,-1
ROR2,-1
TRAT1,-1
NFKBIZ,-1
ARID4B,-1
CENPI,0
CARD10,-1
PI4KA,-1
GYG2,-1
DNM2,1
ERBB2,1
CAND1,-1
TRAP1,-1
S1PR5,-1
SPTBN1,-1
INPP5D,-1
CASK,-1
ZNF610,-1
SLC22A5,-1
DNAH2,-1
ANO7,-1
COX15,-1
ZFC3H1,-1
SCN3B,-1
GSTK1,-1
DNAAF3,-1
HMGCL,-1
ANO1,-1
ATP1A3,-1
RABGAP1,-1
KRAS,1
EEF2K,-1
SMG7,-1
TRBV5-1,-1
PHIP,-1
CDC37L1,-1
CREB3L1,1
AFF4,1
ZNF268,-1
SLX4,-1
PRDM6,-1
CLEC14A,-1
MAGED1,-1
STK40,-1
ARID1B,1
TRUB1,-1
CLCC1,-1
LAMA1,-1
SYNE1,-1
TRIP11,-1
FGFR2,1
KATNAL2,-1
SALL1,-1
GRIK2,-1
PCDHA9,-1
PPP6C,1
USP9X,-1
KCNV2,-1
ACSL3,-1
GREM1,-1
MME,-1
MYO5C,-1
TMEM11,0
PTPN4,-1
PAX3,1
RPS3,-1
SSBP2,-1
PSG5,-1
GALNT12,-1
OR2L13,-1
WDFY4,-1
IPO5,-1
ATP6V0A1,-1
DNAH17,-1
SMG8,-1
CYSLTR1,-1
FOXK1,-1
COL11A1,-1
NR2C1,-1
NCKIPSD,-1
BRDT,-1
PVR,-1
ZNF107,-1
SMARCAL1,-1
EPC1,-1
STAB2,0
CCNB3,-1
KLHL25,0
PDGFRB,1
ESX1,-1
PIP4K2B,-1
PHF20L1,-1
BRWD3,-1
C1QTNF9,0
LONP2,-1
HNRNPA2B1,1
PHYH,-1
NPM3,-1
SORBS1,-1
SLC9A9,-1
SEMA4C,-1
SLITRK2,-1
CYP2D6,-1
ATM,1
HECW2,-1
ZNF385A,-1
TPTE,-1
TUBGCP3,-1
PAX6,-1
TRIP12,-1
FBP1,-1
ELF4,1
DZIP3,-1
TOM1,-1
CDH12,-1
PCNT,-1
NONO,-1
SLC32A1,-1
OPRD1,-1
TSC2,1
FGFRL1,-1
PRKG1,-1
ZSCAN16,0
GTF2IRD1,-1
PTH1R,0
ARFGAP2,-1
CTNNA2,1
EPHA7,1
A1CF,1
LIPA,-1
SH3BP1,-1
LTN1,-1
ZNF345,0
CDH7,-1
PDE4A,-1
PHKA1,-1
DTX1,-1
MGA,-1
UCKL1,-1
ERLEC1,-1
TIGIT,-1
VWF,-1
FHOD3,-1
ADAM30,-1
MED16,-1
GXYLT1,-1
PLEC,-1
FBXO24,-1
PREX2,1
AMBRA1,-1
ATR,1
ZNF534,-1
DPY19L3,-1
IMPG2,-1
RNF220,-1
HLA-DOA,0
DCT,-1
OR10H4,-1
APOA4,-1
RASA1,-1
SLC6A18,-1
IGLV3-1,-1
DPH2,-1
ZBTB49,-1
NYAP2,-1
SMG6,-1
BLK,-1
PRR11,-1
TSC1,1
USP47,-1
IL10RA,-1
MED13,-1
DRAM2,-1
ARSF,-1
SMAD5,0
SIT1,0
DGKA,-1
MUCL1,0
TDRD9,-1
SYNJ1,-1
PFKP,-1
MTR,-1
AGAP5,-1
RPS6KA3,-1
ITPR2,-1
RAB11B,-1
BMP15,-1
DLGAP2,-1
NEB,-1
ZMYM4,-1
ATAD5,-1
ZNF609,-1
NOS3,-1
