genename,label
PRDM14,-1
ZBTB17,-1
SMC6,0
OTX1,-1
NDUFAF7,-1
POTEE,-1
DDX11,-1
RBL1,-1
HELLS,-1
STIL,1
SIGLEC1,-1
ENSA,-1
RFC1,-1
HK1,-1
CDK11B,-1
ITGB5,-1
MNDA,-1
ITSN1,-1
AKR1C2,-1
MAD2L2,-1
SPRR2A,-1
GLUD1,-1
PPT1,-1
GRIN2A,1
LPP,1
CHD2,1
SPATA16,-1
PLCB4,-1
PIK3C2A,-1
PUS7L,-1
ZFYVE16,-1
PIP5K1A,-1
GPR83,-1
NKD2,-1
SERPINB8,-1
CYSLTR2,1
NEFM,-1
GPR68,-1
HELB,-1
PKLR,-1
OR8U1,-1
ASB1,-1
ACSM4,-1
DOC2A,-1
PPP2R2C,-1
SLCO1B1,-1
TBX20,-1
ENPP2,-1
MICU3,-1
ALOX15B,-1
DMRTB1,-1
ZNF772,-1
TAOK1,-1
NDRG2,-1
OR52A5,-1
OR6C4,-1
KRT7,-1
PRAME,-1
SNX13,-1
IGHV4-31,-1
DCUN1D5,-1
GDF10,-1
SLC26A7,-1
DCN,-1
ZNF18,-1
SLC25A12,-1
FGF7,-1
ZBTB8B,0
TOP1MT,-1
GDF9,-1
RHPN2,-1
DDX42,-1
SERPINA11,-1
AMER1,1
THBS4,-1
RAB11FIP4,-1
MPP1,-1
FZD3,-1
OR8D2,-1
AKAP5,-1
NCEH1,-1
NR3C2,-1
PLIN1,-1
CST6,-1
HGF,-1
SP110,-1
LMAN1,-1
MDGA1,-1
KCNK15,-1
HOOK3,-1
MAP1B,-1
NQO1,-1
NLRC5,-1
ZNF574,0
PRICKLE3,-1
IQSEC2,-1
CYP26B1,-1
SAMD1,-1
HAUS5,-1
BEND3,-1
SEC31B,-1
CYP2C9,-1
CACNG7,-1
GPBAR1,-1
EIF3M,-1
KRT13,-1
NFKBIE,1
ZFHX4,-1
TREX1,-1
TNRC6C,-1
CBR4,0
CYP27C1,0
CBX4,-1
KRT15,-1
SEC24B,-1
CLCF1,-1
CCT6A,-1
VRTN,-1
VAT1L,-1
ATP6V1B1,0
CTBP2,-1
MMS22L,-1
ZNF512B,-1
RHCE,-1
ZEB2,-1
RGS3,-1
OR5B21,-1
LGALS9,-1
SYNJ2,-1
GJB6,-1
PRKD2,-1
RLIM,-1
GMEB2,-1
IGHV3-23,-1
SUPT5H,-1
CSH1,-1
RNF40,-1
PKD2,-1
CCNH,-1
SRGAP1,-1
MRPS35,-1
FGFR4,1
TRIM3,-1
SCNN1G,-1
C8B,-1
GSTO1,-1
APEX1,-1
BAHD1,-1
ARHGAP5,1
FBF1,0
PREX1,-1
KLHL42,-1
NRROS,-1
GRAP,0
KCNAB3,-1
PRRC2A,-1
SLC39A6,0
ANXA2,-1
PPFIBP2,-1
DLL1,-1
RGL3,-1
SWI5,-1
MMP3,-1
GMCL1,0
TPO,-1
GH2,-1
RPS27,-1
FPR3,-1
GLRA1,-1
TECTA,-1
HMGB2,-1
RBM25,-1
HTR1E,-1
TNFRSF11A,-1
COLEC11,-1
ZNF142,-1
PPWD1,-1
HYAL1,-1
GPRC6A,-1
RACGAP1,0
PDCD7,-1
SUZ12,1
OR5M8,-1
ILF3,-1
RARG,-1
TPM1,-1
NKAP,-1
SUPT4H1,-1
HNRNPM,0
EIF2S3,-1
TCTN3,-1
ZNF177,-1
ABHD17C,-1
EDIL3,0
FMNL2,-1
ELOVL4,-1
GRB7,-1
ETS2,-1
KIR2DL1,-1
HTR3E,-1
DPP8,-1
EZR,-1
OR51E1,-1
OR9G1,-1
OVGP1,-1
SLITRK4,-1
GKAP1,-1
PLA2G4B,-1
AKT2,1
CACNA2D3,-1
TLN2,-1
NOTO,0
ZSCAN25,0
PDE5A,-1
NR1D1,-1
MCOLN2,-1
PPP1R12C,-1
ZSCAN22,-1
KLK1,-1
C4BPA,-1
CDC20B,-1
FLII,-1
STIP1,-1
LRRTM2,-1
TRIM26,-1
GFPT1,-1
TST,-1
EMB,-1
SPRR2E,-1
KRT33A,-1
MAPK14,-1
LAMB1,-1
CASQ1,-1
HMGXB4,-1
MRPL13,-1
BRD1,0
CCT5,-1
POMC,-1
ZIC2,-1
CD80,-1
USP48,-1
SLC6A19,-1
KLC4,0
DAB2IP,-1
GTF3C2,0
PALLD,-1
INHBA,-1
TAOK2,-1
RTP2,-1
KRTDAP,-1
DISP1,0
ANKK1,-1
PABPC1,1
CPT1C,-1
DPYSL3,-1
PGGT1B,-1
ZNF281,0
OR13C5,-1
PDS5A,-1
MEIS3,0
PRKCA,-1
WDR43,-1
COL17A1,-1
KRT86,-1
ENO3,-1
APOC3,-1
IZUMO1,-1
MESP2,-1
CCDC47,-1
F5,-1
SHOX2,-1
PIGW,-1
KCNH6,-1
MAVS,-1
DISC1,-1
CYLD,1
SMAD6,-1
PUF60,-1
HRH1,-1
SELPLG,-1
CTU2,-1
C3AR1,-1
CALR,1
RPF2,0
PLCG1,1
SAG,-1
FOXE3,-1
LEPR,-1
MBOAT1,-1
SYT1,-1
TBX22,-1
PSMB3,-1
DYNC1I1,-1
CNOT6,-1
ADCY10,-1
NCAPG,-1
RSF1,0
ZNF471,-1
SNRNP27,-1
DIMT1,0
ZSCAN4,-1
NDEL1,0
RSAD2,-1
CDKN1A,1
OR2A2,-1
FSTL1,-1
DKKL1,-1
SLC36A3,0
FOXO4,1
MTTP,0
SLC26A4,-1
LSM14A,-1
MYO3A,-1
SPHK2,-1
INTS2,-1
COX4I2,-1
SCO2,-1
GAS2,-1
HOXC4,-1
TRAPPC4,-1
PIGN,-1
ADH4,-1
ATP2C2,-1
RAPGEF3,0
FLNC,-1
KLHL15,-1
HOXC6,-1
ZHX3,-1
HAX1,-1
PSPN,-1
OR51B6,0
ZNF737,-1
ZNF70,-1
RGS18,0
PKN1,-1
UBOX5,0
SRFBP1,-1
HTRA3,-1
RPP25L,-1
ADAM28,-1
ZNF577,-1
DOCK5,-1
ZNF207,-1
PCDHB10,0
MPEG1,-1
TECPR2,-1
MAP7D1,0
AMTN,-1
SETD6,-1
DES,-1
ENTHD1,-1
ZNF132,-1
ADD3,-1
ZNF280C,0
LRP3,-1
F13A1,-1
PCDHA7,-1
JAM3,-1
OR2B6,-1
MLKL,-1
ASGR1,-1
WNT2,-1
HSPA6,-1
ZNF396,-1
ZC3H18,0
EPHX1,-1
FZD8,-1
GPS1,-1
POLN,-1
PDZD11,-1
AHDC1,-1
ZNF296,-1
ACHE,-1
KMT2D,1
NCAM2,-1
KCTD16,-1
INO80E,0
C1GALT1C1,-1
OR2D3,-1
FFAR1,-1
ZNF492,-1
COL3A1,-1
ZNF750,-1
AMER3,-1
GBX1,-1
STEAP2,-1
UPF3B,-1
PTGES,-1
KIF4A,-1
ALPP,-1
SERPINA7,0
DLX6,-1
UBA1,-1
CISD1,-1
EPHA4,-1
CTR9,0
PCK1,-1
IL7,-1
IL16,-1
DSCAM,-1
GJC1,-1
TARBP2,-1
PLEKHM1,-1
NME7,-1
MVD,-1
HIGD1A,0
MAST3,-1
ROCK1,-1
MICALL1,0
TIAL1,-1
OR10S1,-1
ABCF1,-1
RTP1,-1
CALHM2,-1
LMOD1,-1
TOX,-1
RRP15,-1
ZNF44,-1
ZNF382,-1
CDKN1C,-1
CAND1,-1
FECH,-1
TRAP1,-1
ZNF212,-1
TPGS1,0
EDN1,-1
OSTM1,-1
FBXO8,-1
B4GALT2,-1
ACSS1,-1
NKX6-3,-1
CYP2R1,-1
OR10G7,-1
CHD3,-1
MCL1,-1
CXCR4,1
HSPA5,-1
IRAK1,-1
KRT23,-1
DOK5,-1
ZNF507,0
FLVCR1,-1
ZNF175,-1
ARSD,-1
ZNF263,-1
MED12L,-1
THRB,-1
MARK3,-1
LAMA2,-1
MUC5AC,-1
MRPL35,-1
AMBN,-1
SLC45A2,-1
PANX1,-1
AUP1,-1
TERF1,-1
GPR141,-1
TUB,-1
MBTD1,0
AK7,-1
LYST,-1
ZSCAN21,0
PCDH15,-1
OAS3,-1
TJAP1,-1
GALNT12,-1
OR2L13,-1
ATP6V0A1,-1
DNAH17,-1
FOXR2,-1
RGS1,-1
SMG9,0
NCOA1,-1
SLC2A4RG,0
JPH3,-1
POGZ,-1
FERMT2,-1
SH2D2A,-1
OR4Q3,-1
VARS2,-1
CTSD,-1
EGLN2,-1
ZNF256,-1
WASF2,-1
HNRNPUL1,-1
UBXN4,-1
CDK5RAP2,-1
ATG9B,-1
ZNF230,0
HCAR2,-1
DCLRE1A,-1
CABP5,-1
OXTR,-1
OR2Y1,-1
UBR4,-1
EIF3J,-1
OR2C3,-1
PRL,-1
KCNK16,-1
RWDD3,-1
OPRK1,-1
HOXA2,-1
PSMA3,-1
PTPN21,-1
SETD3,-1
ARMC8,-1
SH2D3A,-1
ZNF528,-1
ARRDC4,-1
PYGB,-1
DMAP1,0
AAK1,-1
IGKV3-20,0
SLC4A2,-1
PLSCR1,-1
FNBP1,-1
PIGL,-1
ROBO3,-1
GPER1,-1
SPINK6,-1
AP1G1,-1
FBXO24,-1
ASIC4,0
FBXO7,-1
IRF2BPL,-1
SYT6,-1
PADI3,-1
CHTF18,-1
METTL2B,-1
ESCO1,-1
PSG7,-1
RAB40AL,-1
C5AR2,-1
NLRC3,-1
SMAD5,0
ZMYND11,-1
ASAH2,-1
KRT83,-1
KCNA10,-1
CARD18,-1
HOXB2,-1
TSFM,-1
NFS1,-1
IFT46,0
CDH24,-1
ICAM1,-1
AXIN2,1
IL1RAPL1,-1
OR2D2,-1
COL4A5,-1
JADE1,0
PPP4R1,-1
LRRC4,-1
MUC7,-1
HOXC9,-1
DNA2,-1
PRKDC,-1
DICER1,1
NHSL1,-1
CD69,-1
TMEM106B,-1
TAB3,-1
DSC1,-1
CAP2,-1
CHKB,-1
LAMP1,-1
CAD,-1
MECP2,-1
LHFPL5,-1
IFNA7,-1
ARSH,-1
TIMP3,-1
SETD2,1
MMP21,-1
OR9A4,-1
OR13J1,-1
PDGFA,-1
ALG10B,0
HOXB7,-1
OR52R1,-1
KPNA7,-1
DKK3,-1
EXOC4,-1
CCR1,-1
GJB5,-1
SECISBP2,-1
IGF2BP3,-1
CHRFAM7A,-1
OR2A12,-1
STK32C,-1
ZNRF3,1
CPSF4,-1
SPAG5,-1
PNMA5,-1
NUP214,-1
KIAA1549,-1
FOXP2,-1
RASGRP4,-1
FBXW5,-1
SRSF7,-1
OLFM1,-1
MAGEH1,-1
COX5A,-1
CSPP1,-1
ADAMTS10,-1
AREL1,-1
ZNF75A,-1
TOM1L1,-1
WFIKKN2,-1
LCP2,-1
OR6F1,-1
PIGS,-1
VIPAS39,-1
GPI,-1
PLA1A,-1
COL4A1,-1
RBBP6,-1
CHRNE,-1
KCNJ12,-1
KRT76,-1
HSF1,-1
FZD9,-1
BPIFB2,-1
OR1A1,-1
FBXO44,-1
SCAF4,-1
MYPOP,-1
JAG1,-1
STAC,-1
CEP152,-1
CD177,0
CCT4,-1
SLMAP,0
CLIP3,-1
VGLL1,-1
CERS6,-1
MYO1C,-1
SRPK1,-1
POLK,-1
RLF,-1
GPR176,-1
OR2M2,-1
OR2T11,-1
COL22A1,-1
HLA-DMB,-1
MSRB2,-1
POU4F1,-1
COQ7,-1
CPA4,-1
CDKL4,0
PRKACB,-1
AP3M2,-1
BBS7,-1
GPHN,-1
ARHGAP25,-1
MSX1,-1
MKNK2,-1
CLK1,-1
PCDHGA9,-1
CASP6,-1
TRIM36,-1
BTN1A1,-1
HPSE2,-1
OR52A1,-1
FGB,-1
RICTOR,-1
GRHL2,-1
LRP8,-1
PRSS55,-1
ACSL6,-1
RNF133,-1
GPR139,-1
PSMD6,-1
HLA-DPB1,-1
GYS1,-1
THOC1,-1
GNAI2,-1
TBL1X,-1
MCM8,-1
GM2A,-1
RELN,-1
OPA1,-1
OLIG2,1
SLC10A2,-1
CD33,-1
DNER,-1
STAG1,1
UMOD,-1
CYP11A1,-1
LIPG,-1
COPG1,-1
MRPS18C,-1
SERPINB12,-1
NUP160,-1
RIOK2,-1
DUSP5,-1
RPS6KA1,-1
DHX9,-1
ANLN,-1
NIM1K,-1
TGFB1,-1
CRELD2,0
ARSI,-1
HCN1,-1
P2RY2,-1
CRTC2,-1
BRD9,-1
ATL1,-1
TRIOBP,-1
BCLAF1,1
HHAT,-1
DBP,-1
POLR1E,0
OR51D1,-1
FAM83A,-1
MMP8,-1
PRSS22,-1
ZNF362,-1
PAK1IP1,-1
WDR18,-1
ITGA3,-1
IL17RA,-1
RASSF2,-1
PANK4,-1
ECE2,-1
SLC5A11,-1
SEC23B,-1
TTI1,-1
RRP8,-1
NHS,-1
PLCD3,0
IGKV2-24,-1
TUBA8,-1
NOVA1,-1
ZNF652,-1
TRIB1,-1
HAUS1,-1
SNCA,-1
DIAPH3,-1
ZNF638,-1
ZNF445,0
GPR160,-1
DAPK2,-1
PTPRF,-1
TRIM11,-1
SOCS2,0
GIMAP7,-1
NDN,-1
TTLL12,-1
RINT1,-1
PIWIL2,-1
PRELID1,-1
PECR,-1
PRPH,-1
IL5RA,-1
CHST3,-1
SPN,-1
MSH6,1
TRIM56,-1
NANOG,-1
DNAAF1,-1
EHHADH,-1
NET1,-1
CXCR6,-1
EHMT2,-1
DENND4B,-1
CLTCL1,1
FBXO30,-1
ATF6B,-1
TPR,-1
CLCN7,-1
EPM2A,-1
CXCL5,-1
IFNB1,-1
CEP250,0
ATP12A,-1
POLR3F,-1
HEXIM1,0
AMFR,-1
ITGB4,-1
RABEP1,-1
CCDC59,0
EXTL1,-1
ELP3,-1
KDM4B,-1
TAS1R1,-1
KRT36,-1
RBBP4,0
BCOR,1
EMC1,-1
EMILIN2,0
RGS20,0
PIF1,-1
SYT8,-1
SFXN4,-1
ZNF552,0
B3GAT2,0
PTGER2,-1
ZNF708,0
NCR1,-1
CDX2,1
RAD9A,-1
RNF6,-1
AKAP3,0
CAND2,-1
LFNG,-1
RBM7,-1
CTDSP1,-1
TBC1D22A,-1
CLK2,-1
SLC2A2,-1
LRRC41,-1
LSM10,-1
TM9SF2,-1
PODXL,-1
DENND5B,-1
CSPG4,-1
PFKFB2,-1
HOXA5,-1
SSR3,-1
PBX2,-1
IRF3,-1
SWAP70,-1
SAMHD1,-1
CDH19,-1
LPA,-1
CHST13,-1
PLA2G4A,-1
ZXDC,-1
NEUROG2,-1
ERBB4,1
GRXCR1,-1
GPR84,-1
VWDE,0
PLA2G6,-1
DCAF12,0
PPP1R3B,-1
SLC12A3,-1
DUSP8,-1
EHD3,-1
ARAP3,-1
FBXW7,1
ELOVL2,-1
GDF2,-1
AAR2,-1
SERPINA9,-1
TMEM30B,-1
ASH2L,-1
MYLK,-1
ANTXR2,-1
ATF2,-1
NCOA6,-1
CXCL12,-1
ZSWIM8,-1
HBE1,-1
CDC42EP1,-1
KMT2C,1
EPAS1,1
ZNF559,0
CARD14,-1
ATXN7,-1
TECTB,-1
LIAS,-1
ELSPBP1,-1
TYSND1,-1
CCS,-1
ANXA13,0
ERN2,-1
RBM20,-1
PCDHGA1,-1
HTR3C,-1
PGK2,-1
BECN1,-1
COMMD8,-1
RPS10,-1
LEFTY2,-1
NCAM1,-1
SULF1,-1
ZNF407,-1
ITGA5,-1
SERPINB10,-1
GLRA3,-1
SMUG1,-1
CERS5,-1
MYBL1,-1
DNMT3A,1
MOGS,-1
TNPO1,-1
SLC16A2,-1
HORMAD1,-1
CATSPERB,-1
STT3B,-1
FMN2,-1
DNAH8,-1
SGCA,-1
PTGER3,-1
GTPBP10,-1
UBE2N,-1
WNT8B,-1
GPR19,-1
COL4A2,-1
CHCHD4,0
ADH6,-1
PURG,-1
TRAF3IP1,-1
UBE2H,-1
GPR34,-1
OR51B2,-1
NR4A1,-1
GUCA1A,-1
ARHGEF6,-1
RPS3A,-1
NARS2,-1
GULP1,-1
CHRNB3,-1
AGT,-1
SPAG16,-1
SEMA3E,-1
SYCP2,-1
ANAPC1,0
PELI3,-1
TCTN1,0
GABRP,-1
SRP72,-1
HEPACAM,-1
AMPH,-1
URB1,-1
CHERP,0
BDNF,-1
ADORA2B,-1
WNT1,-1
SIN3B,-1
SEMA3D,-1
USP15,-1
AP4S1,-1
KLHL8,-1
CSNK1G1,-1
KIF21A,-1
PRMT3,0
FBXO11,1
DENND4C,0
UBR1,-1
WWC1,-1
FERD3L,-1
FANCL,0
OR7C2,-1
GLB1L3,-1
GPR85,-1
BRINP3,-1
SLC8A2,-1
EMCN,0
KIF6,-1
ZNF436,-1
GIGYF1,-1
GOLGB1,-1
SLC8A3,0
TTI2,-1
ALDH3A1,-1
PPP2R5E,-1
IRX3,-1
CLCNKB,-1
DNAJA2,-1
LGALS3BP,-1
TRAPPC3,-1
GLRA2,-1
MAP2K2,1
GPT,-1
ATP13A3,-1
REPS2,-1
CCND2,1
KLHL7,-1
PI4KA,-1
ERBB2,1
SCUBE1,-1
GNB5,-1
GGT5,-1
HEXB,-1
MEGF8,-1
IFNA5,-1
NAPB,-1
HMOX2,-1
LCE1F,-1
DSP,-1
CHMP4A,-1
KRT14,-1
SLC22A5,-1
MARVELD3,-1
BAZ2A,-1
PRSS36,-1
BRAP,-1
FLG2,-1
USH1G,0
PAX2,-1
GIMAP5,-1
CXCL13,-1
CDH17,1
EEF2K,-1
AKAP1,-1
SCTR,-1
YBX2,-1
SLX4,-1
BYSL,-1
NEDD4L,-1
DHX57,-1
TMPRSS7,-1
TIAM2,-1
CDYL,-1
PHKG2,-1
USP3,-1
ZBTB41,-1
PNKP,-1
CHAF1B,0
TLE1,-1
HECW1,-1
SFXN5,-1
POU3F2,-1
MEOX1,-1
EOMES,-1
PAX3,1
EBF3,-1
AK2,-1
NRXN2,-1
RPH3A,-1
CEP55,-1
ESAM,-1
NOXO1,-1
IGF2R,-1
ARHGAP20,-1
TTC1,-1
TRPV4,-1
ZNF668,-1
OR4C11,-1
PLK4,-1
COPS7A,-1
TBX5,-1
SMARCAL1,-1
ZKSCAN5,-1
ATP8B3,-1
KSR2,-1
PROKR1,-1
PARK2,-1
IGLV2-23,-1
MTMR12,-1
MAP7D2,-1
HAUS3,-1
FGF3,-1
HOXB4,-1
SOS2,-1
CLEC2D,-1
IQSEC3,-1
ENG,-1
WT1,1
ZBTB48,-1
MAGEB2,-1
PAX1,-1
LAMC3,-1
OR1I1,-1
ST6GALNAC2,-1
ERN1,-1
ENPP3,-1
IFIT2,-1
NEU1,-1
B9D1,-1
RBM19,-1
SCNN1A,-1
LTN1,-1
LIPA,-1
FBXL16,-1
DCLK1,-1
UGT2B28,-1
MXRA8,-1
LGALS8,-1
PARG,-1
CHAF1A,-1
FBXL4,-1
HACL1,-1
TUFM,-1
DBH,-1
FARSA,0
CDK1,-1
FOXM1,-1
DCT,-1
RASA1,-1
OR8J1,-1
COL26A1,0
TRIM27,1
CEP97,-1
CHST15,-1
NYAP2,-1
IFI44L,-1
TRPC7,0
FAM32A,-1
IRS4,1
PTPN3,-1
ELFN2,0
CIDEA,-1
ADAM23,-1
MID1IP1,-1
CTNND1,1
CAPZB,-1
FRMD4A,-1
BMP6,-1
B3GNT7,-1
MTR,-1
HRH2,-1
TAS2R1,-1
OR51V1,-1
ABCE1,-1
CENPJ,-1
NUAK2,-1
CHD9,-1
LARP4B,1
ZNF793,-1
NOS3,-1
IMPACT,-1
WDFY3,-1
GPR4,-1
AGXT,-1
PEG3,-1
CD9,-1
RALGPS2,-1
ZNF100,-1
FAM83H,-1
EBF1,1
CHMP2B,-1
MEIS1,-1
TPPP,-1
TINF2,-1
OGN,-1
MYCN,1
TRERF1,-1
STX8,-1
ARF1,-1
LMO4,-1
ANKRD52,-1
RAB3IL1,-1
SLC1A2,-1
TMEM135,-1
THEMIS,-1
DCAF13,-1
ZYX,-1
LCE1E,-1
DDR1,0
OR4P4,-1
TERT,1
KCNAB1,-1
CDKN2AIP,-1
TRAPPC10,0
UPK1B,-1
ZNF257,-1
CHEK1,-1
ABCB1,-1
PRPF40A,-1
LUZP4,-1
SLC19A1,-1
TLR3,-1
RAD51,-1
FANCE,1
RBL2,-1
RGPD4,-1
TUBB4A,-1
SLC25A13,-1
PSG9,-1
LYAR,-1
CHST9,-1
SIAH2,-1
PPP2CB,-1
GPS2,-1
PTH2R,0
FAT1,1
SSR1,-1
ZNF711,-1
TAPT1,-1
RANBP9,-1
PRKCQ,-1
FBP2,-1
SEC31A,-1
ACAT1,-1
ABCA13,-1
HDLBP,-1
PRLR,-1
GUCA2A,-1
GPR82,-1
KCNK2,-1
PNMA2,-1
PPP1R15A,-1
PDZRN3,-1
SLC17A6,-1
CHD4,1
CARD6,-1
ZNF821,0
UPK1A,-1
MAP4,-1
SDAD1,0
AKR1B10,-1
P2RX1,-1
SNURF,0
SV2C,-1
CELA3B,-1
EML1,-1
AGTRAP,0
NPAS1,-1
DDAH2,-1
MRC2,-1
SPHK1,-1
SNUPN,0
EDA2R,0
TOP1,-1
RNASEH2C,-1
MAN2A1,-1
PRPF4B,-1
SPINT2,-1
GEMIN6,-1
CD38,-1
YEATS2,-1
TUBG2,-1
PIK3CG,-1
OSBPL11,-1
SIAH1,-1
GAS6,-1
ZNF93,-1
NPR2,-1
EDN3,-1
FBXO9,-1
CAMKK1,0
CST8,-1
PITX2,-1
CCL16,-1
CPSF7,0
APLNR,-1
OR52E2,-1
FOXI2,-1
CFL2,-1
OR2M3,-1
AKIRIN1,-1
ZNF512,0
DLEC1,-1
OLA1,-1
CTRC,-1
ACSBG2,-1
L3MBTL1,0
RIMS3,-1
UBASH3A,-1
PSG11,-1
IMMT,-1
PHRF1,-1
AKTIP,-1
NCAPD2,-1
PLS1,-1
IL2RA,-1
GGTLC1,-1
LTF,-1
NFKBID,0
OR6B1,-1
KRT27,-1
CHCHD6,-1
SLCO2A1,-1
CUX1,1
PDIA4,-1
ZNF675,0
CTDSPL,-1
IKZF3,-1
VCX,-1
OR52L1,-1
TWIST1,-1
MIS18A,-1
PYGO1,-1
PIK3AP1,-1
FUCA2,-1
PELP1,-1
KPNB1,-1
MAPK4,-1
PAK1,-1
KRT6C,-1
TIMP4,-1
OR2T2,-1
FDXR,-1
BCAR1,-1
ABL1,1
LDHAL6A,0
CACNG8,-1
SHC2,-1
CD300C,0
FZD5,-1
KDM5A,1
NTN1,-1
TRIM13,-1
LRRC32,-1
VPREB3,-1
RPP40,-1
BCL2,1
IGHV4-34,-1
STOML3,-1
MEP1A,-1
SLC22A17,-1
XAF1,-1
MDFIC,-1
LPIN2,-1
DMBT1,-1
CD22,-1
SEC23A,-1
BNC2,-1
KDM5D,-1
DMXL2,-1
ZNF607,0
TNFRSF10B,-1
ZSCAN30,0
BRCA2,1
PGLYRP2,-1
DDX20,-1
ZHX1,-1
ASB2,-1
NUDCD1,-1
CCZ1B,-1
CAPZA3,-1
CAMTA1,1
LMBR1,-1
ITCH,-1
ZNF215,-1
ZNF331,1
CSF1,-1
OR2G2,-1
CENPA,-1
CCDC39,-1
TAS2R41,-1
TCF25,-1
ARHGEF19,-1
PTPRM,-1
CLCNKA,-1
NOLC1,-1
PIP4K2A,-1
ACTC1,-1
SLC39A4,-1
EVX1,-1
CD300LF,-1
LMOD3,-1
CD27,-1
SF3A2,-1
SIGLEC14,-1
PTGER4,-1
EPPIN,0
ING5,-1
UBASH3B,-1
MYCT1,-1
MID2,-1
DOT1L,-1
MAN2B2,0
TRPC6,-1
SFPQ,1
PPP2CA,-1
ACO2,-1
CTSW,-1
INPP4A,-1
ZIC1,-1
LIMS2,-1
KRT74,-1
ADCY1,-1
DENND3,-1
RNASE2,-1
WIPF3,-1
INPP4B,-1
FBXO28,-1
OR4C15,-1
PDCL3,-1
PPBP,-1
PSTPIP1,-1
MMP13,-1
DGKE,-1
FOXP1,1
KREMEN2,-1
CAPZA2,-1
OBSCN,-1
GEN1,-1
LEF1,1
LALBA,-1
GGCX,-1
PCDHGA2,-1
RASGRP3,0
ZBTB10,0
HOXA7,-1
HSD3B1,-1
CCNL2,-1
ARHGEF28,0
PDCD11,-1
ATF4,-1
OR5B17,-1
ART4,-1
ESM1,-1
PCDHGB1,-1
GMPPA,-1
ADAMTS12,-1
NF2,1
VPS36,-1
POU2F2,-1
CSNK1E,-1
GZF1,-1
RBM6,-1
FOLR3,-1
SERP1,-1
NRIP2,0
SPTB,-1
TRAK1,-1
ALKBH8,-1
ZNF830,-1
SEC61A2,-1
EBNA1BP2,-1
CADM3,-1
PRR5,-1
PCDH20,-1
PAX8,-1
NR2C2,-1
PSPC1,-1
CTDP1,-1
TRIM22,-1
DDX1,-1
SNAP91,-1
CCR4,1
COL5A2,-1
GALR1,-1
PPM1B,-1
PPP6R2,-1
DDX10,1
TPRN,-1
NFKB1,-1
DMPK,-1
CYBB,-1
COL1A2,-1
SERPINB11,-1
AGRN,-1
ATG13,-1
GLIS1,-1
ALDH1L2,-1
NKD1,-1
MAFA,-1
TCF4,-1
MAP7,-1
DST,-1
BATF2,-1
WDR45,-1
ITGB1,-1
EDEM1,-1
WNK4,-1
ITGA2B,-1
ZNF280B,0
CHRNB1,-1
ZNF536,-1
MAP3K1,1
IGLV2-14,-1
REG1A,-1
PRSS38,-1
ZNF219,-1
OR2V2,-1
KCNA7,-1
PARP8,-1
EXTL3,-1
ARHGEF10L,1
BCAN,-1
PRCC,-1
PLEKHA8,-1
MBTPS2,-1
IDH2,1
HMOX1,-1
EP400,-1
PDGFRA,1
CHML,-1
ANXA6,-1
CACUL1,0
CCP110,-1
KRT73,-1
TFB1M,-1
POLR2B,0
RP9,-1
C7,-1
MRPS21,-1
PDIA2,-1
SLC16A6,-1
OR52D1,-1
IFT52,-1
TRAPPC12,-1
TNN,-1
NLRP3,-1
SIM2,-1
CHD1L,-1
RNF115,0
YIF1A,-1
BCL6,1
OR7D2,-1
NPBWR2,0
AGO2,-1
IL1RAPL2,-1
CLNK,-1
THOC6,-1
TADA2B,-1
MUC4,-1
ARHGAP42,-1
FMN1,0
MCTP2,-1
F10,-1
ASH1L,-1
PARP11,-1
CARD11,1
EFNA4,-1
ZNF324,-1
TMEM138,-1
TADA2A,0
ACTR6,0
RPL23A,-1
SCNM1,-1
FRG1,-1
STX19,0
DDX43,-1
MVP,-1
PARP10,0
LMNB1,-1
ZNF334,0
MYO5B,-1
IKZF1,1
HERC1,-1
OR8D4,-1
DDB1,-1
XYLT2,-1
DUOXA2,-1
TUBB8,-1
CEP290,-1
BARD1,1
SERPIND1,0
PGD,-1
COL4A3,-1
DUSP7,-1
NOC3L,-1
EIF4ENIF1,-1
STS,-1
HLCS,-1
AKR1B1,-1
IGHV7-81,-1
HOXA10,-1
HEY1,1
COPRS,0
MRPS2,-1
ZFP36,-1
RANBP3L,-1
THBS2,-1
CCDC86,-1
MAGI1,-1
MBOAT4,-1
TSC22D1,-1
TBX3,1
DLST,-1
COL19A1,-1
ABCA5,-1
EFNA3,-1
GPR25,-1
PRKAG2,-1
BHMT2,-1
FYN,-1
CNTN4,-1
LMO7,-1
ACBD3,-1
SUPV3L1,-1
BTBD1,0
MRPL14,-1
CRYBA1,-1
SLC26A11,-1
HR,-1
PSG3,-1
P2RY1,-1
ARHGAP29,-1
CNTN5,-1
KIR2DL3,-1
EZH1,-1
ANAPC7,-1
TAF1C,-1
MGAT2,-1
ALG1,-1
STT3A,-1
ZNF835,0
TBXAS1,-1
USP38,-1
UGP2,-1
FURIN,-1
FIZ1,-1
CEACAM6,-1
COL6A5,-1
TXN2,-1
SALL4,1
MRPL45,-1
SLAMF8,-1
ZKSCAN2,-1
TICRR,0
CYSLTR1,-1
MYBPH,-1
MICALL2,0
EDC3,-1
DHX36,-1
TBX4,-1
MGST3,-1
OR8B2,-1
CFP,0
PVR,-1
APIP,-1
ESPL1,-1
TUBB1,-1
NF1,1
RGMA,-1
KATNAL1,-1
NKX6-1,-1
CD5,-1
TMEM14C,-1
NOVA2,-1
VPS41,-1
NUP62,-1
VIPR1,-1
HOXC8,-1
HS3ST3B1,-1
CCDC6,1
TFPT,-1
DNMBP,-1
MEPE,-1
ATM,1
CHRND,-1
ITGAM,-1
ZNF197,-1
ARHGAP8,-1
SFTPA2,-1
PIBF1,-1
TUBGCP2,-1
PCNT,-1
SPG7,0
IFNA17,-1
PIGC,-1
SAR1B,-1
MKNK1,-1
OMA1,-1
ZNF563,-1
CTNNA2,1
PRKAG3,-1
SAA4,-1
PCDHGA8,-1
PEX2,-1
MAP3K13,1
LPIN3,-1
SPOP,1
RAB3GAP2,-1
GPR143,-1
FBLIM1,0
LRRC7,-1
TIGIT,-1
GCAT,-1
UBP1,-1
SREK1IP1,-1
ZNF776,-1
NALCN,-1
YARS2,-1
PCDHGB6,-1
TRIM52,-1
DGKH,-1
SIX4,-1
KIF13A,-1
EIF5,-1
MMS19,-1
ZBTB24,-1
PTPRE,-1
PDS5B,-1
ZNF148,-1
MMP2,-1
CELF5,-1
CHMP4C,-1
AGPAT2,-1
UBA6,-1
TAS2R10,0
OR1S1,-1
KDM4A,-1
PAK2,-1
ADAMTS15,-1
TCAP,-1
NEB,-1
SIRT2,-1
ZMYM4,-1
NUP133,-1
CD163,-1
SIK3,-1
ADAM9,-1
P2RY10,-1
CACNA1H,-1
MAPKAPK5,-1
AQP5,-1
BAAT,-1
CTNNA3,-1
GTPBP1,-1
NTNG2,0
GOLGA1,-1
KPTN,-1
ZNF211,0
HOXD12,-1
GSTA2,-1
PCSK9,-1
MEF2C,-1
FGFR1,1
KIF11,-1
MYH7,-1
TCF23,-1
APBA1,-1
SNRNP200,-1
IDS,-1
HIBCH,-1
NCAPG2,-1
CDH13,-1
TMEM17,-1
ACVR2B,-1
SSX1,1
DMRTA2,-1
SBNO1,-1
MAEA,-1
ACSL1,-1
HESX1,-1
BRD3,1
STYK1,-1
CTC1,-1
BVES,-1
CBFB,1
CLK4,-1
TROAP,-1
CHRM1,-1
GOLIM4,-1
HMGN5,0
OR4A16,-1
CCKBR,-1
ZNF335,-1
MRPL1,-1
MAP2,-1
SNX6,-1
OR5L1,-1
FNIP1,-1
CTSK,-1
ITGBL1,-1
CEP85,0
CAMK2B,-1
GET4,-1
MORC2,-1
SCD5,0
DSPP,-1
WNT3A,-1
YTHDF3,-1
CILP,-1
LMAN1L,-1
ANO10,-1
GCFC2,0
GCLC,-1
DEPDC1B,-1
REXO4,-1
TLR6,-1
ARHGAP1,-1
SUCO,0
RHOB,-1
CPSF1,0
CRTAM,-1
VPS13C,-1
GH1,-1
SLIT3,-1
SRPK2,0
SLC30A4,-1
GPLD1,-1
TCF7L2,1
EP300,1
DHX33,-1
OFD1,-1
BLM,1
S1PR4,-1
MAGEA6,-1
ARHGAP18,-1
HOXA13,1
SNX8,-1
GUCY1A2,-1
ZBTB38,-1
CEP120,-1
NOTCH4,-1
ATP2C1,-1
SYNPO2L,0
GBF1,-1
RBP3,-1
ADAM21,-1
MUC6,-1
SLC6A15,-1
STAM,-1
NLRP10,-1
DEPDC5,-1
ACVR1C,-1
DOK4,-1
OR5H6,-1
PDE8B,-1
MMP14,-1
GAB2,-1
AMPD3,-1
ZNF773,0
PPIG,-1
OAS1,-1
ELAVL4,-1
KCNJ14,-1
KCTD8,-1
KIF15,-1
NUAK1,-1
ABCA2,-1
CALHM1,-1
ANK2,-1
CEP135,-1
FOXC2,-1
AURKA,-1
AR,1
ADRA2A,-1
SZT2,-1
GFRA2,-1
POLR3C,-1
BROX,0
ABCB10,-1
DPEP2,-1
PXDN,-1
CEACAM16,-1
ARHGAP19,-1
COMMD6,-1
VEGFC,-1
RCAN1,-1
DCHS1,-1
GALNT7,-1
BBS5,-1
GNB4,-1
NGLY1,-1
TBCE,-1
UTP14A,-1
MEIS2,-1
GZMH,-1
PRSS1,-1
CPA6,-1
NTRK3,1
AIFM1,-1
ELN,-1
FCGR1A,-1
RSC1A1,-1
APPL1,-1
FCRL4,1
SAFB,-1
DMRTA1,-1
PCDHA5,-1
ACTR3B,0
FANK1,-1
TBPL2,0
IL31,-1
COPS5,-1
CABIN1,-1
PPOX,-1
COL6A3,-1
BLOC1S6,-1
SHC1,-1
LYZL1,0
TCP1,-1
STRC,-1
SH3BP5,-1
PCDHGC5,-1
PDE12,-1
UGT2B11,-1
USP49,0
COL4A6,-1
SSH3,-1
NELFE,0
XCL2,-1
MYT1,-1
PROC,-1
TACC1,-1
AIPL1,-1
LDHAL6B,0
CDCA5,-1
IQCB1,-1
NSD1,-1
SLC26A6,-1
PARP16,0
SGK2,-1
MCF2L,-1
KRT32,-1
SERPINA10,-1
LAMTOR5,-1
SLC12A7,-1
INPP5A,-1
PRMT8,-1
SCML2,-1
ORAI3,-1
SLC24A3,-1
SLC30A8,-1
TSSC4,-1
CYLC1,-1
GLI2,-1
SKA3,0
SERPINB3,-1
ARL5B,-1
PDCD1,-1
SLC25A43,-1
HTR1B,-1
ZNF181,-1
FBXO4,-1
ADAM15,-1
CNGA1,-1
EID2B,0
NEK10,-1
USP40,-1
C1QTNF1,-1
TRIP10,-1
PLXNA2,-1
SVIP,0
MRPL19,-1
BTRC,-1
PDYN,-1
UCK2,-1
KRT8,-1
RASSF3,-1
ZBTB37,-1
CHD6,-1
RNF11,-1
BDP1,-1
OR10X1,-1
DGKD,-1
PLXNB2,-1
LSR,-1
ME3,-1
NPBWR1,-1
CKM,-1
UBTF,-1
ASAP1,-1
CTNND2,1
ZFP41,0
EMX1,-1
P4HA1,-1
RAD23A,-1
PRPSAP2,-1
MOB3B,-1
TBC1D15,-1
STRN,-1
CRTC3,-1
PPM1G,-1
ALS2,-1
SLC25A3,-1
LCE2D,-1
SLC28A2,-1
DLG3,-1
B3GNT4,-1
TP53RK,-1
ATG4C,-1
RPS6KB2,0
EPB41L1,-1
ADARB2,-1
ZDHHC9,-1
SAV1,-1
GALNT8,-1
EGFL7,-1
NFYC,-1
NOX4,-1
RAB9B,-1
CNOT10,0
SMARCA2,-1
CD300LB,-1
OR52N4,-1
ZNF324B,0
UBD,-1
HTRA1,-1
ATAD2B,-1
ITSN2,-1
OTOA,-1
ZNF710,0
NDUFB7,-1
CANX,-1
MYO18A,-1
IL22RA1,0
OR51A4,-1
KLHL17,0
LRSAM1,-1
RHOBTB3,-1
ESR2,-1
MED12,1
INPP5F,-1
GTF2H1,-1
ZC4H2,-1
HAVCR1,-1
VTI1A,-1
IPO13,-1
DCTN1,-1
ZNF329,0
NDST4,-1
MAGEA1,-1
DDX5,1
EYA1,-1
GABRB1,-1
ABCA4,-1
WAC,-1
NYNRIN,-1
PHF8,-1
GTF3C5,-1
TGFBRAP1,-1
ARHGAP9,-1
USP35,-1
PPP1CC,-1
PPFIBP1,-1
IMPA2,-1
EED,1
CRYBA4,-1
CACNB4,-1
GRIK4,-1
CDH15,-1
KIF26A,-1
SLC16A10,-1
CNTFR,-1
NPSR1,-1
SPTSSA,-1
IFI16,-1
ZNF660,0
ATRAID,-1
BRD4,1
SORL1,-1
UNC5A,-1
LIMK1,-1
ZNF878,0
CTIF,-1
NAV2,-1
GRP,-1
COPS3,-1
PCDHGB4,-1
KIF5A,-1
STON2,-1
SLC17A4,-1
APOBEC3G,-1
IPCEF1,0
TTC30B,0
KLK12,-1
DEK,1
IL4R,-1
TDP2,-1
RAB6A,-1
RPS6KA2,-1
EPB41L4A,-1
KRT84,-1
FOXD1,-1
RTKN,-1
DNAJA4,0
LRRFIP2,-1
ATP2B2,-1
NRG2,-1
ZNF461,-1
GFI1,-1
PTPRS,-1
FBXO15,-1
PTPRH,-1
GAA,-1
HSD17B8,-1
SERPINB13,-1
ARHGAP30,-1
NCK2,-1
KRT6A,-1
PTPRK,1
NPRL3,-1
GJD2,-1
TEX11,-1
LAMC1,-1
TRAF6,-1
OR2T6,-1
ALS2CL,-1
COL9A2,-1
MAG,-1
KANSL2,-1
ACIN1,-1
PARP2,-1
PRICKLE4,-1
RAB14,-1
PRPF38A,-1
LSP1,-1
NOP56,-1
NCOA3,-1
PTPRN,-1
RPL10,1
ERGIC1,-1
ARAF,1
BMI1,-1
MED23,-1
NCOA4,1
PPP2R1B,-1
HNRNPA1,-1
PRPF4,-1
CUL4A,-1
EXOC3,-1
CUL9,-1
TPK1,-1
ZNF627,-1
SHCBP1,-1
CIRBP,-1
NUSAP1,-1
MOB2,0
MDGA2,-1
PAPSS2,-1
BST1,-1
AP3B1,-1
IFNA4,-1
LYPD3,-1
CASP8,1
XPOT,0
MICU1,-1
SPIDR,-1
LAIR1,-1
TJP2,-1
ICAM3,-1
USP36,-1
NES,-1
PHACTR4,-1
WBP4,-1
PCDHGB3,-1
PCLO,-1
SHC4,-1
AUTS2,-1
SP8,-1
PSMC4,-1
FBN1,-1
CASS4,0
SLC44A3,-1
DOCK3,-1
BOLL,-1
OR10R2,-1
FGF11,-1
TRAT1,-1
WDR4,-1
CARD10,-1
DPP3,-1
SLC16A9,-1
ITGA4,-1
AZIN1,-1
KCNS2,-1
HSPA8,-1
GRTP1,-1
DCC,1
KLF3,-1
SHQ1,-1
OR10K2,-1
AARS2,-1
ACVRL1,-1
OR2B3,-1
ANO4,-1
RET,1
TMPRSS11B,0
SLBP,-1
TBL3,-1
FUT5,-1
ZFP1,-1
MYC,1
NR2F1,-1
TSTD1,-1
RPAP3,-1
KISS1,-1
CREB3L1,1
ADCYAP1R1,-1
ZNF502,0
GCNT4,-1
SERPINC1,-1
OR6X1,-1
BMP3,-1
TSSK3,-1
TLE4,-1
SH3RF2,-1
TRIP11,-1
FGFR2,1
NRTN,-1
PRDM15,-1
BOD1L1,-1
HOXC11,1
HCAR3,-1
SCN5A,-1
ZWINT,-1
TCP11,-1
SLC34A2,1
FANCM,-1
CWC25,-1
DNTTIP2,-1
TUBGCP6,-1
ZNF785,0
FOS,-1
PGLYRP4,0
NR2C1,-1
BRSK2,-1
ZNF426,0
BRDT,-1
TCFL5,0
RAB23,-1
DFFB,-1
CNGA4,-1
ABLIM2,-1
SATB1,-1
OR52E8,-1
OR5D13,-1
ESX1,-1
SLC5A7,-1
BRWD3,-1
CLPX,-1
ZNF394,0
MVB12B,0
LZTS1,-1
RELA,-1
NR1H3,-1
CSTB,-1
FGF10,-1
ZBTB11,-1
TPTE,-1
CD247,-1
OR2A4,-1
MAGEA11,-1
FAM98B,-1
ZNF239,-1
PCDHGA7,-1
KCNC2,-1
SIGLEC12,-1
NTM,-1
DEF6,-1
SLIRP,-1
ARHGAP17,-1
PIK3R2,1
PDCD1LG2,1
SRRM2,-1
CDC42BPB,-1
DTX1,-1
NSUN4,-1
SSX2IP,0
ST14,-1
OR1J1,-1
OR2G3,-1
ZNF687,-1
SH2B2,0
TAF1,-1
SGMS1,-1
DPY19L3,-1
GSDMB,-1
NCL,-1
PCGF6,-1
PENK,-1
EXD2,-1
ASB16,-1
GABRQ,-1
ARHGEF10,1
PRDM13,-1
EHF,-1
NMRAL1,0
LPAR5,-1
SPEN,1
OR1L4,-1
ABCC12,-1
TADA1,0
TESPA1,-1
REST,-1
ODF4,-1
BCAS3,0
GALNT9,-1
HUWE1,-1
IL23R,-1
YWHAG,-1
NDUFS2,-1
ATP4A,-1
PIGZ,-1
ATAD5,-1
HOXA9,1
ZNF665,0
NUTF2,0
CLDN18,0
FAF2,-1
NCKAP1L,0
OR10G8,-1
RASSF9,-1
FREM2,-1
MTHFD2,0
YIF1B,0
CD47,-1
RP1L1,-1
ALMS1,-1
DBN1,-1
POLR3E,-1
CYP2A7,-1
GALNT5,-1
NAB1,-1
INPP5E,-1
OR9Q1,-1
METTL5,-1
TNFRSF13C,-1
IPO4,0
FASTKD3,-1
CCDC93,-1
ID1,-1
IGHA1,-1
DUSP9,-1
B4GALT7,-1
MASP2,-1
FOXB2,-1
SCRIB,-1
ARL6IP5,-1
MED7,-1
HIVEP2,-1
RFX4,-1
INTS9,-1
SPRY2,-1
RUNX3,-1
ZNF441,0
TRIP6,-1
MAP4K2,-1
RBM10,1
IGHV3-21,-1
DDX17,-1
BRMS1,-1
ABHD17B,-1
FBXL5,-1
MAP4K1,-1
WNK3,-1
OR6Y1,-1
FOXN3,-1
SIRT4,-1
HERC3,-1
VIM,-1
PLOD2,-1
PHF20,-1
SMCR8,-1
ADAMTS6,-1
SREBF1,-1
LILRA5,-1
STAT5A,-1
OVOL2,-1
ABCC9,-1
HNRNPC,-1
STX6,-1
RAB3GAP1,-1
CDC42BPG,-1
EXOC3L1,-1
ZNF320,-1
DTX3,-1
DNAAF2,0
RAD9B,-1
SPTAN1,-1
EPN2,-1
IFI35,-1
POU5F2,0
MCRS1,-1
PCSK5,-1
OSGEPL1,0
HLA-DMA,-1
FMOD,-1
IDI1,-1
LMF1,-1
STAT4,-1
DPF2,-1
FAM83D,0
ZBED2,-1
PRKACG,-1
TEAD1,-1
FNTA,-1
COL12A1,-1
CD96,-1
C1QA,-1
ACAT2,-1
MLXIPL,-1
TTN,-1
SCAI,0
SS18L1,-1
CAMSAP2,0
SETD9,-1
KIF19,0
OR6C2,-1
CXCR3,-1
APLF,0
KRT80,-1
CLEC1B,0
DNAH14,-1
ZIM3,0
OR5T3,-1
TLE3,-1
SCN1B,-1
C2,-1
PLEKHM2,-1
PRDM5,-1
BZW2,-1
NUP50,-1
RABEP2,-1
KRT6B,-1
TEKT2,-1
NOP2,0
TGM1,-1
SMG1,-1
ZNF584,-1
NSRP1,-1
FFAR2,-1
BLNK,-1
PRDX1,-1
GIPC1,0
PEX6,-1
RPP30,-1
FGF5,-1
OR8K3,-1
TBX6,-1
TMEM63C,-1
FLT3,1
RBM12,-1
ZNF354B,-1
OR10A2,-1
TNIP1,-1
NBEA,1
KRT34,-1
CCNG1,-1
ETS1,-1
ATP8B1,-1
CDON,-1
PIM1,1
ZNF695,-1
PLAG1,1
PEX10,-1
ABCD2,-1
GABRG1,-1
SPCS2,0
CASP3,1
DDO,-1
TNS1,-1
ZFP82,0
NOL6,-1
MUC15,0
ZNF684,0
SF3B3,-1
TXNDC2,-1
TIPRL,-1
MYO10,-1
ESYT1,-1
HOXC10,-1
CNGA3,-1
MPO,-1
BNIP2,-1
HMGCS1,-1
ACTR8,0
SBF1,-1
XPO7,-1
ATAD2,-1
CDX4,-1
OR14C36,-1
CLEC4E,-1
MBIP,-1
PPP1R13B,-1
SPRR1B,-1
KBTBD2,-1
ASCC2,-1
WNK2,1
PTPRT,1
UPF1,-1
NAF1,-1
ADAM19,-1
PAK4,-1
TCHH,-1
SIM1,-1
MMP10,-1
ARHGEF12,1
TOX2,-1
SLC4A1,-1
JMY,-1
DNAJB5,-1
SORCS2,-1
ATG2A,-1
SLC25A31,-1
ZNF496,-1
MEF2D,-1
VPS52,-1
SPRR2G,-1
GBA2,-1
CD1A,-1
RTN4,-1
CYP2E1,-1
OR11H4,-1
CNNM1,-1
STXBP1,-1
IGF2BP1,-1
PTGDR,-1
RUNX2,-1
TDRD1,-1
ZNF33A,-1
SDHB,1
NACC2,-1
DMD,-1
NRAS,1
APOA1,-1
POFUT1,-1
GPR61,-1
SYTL5,0
RHBDF2,-1
FDPS,-1
PLCB3,-1
TUBB4B,-1
REPS1,-1
SSH2,-1
ZNF28,-1
AHCTF1,-1
TARS2,-1
ZNF696,0
ME2,-1
CPSF2,0
SIGLEC10,-1
CHRNA9,-1
PMVK,-1
RLN3,-1
TOP3A,-1
KIRREL3,-1
CD1C,-1
FOLH1,-1
PURA,-1
MYBBP1A,-1
SPATA13,-1
OR2T1,-1
MPG,-1
NABP1,0
PSMB6,-1
SPINK9,-1
PUS1,-1
NIP7,0
ZNF354C,0
IGHV2-26,-1
ICAM5,-1
KNG1,-1
AGAP4,-1
SCRN1,-1
MYF6,-1
POLR1C,-1
CAB39,-1
SUN1,0
TNFSF4,-1
IER5,-1
RHOJ,-1
OR1C1,-1
SLC12A2,-1
UNC45B,-1
PLXNA3,-1
KPNA4,-1
LTBP3,-1
STMN4,0
NMU,0
TBC1D9,-1
SLC6A4,-1
PRELP,-1
SELENBP1,-1
WEE2,-1
FFAR4,-1
TAF4,-1
PC,-1
SLC12A4,-1
CLEC12A,-1
SLC14A2,-1
OR10A6,-1
SCAF1,-1
ZNF223,0
MAP3K5,-1
PNO1,0
ST3GAL6,-1
ATL2,0
MYO18B,-1
MMACHC,-1
PIGO,-1
ZNF232,-1
IFNG,-1
PLRG1,-1
ITGAE,-1
ACE2,-1
ROBO4,-1
TTC30A,0
MC5R,-1
IFNAR2,-1
TAMM41,-1
P2RY4,-1
TYK2,-1
SLC2A9,-1
IPO9,0
WNT8A,-1
DCST2,-1
ZC3H15,0
LAMP2,-1
THY1,-1
ARFGAP3,-1
DPPA2,-1
KANSL3,-1
MYOC,-1
KIAA0226,-1
LAT2,-1
MYB,1
PSMD12,-1
PRCP,-1
PARD3,-1
ZNFX1,-1
CLVS1,-1
FER,-1
EIF2B2,-1
TNFSF15,-1
ZNF71,-1
ITGA2,-1
ANO5,-1
PAX4,-1
ADORA1,-1
USP5,-1
HOXB1,-1
TLK1,0
RANGAP1,-1
OR11L1,-1
SLC6A17,-1
JADE2,0
RMND1,-1
ASB5,-1
MRPL20,-1
ATG10,-1
SLC30A9,-1
IARS2,-1
MMGT1,0
FANCI,-1
ZFHX3,1
ATF6,-1
SLC44A1,-1
WIPF1,-1
ABCA10,-1
CHGB,-1
ZNF254,-1
ELAVL2,-1
TSNARE1,0
FANCC,1
NKIRAS1,-1
KDM3A,-1
CPNE3,-1
B3GAT3,-1
EIF3A,-1
NDUFS1,-1
IDH3B,-1
LAMB3,-1
MITF,1
LCA5,-1
FAM162A,-1
SPAG8,-1
NUP205,-1
ZIC4,-1
DHX35,0
RNF146,-1
ZNF454,0
THAP3,-1
TRPV2,-1
KCNH8,-1
UTP20,-1
TRMU,-1
GGT7,-1
FIS1,0
ALDH1A3,-1
UBE2D2,-1
EBF4,-1
KIF27,-1
COMMD5,-1
IRAK2,-1
RSL1D1,-1
FOXO1,1
SFTA3,-1
BBS2,-1
ZNF274,-1
ZNF285,-1
LRP4,-1
DNAH11,-1
TAF6,-1
RLN2,-1
ZNF322,0
CHUK,-1
FPR1,-1
HEPH,-1
FOXG1,-1
SF1,-1
CCNB1,-1
OMG,-1
SUMF1,-1
RGS10,0
TECR,-1
FOXP4,-1
LHX3,-1
MED18,-1
PSD2,-1
ZNF853,-1
RPL5,1
COPB2,-1
PPP5C,-1
COL10A1,-1
RNF135,-1
NUP188,-1
ZNF610,-1
TBC1D9B,-1
SPAG9,-1
HMGCL,-1
BPTF,-1
ISCU,-1
APEX2,-1
ST3GAL1,0
PCBD2,-1
KCNN1,0
PIPOX,-1
EXOC7,0
CTCF,1
TGM3,-1
OR5D18,-1
AKR1C4,-1
RAB39A,-1
METAP2,-1
LEP,-1
CHRM4,-1
MGST2,-1
MPST,-1
PPP1R9A,-1
VPS13B,-1
ADM,-1
FOXD4,-1
SNX12,-1
GABRG3,-1
CNN1,-1
ULK2,-1
STK31,-1
PWWP2B,-1
HDAC3,-1
KCNV2,-1
PTPN4,-1
ZNF667,-1
IWS1,-1
NCKIPSD,-1
SENP7,-1
RGS16,-1
CWF19L1,-1
E2F3,-1
ATIC,-1
PCM1,-1
SIRT3,-1
SENP5,-1
GPSM3,-1
CD200R1,-1
TACR2,-1
DSG1,-1
ITGA1,-1
TXNDC5,-1
FAT4,1
FCRLA,-1
ZNF195,-1
ZNF366,-1
NLRP6,0
SLC38A9,-1
QSOX2,-1
NCSTN,-1
CYP2D6,-1
OR5I1,-1
MTMR8,-1
IGHM,-1
TLE2,-1
NME8,-1
UGT2B15,-1
SLC13A1,-1
MRPL36,-1
EHD1,-1
DNAI2,-1
KLK6,-1
CTTNBP2NL,-1
HNF4G,-1
LHCGR,-1
CREBRF,-1
GLYAT,-1
PTPRB,1
PIWIL3,-1
TGFA,-1
ABCA6,-1
MRPL53,-1
SLC11A1,-1
ZNF700,-1
POLQ,1
CATSPER3,-1
DGKQ,-1
NEFH,-1
CERS4,-1
TPH1,-1
KLF12,-1
CSNK2A3,-1
OR2K2,-1
KIF17,-1
EIF2B3,-1
ATP6V0A2,-1
GRIA2,-1
SLC16A4,-1
SYT17,0
GTF3C1,-1
UCP3,-1
BPIFA1,-1
CYP1B1,-1
MSTO1,-1
NEU3,-1
TLR9,-1
SPRY1,-1
ZMIZ2,-1
FRAS1,-1
SRMS,-1
TBC1D4,-1
LIG4,-1
TRAPPC9,-1
UBE2K,0
PRPF18,-1
PAICS,-1
PFKP,-1
SNX18,0
PRTFDC1,-1
AFF1,-1
MBD3L1,-1
ZNF429,1
TRIM29,-1
DUSP4,-1
HYOU1,-1
FOXC1,-1
NPM2,-1
IL18R1,-1
EIF2B5,-1
CELA3A,-1
HIPK3,-1
KLHL6,-1
MGAT3,-1
ARHGAP31,-1
LAMA4,-1
OR5T1,-1
ACOX2,-1
GRPEL2,0
FMO2,-1
ZNF135,-1
MPC2,0
PIGB,-1
SP140,0
PDE6A,-1
PSMA5,-1
UGGT1,-1
OASL,-1
CYP27A1,-1
IQCE,-1
IL2RB,-1
HIP1,1
VAC14,-1
KLB,-1
DUOX1,-1
PIK3R3,-1
FXR2,-1
LMNA,-1
FADD,-1
FOXP3,-1
CEP78,-1
OR5AS1,-1
DRD3,-1
GPR50,-1
KIF1A,-1
ZNF658,-1
TF,-1
CLCN5,-1
PCDHA3,-1
RAD54B,-1
ZNF169,-1
SLITRK5,-1
QSOX1,-1
HBD,-1
DOCK2,-1
ITGB1BP2,-1
TEF,-1
CD79B,1
JAK2,1
MAP9,0
RFX5,-1
ARHGEF26,-1
OXSR1,-1
CD101,0
RGS9,-1
FMR1,-1
MTNR1B,-1
TAL2,1
MTMR1,-1
CD207,-1
ADAM20,-1
DNAJC4,0
ASB12,-1
COG6,-1
MYH1,-1
ATP9B,-1
HEATR1,0
RPL22,1
TGIF2,-1
OR8K5,-1
CACNG4,-1
OR2L3,-1
TYMP,-1
BCAM,0
EFR3B,-1
OR4A47,-1
USP20,-1
KDM5B,-1
ARPC2,-1
CREB3L3,-1
PDPR,-1
LOX,-1
TLR4,-1
EIF5AL1,0
ZNF569,-1
OR8H2,-1
PCDH12,-1
CDC42EP5,-1
PDK2,-1
ZNF521,1
ZKSCAN8,0
NEIL2,-1
ZNF7,-1
TUBGCP5,-1
GPR174,-1
RFX1,-1
CTF1,-1
BCR,-1
KRBA2,-1
SLA,-1
TRMT6,0
OR9Q2,-1
ACAA2,-1
IL20RA,-1
SPOCK3,-1
STXBP5,-1
DRG1,-1
CLDN1,-1
NLRP2,0
F13B,-1
SOX21,1
CPA3,-1
MAGOHB,0
POP1,-1
MMP16,-1
CAMTA2,-1
CHL1,-1
WNK1,-1
DLGAP1,-1
PSMD1,-1
ATG16L1,-1
FBXL20,-1
CC2D1B,0
CWC27,-1
PHF13,0
TBC1D10A,-1
IPO7,-1
LRPPRC,-1
EPHA1,-1
GLE1,-1
SPDL1,-1
TCN2,-1
DAGLA,-1
SPSB2,-1
ZNF2,-1
GATA6,-1
FAM131B,-1
CELSR1,-1
SGK1,1
VWC2L,0
ATP6V1B2,-1
ELMO2,-1
CTGF,-1
MAPK9,-1
SIRT1,-1
ASCL4,-1
RBFOX2,-1
WDR81,-1
DYSF,-1
AGPS,-1
ZNF669,0
SERBP1,-1
AK8,-1
GRIN2B,-1
CXXC1,0
KRT33B,-1
KIF21B,-1
NGFR,-1
OR5M9,-1
SMPD3,0
ERC1,-1
IFT57,-1
ROS1,1
GFM1,-1
UNG,-1
CCL3,-1
FGD6,-1
ANAPC2,-1
SFI1,-1
ITGB2,-1
YWHAH,-1
KDM7A,-1
NT5E,-1
DGKI,-1
MORF4L1,-1
HAUS2,-1
ZNF543,-1
PDE1B,0
RHBDL3,0
PTPRG,-1
DGAT1,-1
SRSF5,-1
SHH,-1
USP28,-1
PLCH1,-1
NDST3,-1
CHD1,-1
TAF6L,0
SLIT1,-1
APOBEC3H,-1
ACBD4,-1
SPAG4,-1
FGF21,-1
GMPS,-1
TUBA3C,-1
KLHL21,-1
ABCG4,-1
MAN1A1,-1
KLHL5,-1
NR2E1,-1
RUNX1T1,1
UGT1A8,-1
GNAS,1
PNPLA5,-1
PSME3,-1
SNTB1,0
SMO,1
SLC2A4,-1
GSTM3,-1
DVL1,-1
GP1BA,-1
NRARP,-1
PDK4,-1
KIF4B,-1
MIB2,-1
RFPL3,-1
F2,-1
SPR,-1
MAP4K5,-1
FGF14,-1
SCNN1D,-1
ABCB7,-1
CC2D2A,-1
ZSCAN5A,0
DOK6,-1
SLC6A13,-1
SLC6A12,-1
KLHL9,-1
CPNE4,-1
HOXA4,-1
AMY2A,-1
TAS2R31,-1
BICD1,-1
WWC2,-1
CDKL1,-1
PTBP1,-1
VCP,-1
TRPA1,-1
MYLK2,-1
SRSF8,-1
USP7,-1
KAT7,1
ARRDC3,-1
BCORL1,1
CNGB1,-1
NELL2,-1
OR2W3,-1
FBXW12,-1
PACSIN3,-1
KCNN3,-1
ZFP30,-1
IGKV1D-17,-1
BAG4,-1
RFK,-1
CYP7A1,-1
FAM220A,-1
STK32B,-1
PER1,1
SERPINE1,0
ALPK3,-1
DRD2,-1
PSKH1,-1
RBP4,-1
CGNL1,-1
CENPO,-1
TCEANC,0
IL12RB2,-1
ASIC1,0
GHR,-1
MRPS12,-1
CBL,1
AFF3,1
OR5M1,-1
B3GAT1,-1
FBXL6,-1
PCCB,-1
RASGEF1A,-1
GABRA3,-1
HNRNPH2,-1
CR1,-1
RAB11FIP1,-1
NBAS,-1
MYO1B,-1
DIS3L2,-1
TRAF5,-1
EXOC2,-1
DTNA,-1
CNN3,-1
MZT2A,0
TTC8,-1
SLC20A1,-1
DAPP1,-1
TPX2,-1
RTN4R,-1
BAG6,-1
TBX2,-1
SARM1,0
KCNA2,-1
E2F4,-1
PRDM4,-1
CYFIP2,-1
DLD,-1
RAP1GAP2,0
PHF10,-1
SIGLEC8,-1
L3MBTL3,0
PRDM1,1
MYO5A,-1
SLC4A7,-1
KRT18,-1
CRHR1,-1
UNC79,-1
OR56A3,-1
NID2,-1
CYP2C8,1
TRIM4,0
TBC1D14,-1
ARHGAP15,-1
TAF1L,-1
ZFP91,-1
ERLIN1,-1
KDM1A,-1
WFDC5,-1
NFATC4,-1
KCNMB2,-1
ZNF618,-1
OR52E6,-1
SCN4A,-1
KIFC3,-1
PLXNA1,-1
IPO11,-1
OR5F1,-1
GBP5,-1
PTCH2,-1
TRIM31,-1
ERP29,0
CAMK1G,-1
RBM15B,-1
ADRM1,-1
KCTD21,0
TRIM2,-1
ADSL,-1
GRAMD1B,-1
ATN1,-1
LAG3,-1
RPL10A,-1
KLHL10,-1
NPHS2,0
USP4,-1
ADAMTS5,-1
RAG2,-1
VLDLR,-1
POLE,1
SLC10A1,-1
OR5A1,-1
CCL13,-1
OAS2,-1
NR1I3,-1
SEMA5A,-1
IGHV3-13,-1
RALGAPB,0
NPHP3,-1
CDK12,1
DDX54,-1
PIGM,-1
POMGNT1,-1
FBXO45,-1
FZD2,-1
ANXA3,-1
ALB,-1
NOC4L,-1
CHTOP,-1
SHANK2,-1
N4BP1,-1
MT1M,0
KRT35,-1
LITAF,-1
ARFGEF2,-1
ABLIM3,-1
FGD1,-1
RGS8,0
CDHR1,-1
CYP3A7,-1
BANK1,-1
DRP2,-1
KMT2A,1
VPS39,-1
LARP1,-1
ROR2,-1
STC2,-1
STX10,-1
ZNF831,-1
ITPR3,-1
NCS1,0
MYLK4,-1
HK3,-1
SPAST,-1
NPTN,-1
CELF1,-1
CD2AP,-1
AP5M1,-1
PIGU,-1
IGKV6-21,-1
BFSP2,-1
LCORL,-1
ZNF585B,0
DNAH2,-1
TRAPPC8,-1
ROM1,-1
SART3,-1
ATP1A3,-1
PDGFC,-1
SLC1A6,-1
OR11H1,-1
POU6F2,-1
HIRIP3,-1
OPN4,-1
CXCR2,-1
PLXND1,-1
KLK11,-1
CD2BP2,-1
ENDOG,-1
ALG9,-1
MRPL32,-1
KIF3C,-1
WNT11,-1
MUC20,-1
PLIN3,-1
PCDHGA10,-1
TLK2,-1
ARC,-1
CACNG1,-1
PHC1,-1
KATNAL2,-1
UTS2R,-1
SSX5,-1
MAP2K6,-1
USP44,1
ARHGEF18,-1
PGM5,-1
JUN,1
PAPOLB,-1
MME,-1
NOXRED1,-1
CDC42BPA,-1
SH3GL3,-1
WDFY4,-1
ZNF676,0
TBK1,-1
SMYD2,-1
KDM2A,-1
CHD8,-1
TTLL11,0
ZDHHC13,-1
RAVER1,-1
HLX,0
ZNF780B,-1
TOMM6,-1
PARD3B,0
MASTL,-1
VWA1,-1
ING3,-1
STAB2,0
SORCS1,-1
ARHGAP26,1
IL6R,-1
FEM1A,-1
TLX3,1
QRICH1,-1
AKR1B15,-1
IGKV1-17,-1
ITGA11,-1
ZSCAN29,0
CSTF2,0
IRAK4,-1
CDH26,-1
ARID3B,-1
SRM,-1
TSHZ3,-1
CD1D,-1
SLC7A3,-1
TP53INP1,-1
MYO3B,-1
GTF2IRD1,-1
DTNBP1,-1
MRPS22,-1
WDR5B,-1
NAALAD2,-1
NLGN1,-1
GPCPD1,-1
CCR2,-1
TTLL7,0
GRSF1,-1
MLLT6,-1
VWF,-1
PAK6,-1
ITGA10,-1
PPP6R3,0
CD300E,-1
GMEB1,-1
ZNF527,-1
KIF18A,-1
B4GALNT1,-1
SMAD9,0
MIS18BP1,0
ELF5,-1
RNF220,-1
SPTLC2,-1
CTNNAL1,-1
C8A,-1
NEUROD6,-1
NACA2,0
TFDP2,-1
FOXD4L3,-1
STK38,-1
SMG6,-1
TBC1D25,-1
CSHL1,-1
USP39,-1
FZD4,-1
PSD3,-1
KRT71,-1
MED13,-1
ZNF613,0
CALB1,-1
COG5,-1
RPL11,-1
RFX3,-1
HPS3,-1
SEMA4D,-1
PANX3,-1
ZNF287,-1
FBXL19,-1
FARP2,-1
TNNT2,-1
KPNA2,-1
CEP70,-1
COL15A1,-1
DSG3,-1
KCNJ13,-1
MTHFD1,-1
OR2A14,-1
IREB2,-1
ZNF468,-1
HGS,-1
PEPD,-1
TULP3,-1
SCRN2,-1
ESR1,1
SH3BP4,-1
ABCD4,-1
HPGD,-1
LAMA5,-1
BBS12,-1
PTPN6,1
SLCO1C1,-1
GABRB3,-1
ACTN1,-1
BRD8,-1
TMEM33,0
HTR2B,-1
GZMA,-1
CREB3L2,1
SLITRK6,-1
USP2,0
TCN1,-1
FLNB,-1
ADAM10,-1
HPS5,-1
ANKRA2,-1
UBE4B,-1
PATL2,-1
RNASEH2B,-1
GPR45,-1
MAOB,-1
ZBTB4,-1
DUOX2,-1
UCHL1,-1
DHX16,-1
EEF1G,-1
SHF,-1
SYDE1,-1
NMBR,-1
RASSF4,-1
DDX49,-1
MAPT,-1
COL6A6,-1
SLC25A22,-1
JAK1,1
ATP13A2,-1
SLC4A3,0
HTATSF1,-1
GIT2,0
STK25,-1
ADAM11,-1
ADRA2B,-1
SULT6B1,-1
DOHH,-1
PPL,-1
JAGN1,-1
SERTAD3,-1
PITX1,-1
CYP2B6,-1
GDF11,-1
ARFGEF1,-1
WWP1,-1
GAS7,-1
ZNF214,-1
ANK3,-1
EID1,-1
PICALM,-1
PAEP,-1
MAGEF1,-1
DLX5,-1
GNAI1,-1
STAG3,-1
RPP21,-1
SNCAIP,-1
BRINP2,0
PTPRO,-1
FGD3,-1
BDKRB2,-1
ATCAY,-1
PDCD4,-1
SLC13A4,-1
ITGB3,-1
ZNF716,0
KANSL1,-1
IGLV7-46,-1
FRMD4B,-1
HNRNPLL,-1
SPTBN4,-1
FBN2,-1
CDH2,-1
STAR,-1
PLAU,-1
LSAMP,-1
GLI3,-1
SNX9,-1
ARL3,-1
ING2,-1
DCAF11,-1
CDC73,1
OR7G3,0
SLIT2,-1
SPATA20,-1
COL28A1,-1
UBA52,-1
GPR63,-1
CIC,1
ZNF227,-1
PPARGC1A,-1
B9D2,-1
PER3,-1
DYRK3,-1
KRT85,-1
OR9K2,-1
CAMLG,-1
OR10K1,-1
KRT19,-1
PNPLA4,-1
MYCL,1
MAP3K9,-1
SALL3,-1
SNRNP70,0
REC8,0
BBX,0
OR6P1,-1
HSPD1,-1
PCDHAC2,-1
OR2T10,-1
HIVEP1,-1
UTP15,-1
RNF213,-1
PPFIA3,-1
PARS2,-1
IGHV1-3,-1
ARHGAP36,-1
AFP,-1
DHRS4,-1
ZNF671,0
MAPK6,0
LRRC14,-1
SLC7A13,-1
ABCG8,-1
KRT40,-1
MKKS,-1
EDRF1,0
KLHL22,-1
PCDHA11,-1
OR52W1,-1
FSD1,-1
PROZ,-1
TTC5,0
NLRX1,-1
ULK1,-1
PRF1,1
STX18,0
SMC1B,-1
RPS6KA5,-1
TUBB6,-1
IL36G,-1
ZWILCH,-1
NOS2,-1
FGA,-1
RSPO2,1
MRPL37,-1
OR6N2,-1
TJP1,-1
ZNF639,0
OR7G1,-1
HOXC12,-1
PSKH2,-1
ZFAT,0
CCR6,-1
CACNA1I,-1
GUCY2D,-1
HIF1A,1
DVL2,-1
ABCC6,-1
FREM1,-1
PRRC2B,-1
NPR1,-1
RPGRIP1,-1
MYOM2,-1
PKP2,-1
ZNF75D,-1
OR6B2,-1
HPS1,-1
STAT6,1
CHRM3,-1
PGLYRP3,0
CRY2,-1
FASTKD1,-1
CACNB2,-1
MAP3K10,-1
BFAR,0
DMP1,-1
RAB43,0
ACTN2,-1
IGSF6,-1
MAPK10,-1
NLRP5,-1
AOX1,-1
VEZF1,-1
CDCA7,-1
HADHB,-1
SEMG2,-1
GHITM,0
IKBKB,1
ITGB8,-1
RHOC,-1
ANTXR1,-1
ACSL5,-1
FGF23,-1
MDH2,-1
NPY5R,-1
NDUFA8,-1
ASAP2,0
ZNF493,0
EPHB6,-1
RECQL4,1
SNX5,-1
KCNMB1,-1
LIPE,-1
HDAC2,-1
NEIL3,0
POU5F1B,-1
COL7A1,-1
MYLK3,-1
OR8B4,-1
ATXN2,-1
GLRB,-1
RAB3D,0
UNC45A,-1
R3HDML,0
HELZ2,-1
NKX2-4,-1
FEM1C,0
KITLG,-1
LMOD2,-1
MAP1A,-1
PSD4,-1
TTK,-1
GRM7,-1
TTBK2,-1
PTPN9,-1
ZNF485,0
DSC3,-1
PATL1,-1
TMED9,0
VIPR2,-1
MTNR1A,-1
VPS37D,-1
RB1CC1,-1
IL12B,-1
ZBTB14,0
ZNF786,0
TAS2R50,-1
MGRN1,-1
SPATA7,-1
ADAM12,-1
ABCG5,-1
COL16A1,-1
PRDX4,-1
RANBP6,-1
MRPS33,-1
RNF31,-1
TFEB,1
MMP15,-1
RIPK3,-1
PRPS2,-1
DMRT3,-1
R3HDM2,0
RNF128,-1
ATG5,-1
GLRX5,-1
DGKB,-1
PUM2,-1
HTR2C,-1
KLHL2,-1
TRPM7,-1
PSMD4,-1
CABLES1,-1
ZNF836,-1
CHAD,-1
TGOLN2,-1
RPRD1A,-1
HCFC2,-1
LPCAT3,-1
GP5,-1
BMP7,-1
NUS1,-1
NUP210,-1
PSMA4,-1
GRIA3,-1
MFAP5,-1
ZNF8,-1
PAPOLA,-1
RCHY1,-1
DSE,-1
IQGAP3,0
ZNF225,0
MAGI2,-1
LRRC8A,-1
OR4M1,-1
SPCS1,-1
DMRT2,-1
ZNF112,-1
AMELX,-1
PSMD11,-1
POLR3D,-1
GLP1R,-1
TBC1D16,-1
RASA3,-1
CCDC91,-1
SLC27A4,-1
LIMK2,-1
NFE2L1,-1
TAS2R3,-1
RAPGEF4,0
PMP22,-1
OTOGL,-1
ZNF679,0
MYF5,-1
MCMDC2,-1
CTNNBL1,-1
NOP10,0
RXRB,-1
ITGA7,-1
ZNF30,0
PMS1,1
COMMD2,-1
EPB41,-1
HIPK1,0
SPTBN5,-1
ARAP1,-1
ZNF470,-1
NPTX1,-1
RNF111,-1
ZNF774,0
ZNRF1,-1
HAND1,-1
ODC1,-1
BBS9,0
HS3ST6,-1
MAP7D3,-1
TXNIP,-1
CLCA4,-1
GPD1L,-1
MAN1C1,-1
NEUROG1,-1
PSG8,-1
PROKR2,-1
TEP1,-1
RTF1,-1
NAPA,-1
SBF2,-1
LAP3,0
DAPK1,-1
RING1,-1
SCAMP4,-1
SMARCAD1,-1
CD4,-1
CSF2RB,-1
DENND2A,-1
OR10Z1,-1
MYH6,-1
LAMA3,-1
CLDN8,-1
ADNP2,-1
CLVS2,-1
SOCS7,-1
NLRC4,-1
BCL2L13,0
ZNF582,-1
HYDIN,-1
ADIPOR2,-1
GPM6A,-1
HIPK4,-1
SV2B,-1
ALK,1
CYLC2,-1
SENP2,-1
THRAP3,-1
BBS4,-1
WRN,1
ADCY6,-1
FH,1
MLST8,-1
COPZ1,-1
FOXN4,-1
OR5K2,-1
PRDM16,1
EIF4A2,-1
AKAP4,-1
E2F7,-1
BCCIP,-1
ZNF22,-1
DNAJC19,-1
BCAT1,-1
IGFL1,-1
OR4C12,-1
C3,-1
SLC51A,0
RABGGTA,-1
NFKBIZ,-1
SUV39H1,-1
B4GALT5,-1
FBXL18,-1
NCAPH2,-1
NR6A1,0
GUCY2C,-1
TSNAXIP1,-1
IL36B,-1
OSR2,-1
KAT6A,1
ZNF473,-1
MDH1,-1
NPFFR2,0
SCCPDH,0
PCBP3,-1
UST,-1
IFNGR2,-1
TDRD12,-1
RAB9A,0
CHRM5,-1
NOS1,-1
ZNF451,-1
MFSD2A,-1
ZNF486,-1
IKZF4,-1
ZAP70,-1
NR0B1,-1
KRAS,1
BCL7B,-1
ACAA1,-1
ACE,-1
BCHE,-1
KCNC4,-1
GANAB,-1
CCL8,-1
ATP2B4,-1
IL17RD,-1
ZSCAN2,0
CLEC6A,-1
RFC2,-1
NTSR2,-1
ASB4,-1
APAF1,-1
USP9X,-1
MSH3,-1
ADAM2,-1
HOOK1,-1
PDZD3,-1
CCT7,-1
NFRKB,-1
MFN1,0
SMNDC1,0
ZFYVE27,-1
STRA6,-1
PARP4,-1
OTOG,-1
RPS3,-1
SMG8,-1
GAST,0
CMTM8,-1
ARHGAP6,-1
WDR1,-1
HLA-A,-1
KIDINS220,-1
GSDMD,-1
HOPX,-1
SIGLEC6,-1
POLD1,1
GBP2,-1
NEGR1,-1
WWP2,-1
TPCN1,-1
SPSB4,-1
DROSHA,1
ARG1,-1
COX11,-1
RBM42,-1
NLGN4X,0
RAD51D,-1
PPARG,1
SMC2,-1
SYT11,0
WDR91,-1
LONP2,-1
APOM,-1
TBC1D10B,-1
PCDHA13,-1
NPS,-1
RNASE1,-1
NUBPL,-1
PXT1,-1
HMGCS2,-1
ACKR3,1
ORC5,-1
NCAPD3,-1
TBX18,-1
MYBPC2,-1
IL2RG,-1
KCND1,-1
DPP10,-1
SRSF1,-1
MLF2,-1
SLC46A1,-1
RFX6,-1
MFAP3,-1
FOXJ2,0
SYT3,-1
TRGC1,-1
MTMR2,-1
MAGEA4,-1
PDLIM3,0
ZNF229,-1
CCNDBP1,-1
KCNN4,-1
FBXO32,-1
SAA2,-1
MYO1H,-1
GZMB,-1
NOTCH3,-1
DXO,-1
FOXN1,-1
GPC5,1
HERC6,0
ARHGEF4,-1
OR10H4,-1
FCN1,-1
GNA12,-1
GPR183,-1
CYP26A1,-1
MEN1,1
IFT80,-1
XAB2,-1
ZNF549,0
FLOT2,-1
STK35,-1
CORO1B,-1
PPAT,-1
FST,-1
MAML3,-1
CDC5L,-1
FZD6,-1
ITPR2,-1
GABPB1,0
GPR146,0
CER1,-1
MRPL46,-1
GRIA1,-1
ZGPAT,0
NBN,1
AGAP2,-1
PLCB2,-1
VAMP1,-1
TXNDC17,-1
DAXX,1
ECT2,-1
WNT9A,-1
AKR1C3,-1
AGO4,-1
GNA15,-1
SIX2,1
PER2,-1
SF3A1,-1
HERC2,-1
NOX3,-1
TSPAN15,-1
PSMB5,-1
OSBPL9,-1
OR14J1,-1
BMP2,-1
ZNF182,-1
EXOC1,-1
ZNF596,0
ZNF222,-1
GAB1,-1
DDX60L,-1
CST9L,-1
RGS4,-1
CCDC103,-1
CERS2,-1
NAA11,0
WBP11,-1
CCR10,-1
CNTN2,-1
VPS45,-1
MGME1,-1
ZNF304,-1
CYP2A13,-1
ZFX,-1
OR10H1,-1
CRX,-1
SYT9,-1
LGR5,-1
FAM161A,-1
ECE1,-1
NMNAT3,-1
ECH1,-1
PRSS58,-1
PABPC5,-1
PDLIM5,0
CA9,-1
GPX1,-1
MAPK1,1
RASGRP2,-1
LHX1,-1
FCHSD1,-1
ZNF251,0
SDCBP2,-1
RAP1A,-1
GNG12,-1
TSLP,-1
SF3A3,-1
FRMD6,-1
SLC19A2,-1
DNM3,-1
RAB20,-1
ZNF217,-1
MACROD1,-1
TREM1,-1
MEF2A,-1
MED26,-1
LRRCC1,-1
IFITM3,-1
BIN1,-1
MYH15,-1
TGFB3,-1
KCNQ4,-1
FERMT1,-1
CSGALNACT2,-1
ANO6,-1
ZG16B,0
POM121,-1
JPH1,-1
CDT1,-1
RPL15,-1
PDE4D,-1
IGKV1-6,-1
GLB1L2,0
ZNF608,-1
RAB18,-1
RUSC1,-1
BATF,-1
ARHGEF5,-1
HTT,-1
CTNNA1,-1
MAL,-1
CD244,-1
PDHA1,-1
RFC5,-1
CDH4,-1
PPP1R12B,-1
PLA2G7,-1
RBM5,0
CEP170,-1
DDX50,-1
PROS1,-1
OTX2,-1
TP53,1
SLC6A14,-1
ERCC1,-1
CNTNAP2,-1
CD1E,-1
OR2T34,-1
ZNF707,0
PRSS23,0
KALRN,-1
SLC25A46,-1
CPSF3,0
CCNA1,-1
TECPR1,-1
BTBD2,0
ZNF280D,0
YY1AP1,-1
CYP11B2,-1
PSMD2,-1
OR8A1,-1
IFNA14,-1
CCT8L2,-1
OR56B1,-1
ZNF630,-1
EIF2B4,-1
PDE3A,-1
SLCO3A1,-1
SELP,-1
KRT75,-1
DNAJB8,-1
MYOZ1,-1
KRT39,-1
KRT26,-1
RC3H2,-1
HMGB1,-1
MOGAT1,-1
SCG2,-1
CTCFL,-1
CORO1C,-1
PCDHB1,-1
ALG5,-1
DNAJC5,-1
SKIL,-1
CALCR,-1
PTPRA,-1
PPP1R3A,-1
WASF3,-1
LY6H,-1
RBM28,-1
TRH,-1
IFNA16,-1
ARHGAP27,-1
MICA,-1
TYW1,-1
MATN2,-1
STRADA,-1
HOMER1,-1
WWC3,-1
MCM5,-1
CYBA,-1
PLCD1,-1
SFTPB,-1
RASGRF2,-1
UBE2Q2,-1
ANGPT4,-1
LMBR1L,-1
KCNK18,-1
DCSTAMP,-1
PCDH18,-1
UGT8,-1
CCDC40,-1
FAN1,-1
TCTN2,-1
MYO1F,-1
WNT5B,-1
DIDO1,0
UTP6,0
LAT,-1
ALDH6A1,-1
CACNA1E,-1
ASB6,-1
ZNF90,-1
CNOT2,-1
AGTR1,-1
GPR135,-1
TUBD1,-1
ZNF57,0
TAS2R7,0
SGSM2,-1
CD82,-1
GPN2,-1
AGPAT1,-1
GRXCR2,-1
FSHR,-1
HK2,-1
CBLL1,-1
PIP,-1
XBP1,-1
ATG4A,-1
NLGN2,-1
EXT2,1
PPARD,-1
MRPL51,-1
CDK13,-1
ZIC3,-1
ACOX1,-1
BUD13,0
PWP2,0
CSF3R,1
SLC16A14,0
SLC25A40,-1
DYRK4,-1
CKS1B,-1
TCF7,-1
URM1,-1
ADAMTS8,-1
ZNF561,0
YWHAZ,-1
ASXL1,1
PIK3C2B,-1
RYR2,-1
AKAP8,-1
CSNK1G3,-1
DLK1,-1
MTA1,-1
HMX1,-1
HTR5A,-1
RPA2,-1
NFKB2,1
TRAPPC6A,-1
TRAF3IP3,-1
IL1F10,-1
PEX5L,-1
AAMP,-1
PTPRZ1,-1
MAN2C1,-1
OR3A3,-1
PPP2R3A,0
SCYL1,-1
NKIRAS2,-1
ODF1,-1
PAGR1,-1
EXPH5,-1
IGHV3-11,-1
ADAT2,-1
UNKL,-1
HOXB8,-1
EPOR,-1
DENND6A,-1
IFNA8,-1
FANCF,1
GABRB2,-1
IKBIP,0
DSEL,-1
GTF2F1,-1
COL5A3,-1
PCDHA4,-1
LGALS7,-1
TRAFD1,-1
INSIG2,-1
CACNA1G,-1
AICDA,-1
CHRNA3,-1
SPATA5L1,0
NUMA1,-1
ZNF791,0
CNOT1,-1
SRPK3,-1
ATP1A2,-1
GABBR1,-1
SHISA5,-1
MST1,-1
GGA1,-1
OR12D3,-1
POLE2,-1
PIWIL1,-1
PDE4B,-1
CARD16,-1
SLC5A1,-1
SLC22A23,-1
MAD1L1,-1
ACTG1,-1
WDR19,-1
ZXDB,-1
MYO1E,-1
MTF1,-1
SCG3,-1
SDCCAG8,-1
PHLPP1,-1
SULT2B1,-1
OR52M1,-1
NEURL1,-1
BASP1,-1
OR10J3,-1
CEP63,-1
SUDS3,0
SCARB1,-1
PDIK1L,-1
FAM13A,-1
AKT3,1
INA,0
ADAMTS7,-1
ATP10B,-1
ASL,-1
AP1B1,-1
TBC1D12,-1
ZNF419,-1
COLGALT2,-1
CYBRD1,0
ATP6V0E2,-1
CHMP6,-1
MPDU1,-1
ZNF823,-1
RPTOR,-1
ACOT13,-1
PDE11A,-1
DNMT3L,-1
HOXA3,-1
ABCC8,-1
PCDHAC1,-1
CKB,-1
CAPN14,-1
TAAR1,-1
PCCA,-1
KCNC3,-1
COPB1,-1
FASTKD2,-1
ZNF557,0
LGR4,-1
SCT,-1
KCNG1,-1
CHPF,-1
PFKFB3,-1
ELAVL1,-1
PSG1,-1
SMURF2,-1
TRMT10C,-1
SCAF11,-1
ZEB1,1
PDHA2,-1
CPB2,-1
TNFRSF18,-1
SOX6,-1
ABCA3,-1
CSNK1A1,-1
NXF3,-1
CCNC,1
HSP90AB1,-1
PNISR,-1
RASAL1,-1
SERPINA6,0
NIN,-1
MSL3,0
HEXA,-1
LILRB5,-1
CDHR2,-1
MAP2K4,1
JPH4,0
HDAC6,-1
ADRB3,-1
BZW1,0
SNF8,-1
TMEM63A,0
TPST1,-1
FAM120B,-1
CNBP,1
CCDC13,-1
SUGP2,-1
MTSS1,-1
PLEK,-1
THBD,-1
ZNF764,0
NR5A1,-1
TDP1,-1
CACNG2,-1
AKIRIN2,-1
ARHGAP33,-1
PCDHB6,-1
CALD1,-1
ELP4,-1
OR10Q1,-1
TOR1B,-1
FEN1,1
BIRC7,-1
GPATCH3,-1
ESRP1,-1
RAB31,-1
VASP,-1
WDR41,-1
PSME4,-1
PJA2,0
RAP1GDS1,1
CXXC4,-1
POLR1D,-1
ALDH1A2,-1
MBP,-1
UBR3,-1
ZNF581,0
LRFN2,-1
ATP11C,-1
USP42,-1
KIN,-1
CDH3,-1
KLF9,0
EBAG9,-1
ODF2,-1
CALML6,-1
PPARA,-1
FTSJ3,0
CAPN6,-1
RRBP1,-1
NASP,-1
TAF5,-1
SMAD3,1
ZNF350,-1
PTPN23,-1
GDF15,-1
APOBR,-1
FUT9,-1
ZNF311,0
DNAH9,-1
CPEB4,-1
CNTN3,-1
IFNA6,-1
TSC22D2,-1
CASKIN1,-1
LOXL1,-1
OR6C70,-1
ARF5,-1
TNFAIP8L2,-1
STK36,-1
MMP17,-1
PI16,0
NDUFV2,-1
NEK11,-1
C1S,-1
ONECUT3,-1
ANO7,-1
PPP6R1,0
FLI1,1
LUC7L3,-1
SNRK,-1
DBNL,-1
ACLY,-1
TSPYL5,-1
DOCK4,-1
ASXL3,-1
SLCO1B3,-1
PCF11,-1
SMARCA5,-1
TXNRD1,-1
IL13,-1
TANK,-1
TLR5,-1
KRT16,-1
XRCC5,-1
GNB1,-1
FHL1,-1
ALX4,-1
ST8SIA2,0
SEMA7A,-1
OR2AG1,0
UBAP2L,-1
NLE1,0
RECQL,-1
SALL1,-1
GRIK2,-1
DRAP1,-1
PPP6C,1
IQSEC1,-1
EPHX2,-1
MYO5C,-1
ZNF276,0
PRPF6,-1
CORIN,-1
BMPER,-1
HLA-DOB,-1
PPP1R7,-1
ZNF783,0
DKK1,-1
CEP89,-1
ASB15,-1
DECR2,-1
SDHAF2,1
STK32A,-1
ZC3H11A,-1
NEK2,-1
VCL,-1
ZNF778,-1
POT1,1
BAIAP2,-1
CACNA1S,-1
TGM5,-1
MS4A2,-1
ENPP1,-1
TJP3,-1
SEMA6C,-1
PSMA1,-1
KLRC1,-1
PRMT7,-1
CHN2,-1
TBC1D26,-1
KLC2,-1
DDR2,1
EFNB2,-1
PLA2G4F,0
PROK2,-1
SLITRK2,-1
PREPL,-1
MYRF,-1
IRX6,-1
OCRL,-1
PLCG2,-1
TUBGCP3,-1
PAX6,-1
FBXO43,-1
CYFIP1,-1
PALB2,1
HAUS6,-1
SLC32A1,-1
UGT2B7,-1
MAP3K3,-1
CDC37,-1
ZNF397,-1
NCAN,0
PHF1,-1
INTS8,-1
CACNA1B,-1
ORM1,-1
ZNF799,-1
POC1B,-1
S100A10,-1
COMP,-1
DPF1,-1
PIK3CB,1
FHOD3,-1
MEFV,-1
ADAM30,-1
MED16,-1
MYT1L,-1
NUP153,-1
GAD2,-1
XYLT1,-1
STUB1,-1
ATR,1
BACE1,-1
ANAPC4,-1
NOL8,-1
CAMKK2,-1
GNRH1,-1
CBX6,-1
PITX3,-1
SLCO6A1,-1
IL10RA,-1
BAZ1A,1
PRSS21,-1
ZNF133,-1
OLFML3,-1
OR52N1,-1
CXCL6,-1
DSG4,-1
TAP1,-1
PRKAR2B,-1
RNF216,-1
KBTBD7,-1
UBXN7,-1
RCOR3,0
EVI5,-1
SCN2B,-1
ZNF98,-1
PSMC1,-1
SCIN,-1
DCTN2,-1
TNKS2,0
HJURP,-1
MAP3K4,-1
SEC13,0
VGLL2,-1
USP22,-1
TSHZ2,-1
OR2L8,-1
STXBP5L,-1
ZNF560,-1
ZNF644,-1
TNFSF10,-1
IL1R1,-1
TNFRSF1B,-1
CHMP7,-1
TRIP4,-1
SEC22C,-1
MAP3K6,-1
GCC2,-1
RAET1G,0
IL36A,-1
FOXO3,1
GRIK5,-1
PNRC1,-1
CTPS2,-1
POLD2,-1
DNAH7,-1
MED13L,-1
OR4K15,-1
EN2,-1
CLOCK,-1
RPS7,-1
ARHGEF9,-1
NSFL1C,0
RANBP17,-1
NEDD9,-1
ITGB6,-1
TCOF1,-1
TDRD3,-1
RIOK3,-1
SOX13,-1
RNF126,-1
DCX,-1
DTX4,-1
PASK,-1
GADD45G,-1
ARHGAP11A,-1
CUBN,-1
STK17A,-1
RAC2,-1
DPH6,-1
KAT8,-1
ATF7IP,-1
COL18A1,-1
FOXRED2,-1
OR8D1,-1
ARHGAP11B,-1
ADH5,-1
BMPR2,-1
YY2,-1
SCUBE2,-1
CDC42,-1
OR8G5,-1
PARP1,-1
KCND3,-1
IRS1,-1
MIER1,0
KIF5C,-1
OR51I1,-1
CDH9,-1
ZNF814,-1
STAG2,1
CAMK2A,-1
IL17RE,-1
RNF217,-1
ADAMTS3,-1
BCL9L,1
OR5D14,-1
ZNF41,-1
NHLH2,-1
RNF212,-1
NKX3-1,-1
DHX15,-1
ISL2,0
DUSP2,-1
ABR,-1
ERG,1
PDE4C,-1
PLCD4,0
BMPR1B,-1
ACTL9,-1
CACNA2D1,-1
CDH8,-1
NLRP4,-1
PCID2,-1
ZNF837,0
AK3,-1
ADAR,-1
GPC2,0
CTSB,-1
PNP,-1
KLRK1,-1
PYGL,-1
HS2ST1,-1
MVK,-1
ITFG2,-1
HLA-B,-1
ARFRP1,-1
CAPN10,-1
LBX1,-1
VPS4B,-1
SCUBE3,-1
DDX3Y,-1
ZNF680,-1
SLC13A3,-1
WDR55,-1
TBX19,-1
RASAL3,-1
NRXN3,-1
PCDH9,-1
GPR152,0
SLC16A11,-1
SLC22A15,-1
CCR7,1
SCAP,-1
IBTK,-1
IGFBP5,-1
ADCK1,-1
YTHDF1,-1
NOTCH2,1
TLX2,-1
CACNA2D2,-1
EPB41L2,-1
LRRC8C,-1
MSRB3,-1
KRT4,-1
ZC3H12C,-1
ATG16L2,0
SKOR1,-1
PCDHGA4,-1
PHGDH,-1
ADAMTS17,-1
NFAT5,-1
GABRA4,-1
ZFP69,-1
TRAV26-1,-1
EVC2,-1
IL6,-1
AXIN1,1
RALGAPA2,0
RPRD2,-1
EPHA2,-1
CDK3,-1
EFR3A,-1
RARA,1
NXF1,-1
ARHGDIA,-1
MET,1
SEC24C,-1
BIRC6,1
NIPA1,-1
TNNC2,-1
YBX3,0
LRIF1,-1
RHCG,-1
REG4,-1
DOCK8,-1
CLP1,-1
OR1G1,-1
LAMB2,-1
HNF1B,-1
OR56B4,-1
TNFRSF25,-1
ASNS,-1
PPP1R12A,-1
TAF10,-1
MFGE8,-1
PCDHGB7,-1
IKZF2,-1
PPFIA2,-1
KCNF1,-1
GLCE,-1
GAD1,-1
KRT72,-1
MYBPC1,-1
LIPN,-1
ZNF469,-1
PYGO2,-1
HTRA4,-1
SPINT1,0
TYRO3,-1
SYT7,-1
SLAMF1,-1
CSRNP2,0
MLXIP,-1
NEK4,-1
ERCC2,1
POU2F3,-1
CBLN1,0
VRK2,-1
EPHA3,1
PTGS2,-1
CELF2,-1
OR12D2,-1
GRIA4,-1
OTUD5,-1
BIRC8,0
FRS3,0
ZNF43,-1
ZIC5,-1
ACACB,-1
HHIP,-1
LUM,-1
MAP3K12,-1
ZNF410,0
TBL1XR1,1
NUP98,1
PPP1R1B,0
SOST,-1
PPP1R17,0
BAZ2B,-1
TNKS,-1
CLIP1,-1
KBTBD8,-1
PTTG1,-1
SLC39A9,0
SLC24A1,-1
TMUB2,0
TRIM54,-1
SHMT2,-1
INTS4,-1
TMEM67,-1
TCEA3,-1
ZNF292,-1
TPI1,-1
MATN4,-1
ACTL6A,-1
UNC119B,0
HRNR,-1
TSPYL6,0
PON3,-1
GSTA4,-1
SMARCC2,-1
CHMP5,-1
SLC18A1,-1
GCM1,-1
SLC6A20,-1
CARD8,-1
MXD1,0
MLF1,1
TRHR,-1
TRIM41,-1
OR1J2,-1
MAP3K11,-1
TNR,-1
IGFALS,-1
VCAM1,-1
APOB,-1
MAP3K15,-1
TMEM30A,-1
APPBP2,-1
ETFDH,-1
PKP1,-1
PIP4K2C,-1
RNF123,-1
PAQR3,-1
METTL1,-1
KRT9,-1
LAMP3,0
KLF6,1
SHROOM2,-1
SLTM,0
PRMT2,0
SLC30A1,-1
CHRNA6,-1
HTR3D,-1
APOOL,-1
HIF3A,-1
UGT1A4,-1
ZNF479,1
PDRG1,-1
ZKSCAN4,-1
ATP2B3,1
EDNRB,-1
KLF15,-1
VN1R2,-1
CDH23,-1
LRRC8E,-1
CCRL2,-1
ATP6AP1,-1
UBC,-1
CP,-1
GNPAT,-1
TBC1D8,-1
HUNK,-1
IL13RA2,-1
IMPA1,-1
SEL1L,-1
MACF1,-1
SLC4A9,-1
ME1,-1
PIK3C2G,-1
TAF3,-1
IGHV3-53,-1
ACVR1B,1
SLC7A7,-1
KCNQ2,-1
LLGL2,0
EEF1A2,-1
ANGPTL3,-1
KCNJ10,-1
RASSF5,-1
CCZ1,0
FNIP2,-1
XRN2,-1
UHRF2,-1
ETV5,1
CCNO,-1
CDKL2,-1
BAP1,1
ZNF763,0
ADAMTS16,-1
MUC2,-1
RNASE6,-1
RALA,-1
ATP1A4,-1
KEL,-1
NOX1,-1
CCR9,-1
ERCC8,-1
ATXN1L,-1
ENGASE,0
RGS22,-1
VPS25,-1
CDHR3,-1
MLH3,-1
BSCL2,-1
AOC2,-1
LIFR,-1
EVPL,-1
RHOT1,-1
RTEL1,-1
CRTC1,1
ACOT1,-1
SCAMP2,-1
IL31RA,-1
ZDHHC17,-1
DPAGT1,-1
TPGS2,0
RPS2,-1
SEMA6B,-1
ASB10,-1
ITPK1,-1
FHL5,-1
OLFM4,-1
MBNL1,-1
ST8SIA4,0
UBXN1,-1
LAS1L,-1
CDC14B,-1
CCT2,-1
ASCC3,-1
MYH13,-1
ABCC10,-1
MAP2K1,1
ZC3H4,-1
ZNF443,0
DPYSL4,-1
B4GALT3,-1
SFXN2,-1
PTK2B,-1
CD6,-1
CHST2,-1
LGI4,-1
SGCB,-1
ADAM32,0
LCE5A,-1
DNAJB4,-1
CGN,0
TNNT3,-1
EPS8L2,-1
PYGM,-1
CLPB,-1
TELO2,-1
ANGPTL6,-1
REV3L,-1
CACNA1C,-1
NGEF,-1
ADAMTSL4,-1
POLA1,-1
RAB40C,0
GPT2,-1
TBC1D1,-1
GLO1,-1
NME5,-1
THAP7,0
DPP4,-1
GEMIN8,-1
HSPG2,-1
ARID4B,-1
HAS3,-1
NCF4,-1
EID3,-1
SGCE,-1
ZNF841,-1
CERS1,-1
MAK,-1
CHCHD2,-1
FAF1,-1
NPAS4,-1
NPAS3,-1
CEACAM8,-1
RNPEP,-1
CITED2,-1
ABCD1,-1
AP1M1,-1
APLP2,-1
APOH,-1
ETHE1,-1
WTAP,-1
TOP2A,-1
NAP1L3,-1
IGKV1-12,-1
TFE3,1
CHST7,-1
UPF3A,-1
MGARP,-1
ASS1,-1
APBA3,-1
RADIL,-1
ODAM,-1
RAPGEF6,-1
LGALS1,-1
FASN,-1
SHKBP1,-1
CORO7,-1
CLEC4D,-1
LBR,-1
TACO1,-1
MLPH,-1
OR7A17,-1
PEX14,-1
SPIC,-1
SPTBN2,-1
TRDN,-1
BMS1,-1
AZU1,-1
GNPTG,0
ACSL3,-1
TCF21,-1
RND1,-1
EGF,-1
ANP32E,-1
ADRB2,-1
FOXK1,-1
EIF2AK1,-1
DCLRE1C,-1
ENAM,-1
ZNF91,-1
ENPEP,-1
OR2T27,-1
RCC2,0
SRSF6,-1
RERE,-1
GRAMD1C,-1
STIM2,-1
UAP1,-1
ZNF611,0
PTGS1,-1
FOXH1,0
MVB12A,0
GRM2,-1
EXOC5,-1
COL5A1,-1
EIF3B,-1
ZNF264,-1
CRB3,-1
DIXDC1,-1
NOD2,-1
COPS4,-1
ACP1,-1
KDELR1,-1
TDG,-1
FAR1,-1
STRADB,-1
EPHA7,1
IST1,-1
DIAPH1,-1
SNAPC3,-1
ZNF154,-1
TAF2,-1
ORMDL1,-1
TDRD5,-1
NAA16,0
FLT3LG,-1
PREX2,1
ZNF534,-1
BRPF1,-1
USP19,-1
TRIM72,-1
UBE3B,-1
IRF9,0
CAST,-1
CCDC141,-1
OR4C3,-1
FAHD2A,-1
INTS3,-1
STYXL1,-1
GNL2,-1
HDAC11,0
FAHD2B,-1
SAP130,-1
VEZT,0
OGG1,-1
KLF16,-1
COG7,-1
MAT1A,-1
CXXC5,-1
BLOC1S2,-1
SSTR4,-1
OR7D4,-1
DUS1L,-1
KLRC2,-1
RAG1,-1
OR13H1,-1
RAB4A,-1
BMP15,-1
RGS2,-1
MMRN1,-1
THBS3,-1
ZC3H12B,-1
RHOV,0
EIF2AK3,-1
OR52N5,-1
DMRT1,-1
BRD7,-1
DOCK1,-1
OSBPL3,-1
PPP4C,-1
COL24A1,-1
MASP1,-1
NAIP,0
SOX3,-1
GFI1B,-1
NLK,0
DRD1,-1
TMC1,-1
IDH1,1
MYOCD,-1
CCR3,-1
RPL21,-1
ZNF714,0
EPHA8,-1
TMA16,-1
EPS8,-1
ZNF420,-1
CDKN2B,-1
GALNT3,-1
DLX4,-1
JPH2,-1
EVX2,-1
KLF8,-1
ZNF625,0
WAS,1
FRYL,-1
IL21R,-1
CCDC18,-1
BTAF1,-1
IK,-1
AGBL5,-1
ZBTB22,-1
IGSF11,-1
GPSM1,0
SPRR2B,-1
INHA,-1
FCHO1,-1
NDUFB5,-1
FIGNL1,-1
GGN,-1
TYR,-1
SRSF4,-1
CRYGD,-1
CNOT4,-1
STK3,-1
EDARADD,-1
CAPRIN2,-1
DDX6,1
CHRD,-1
SLC34A1,-1
BRPF3,-1
RFPL4B,-1
DYNC1H1,-1
ERP44,0
GOSR2,-1
INSL5,-1
ZNF490,0
NDC1,0
GRM6,-1
PTPRN2,-1
KCNQ3,-1
SLC5A2,-1
MBD4,-1
PRMT6,-1
CFL1,-1
A4GNT,-1
RIMKLA,0
DYNC2H1,-1
ILKAP,0
NUF2,-1
KEAP1,1
MMP7,-1
NLRP1,-1
MMADHC,0
PEBP1,-1
SMAD4,1
E2F6,0
PRKD1,-1
HCRTR1,-1
ESYT2,-1
CKAP2,-1
PAXBP1,-1
SIK2,-1
CACNA1F,-1
SOX11,-1
SEMA5B,-1
TLR2,-1
DIAPH2,-1
ZNF226,-1
PRKCB,1
RASA2,-1
PDZK1,-1
GRIN2D,-1
IL17RB,-1
LARS2,-1
CPB1,-1
CD86,-1
CIT,-1
SERPINE3,-1
RNF152,-1
ADAMTS13,-1
CLCN3,-1
FCRL1,-1
B3GNT6,-1
ADCY2,-1
IFNW1,-1
ZNF202,-1
SYNPO,-1
VPS37A,-1
SELE,-1
IFT172,-1
PCDHB3,-1
MCM7,-1
VTN,-1
SBNO2,-1
ATP7B,-1
IGF1R,-1
AKAP13,-1
CR1L,-1
MCM10,-1
MLH1,1
MC2R,-1
DHCR7,-1
CFHR5,-1
CCNT1,-1
LCK,1
ZNF423,-1
TFCP2,-1
AVPR1B,-1
SCAMP3,-1
CD8B,0
GYPC,-1
SNTA1,-1
RBMXL1,0
IFNGR1,-1
APEH,-1
CPN1,-1
CUX2,-1
SV2A,-1
ZNF236,-1
ADAM17,-1
PRRC2C,-1
JARID2,0
MATK,-1
ZNF208,-1
HS3ST5,-1
SSH1,-1
KCNIP2,0
FUT3,-1
MST1R,-1
THRSP,-1
CSTF2T,-1
PLK1,-1
SACM1L,-1
STK11IP,-1
MTO1,-1
CIITA,1
KIF2A,-1
COMMD3,-1
SMG5,-1
SFRP5,-1
RHPN1,-1
FXN,-1
MRGPRX4,-1
LINGO1,-1
CASZ1,-1
DIRAS1,-1
ZNF430,0
TRIM25,-1
OR7A5,-1
ACTR3,-1
MMP19,-1
PPP1R10,-1
MYH11,-1
L1CAM,-1
SLCO1A2,0
YME1L1,-1
PHKB,-1
GRIK1,-1
UNC5C,-1
ZNF780A,0
LPAR1,-1
RAB39B,-1
ARHGEF15,0
CUL1,-1
ABI2,-1
VPS33A,-1
ZNF727,-1
SNED1,-1
SNAP29,-1
PSG6,-1
KCNJ15,-1
AGL,-1
BUB1,-1
NOTUM,-1
OR9G4,-1
BTN2A1,-1
DHX37,-1
DAO,-1
MED28,-1
ARID1A,1
DHX8,-1
MSGN1,-1
SERPINE2,0
MALT1,1
GATAD2B,-1
SYN1,-1
VPS54,-1
WDR35,-1
CHRNA5,-1
PCDHB4,-1
ZNF701,0
SPRR3,-1
CXCL14,-1
TCF7L1,-1
NPY1R,-1
MCM9,-1
ADCY9,-1
ATAD3A,-1
NIPBL,-1
MBL2,-1
OR4S2,0
TNRC6B,-1
SPI1,-1
SALL2,-1
LCE3D,-1
CCAR2,-1
CLASRP,0
MAML2,1
DYRK1B,-1
UNC93B1,-1
MSH4,-1
IL18RAP,-1
AGAP3,-1
GFRA3,-1
PPARGC1B,-1
RFXAP,-1
GRID1,-1
TMF1,-1
CPEB2,-1
TSPYL1,-1
GRAP2,-1
PMS2,1
CNN2,-1
LYNX1,-1
ACOT2,-1
RXFP1,-1
OR5H14,-1
STAP1,-1
UNC80,-1
OR8K1,-1
TMC2,-1
TP53BP1,-1
FASTK,-1
FZD10,-1
PHLPP2,0
RPF1,0
CYP2S1,-1
TBL1Y,-1
CACNB1,-1
LTBP2,-1
PLXNB1,-1
ZNF234,-1
AP3B2,-1
TGFB2,-1
MECR,-1
CYB561,-1
HIVEP3,-1
CX3CL1,-1
KRT31,-1
ATP6V1E2,-1
PCYT1A,-1
SLC39A11,-1
SBK2,-1
JAK3,1
CLSTN2,-1
CLSTN3,-1
TMPRSS2,-1
TIMM13,-1
NLGN3,-1
CNDP2,0
DDX4,-1
AJUBA,-1
NINL,0
LYL1,1
TAX1BP1,-1
MAPKAPK3,0
OR5B12,-1
CHD7,-1
COQ2,-1
POSTN,-1
GDI2,-1
ADAMTSL1,-1
SYT13,-1
OR2J2,-1
RIMS4,-1
GATAD2A,-1
STK10,-1
BACE2,-1
IGHV4-4,-1
SLC18A2,-1
SMARCA1,-1
PKDREJ,-1
RHBDL2,0
UGT2A1,-1
FARS2,-1
TXLNA,0
KHDRBS2,-1
EPB42,-1
OR4K2,-1
FLT4,1
CD68,-1
GREB1,-1
AMY2B,-1
LRIG3,1
SEMA6A,-1
ABCC11,-1
AMIGO3,-1
SEMG1,-1
GJA5,-1
TNFRSF8,-1
COX18,-1
AP2M1,-1
MAGEE1,-1
FCRL3,0
RALGDS,-1
SYT5,-1
LHX9,-1
ZFYVE9,-1
SLC27A1,-1
P2RY12,-1
RNF13,0
GRM4,-1
DYNC1LI2,0
KANK1,-1
PRPF39,-1
PIN1,-1
SIPA1L3,-1
IBSP,-1
TNS4,-1
ATP13A1,-1
ZNF541,-1
KRT1,-1
ACADM,-1
UBE4A,-1
KLK7,0
NMNAT1,-1
ELFN1,-1
EPB41L4B,-1
PCDHB5,-1
TINAG,-1
ATOH8,0
PKN2,-1
ADH1A,-1
ZNF816,0
AGPAT5,-1
CARS2,-1
RPS6KA6,-1
AGBL3,-1
LGI1,-1
LDHB,-1
CWF19L2,-1
PSMC6,-1
FRZB,-1
WNT6,-1
EGR3,-1
NUDC,-1
MTOR,1
PGM3,-1
LRRK2,-1
C9,-1
HS3ST1,-1
HCAR1,-1
MPHOSPH8,-1
TUBG1,-1
HMGB3,-1
OGDHL,-1
ZNF648,0
GRID2,-1
EIF2A,-1
UBA5,-1
HABP2,-1
CNTN6,-1
CATSPERG,-1
ZBTB46,-1
AHNAK,-1
PSMA7,-1
CCNA2,0
DPPA4,-1
ZNF416,0
PKNOX2,-1
SP4,-1
MTMR14,-1
PRKAB2,-1
TEX19,-1
PSMC2,-1
ISLR,-1
CD70,-1
CACNG6,-1
NDUFB10,-1
ZC3H12A,-1
PDLIM4,-1
GALNT11,-1
EEF2,-1
MBTPS1,-1
PDZD7,-1
LCE1D,-1
OR6C76,-1
P2RX7,-1
OR13A1,-1
TFCP2L1,-1
SEPHS2,-1
CRLF1,-1
TPH2,-1
CHP1,0
MOGAT3,-1
EEPD1,-1
PTCD3,-1
ITPR1,-1
FILIP1,-1
OR2AE1,-1
ZBTB6,0
SCN3B,-1
ANO1,-1
ITIH3,-1
NDUFA5,-1
CABP4,-1
CCNE1,1
CS,-1
SMG7,-1
FZD7,-1
OSBP,-1
GRIP1,-1
OR8H1,-1
LUC7L2,-1
TRIM28,-1
CBFA2T3,1
KPNA5,-1
NKX2-1,1
NT5M,-1
KRT78,-1
ZFP36L2,-1
CRLF3,-1
PKP4,-1
PSMB2,-1
TOPORS,-1
FTMT,-1
MIS12,-1
PCK2,-1
EVC,-1
LSG1,-1
RAB1A,0
NCOR2,1
RIC8A,-1
PFN4,-1
ADORA3,-1
DDIT4,-1
KCNIP1,0
CERK,-1
LRP5,-1
OR2A5,-1
KCNH4,-1
UPF2,-1
OR5AR1,-1
BRINP1,-1
STAT3,1
THOP1,-1
MOCS2,-1
ZC3HAV1,-1
ECEL1,-1
LGALS9B,-1
E2F8,-1
COL4A4,-1
FAR2,-1
DSG2,-1
GATA2,1
SLC39A8,-1
SERPINA5,0
RXFP3,-1
IGKV5-2,-1
ZNF813,0
DENND1C,-1
TEKT4,0
NAA25,0
IFIT3,-1
CAV1,-1
ACVR2A,1
POLRMT,-1
KCNH5,-1
KCNH7,-1
LYN,-1
RLN1,-1
UQCRB,-1
CHSY3,-1
ZNF628,-1
CLTC,1
TMED10,-1
ZNF526,-1
CSRP3,-1
UCN,-1
FGFRL1,-1
ZSCAN16,0
MRPS5,-1
SPTLC3,-1
HLA-G,-1
SLC25A44,-1
SLC26A1,-1
TLR7,-1
ZNF721,0
IL10,-1
MGA,-1
SUPT6H,-1
IGF2BP2,1
ZNF677,-1
MSLN,-1
ST6GAL1,0
DPY19L2,-1
GPR65,-1
GSTP1,-1
PCDHB8,-1
RSPH6A,-1
PRKCZ,-1
ZNF567,0
AMOT,-1
NTNG1,-1
MED24,-1
LRCH4,0
RPAP2,-1
UBAC2,0
TSC1,1
FAIM2,-1
HBP1,-1
TRIM10,0
PAK3,-1
EPM2AIP1,-1
BARX2,-1
TAS2R16,-1
OR4X1,0
SYNJ1,-1
OR8I2,-1
PHC3,0
BRF1,-1
TG,-1
VN1R1,-1
MARVELD2,-1
PLEKHG6,-1
SLC19A3,-1
PRLHR,0
DDIT3,1
SIGLEC7,-1
SVIL,-1
FGR,-1
ATG7,-1
OR2T12,-1
ESRRA,-1
OR6M1,-1
PTPRJ,-1
BMPR1A,1
ZNF827,-1
SND1,1
LONRF1,-1
ANXA7,-1
NOTCH1,1
UBE3C,-1
MELK,-1
DOCK7,-1
OTUD7B,-1
FUT1,-1
PGA5,-1
ATP8B4,0
NDUFAF2,-1
P2RY14,-1
PLD2,-1
ZNF85,-1
HAUS8,-1
IRS2,-1
TBC1D7,-1
SETDB1,1
OR1A2,-1
GMNN,-1
ELF1,-1
MAZ,-1
MDN1,-1
CDH16,-1
FN1,-1
TNFSF18,-1
OR1L8,-1
LIPC,-1
SLCO1B7,-1
GCC1,-1
PEX1,-1
PLOD3,-1
HECTD1,-1
CLASP1,-1
SIX6,-1
RREB1,-1
TRPV5,-1
MKI67,-1
PRKCSH,-1
NCOA7,-1
PCBP1,1
USP34,-1
SLC2A5,-1
OR51G1,-1
AWAT2,-1
OR4K1,-1
ID4,-1
HTR3B,-1
DOK1,-1
MTMR3,-1
CCDC8,-1
RYR1,-1
CPXM1,-1
BARHL2,-1
CYP4A11,-1
ACTBL2,-1
ADAM7,-1
UGT1A9,-1
PPCS,-1
ADAM33,-1
CA12,-1
AP3S1,-1
POLB,-1
DDHD1,-1
SMC4,-1
CCM2,0
MRTO4,0
PKD2L1,-1
NKX2-2,-1
B4GALNT2,0
PBRM1,1
FBXL7,-1
SLITRK3,-1
SIPA1L2,-1
OR5L2,-1
CDC25B,-1
SERPINB2,-1
CDK15,-1
ST8SIA1,0
RIMS2,-1
ZNF99,-1
HOXB6,-1
COG8,-1
TRAIP,-1
MTHFD2L,-1
CELSR2,-1
FANCA,1
GJC2,-1
MATR3,-1
FBXO40,-1
VDAC1,-1
DNAJC6,-1
MYH10,-1
USP27X,-1
GLS,-1
GGA2,0
UBE2M,-1
KDM1B,-1
FBXW11,-1
RXRG,-1
CCDC88A,-1
SEC61A1,-1
FAU,-1
CHRNB2,-1
GNAO1,-1
TNIP2,-1
COL6A1,-1
GOLM1,-1
EIF3F,-1
EIF4A3,0
DDI1,-1
POLR3H,0
SKAP1,-1
COL20A1,0
SGPP1,-1
KCNJ1,-1
APOF,-1
ISX,1
CDC34,-1
URI1,-1
ECSIT,0
PCDHGA5,-1
PTTG2,-1
QRSL1,-1
FCGR2A,-1
WDR77,-1
SQSTM1,-1
CELSR3,-1
RAB3IP,0
SNX4,-1
DIRAS2,-1
DCAF17,-1
FAM20B,-1
CAPN7,-1
SEC24D,-1
KCNK13,-1
PRKCG,-1
ALPK2,-1
IGKV1D-43,-1
PRIM1,-1
GREM2,-1
SLC30A2,-1
HMG20A,-1
TP73,-1
HGFAC,-1
INO80,-1
NRXN1,-1
CDC7,0
TACR3,-1
ZNF432,0
ZNF462,-1
ARHGAP10,-1
CPNE1,-1
OR2M5,-1
OR6C74,-1
ATP1B4,0
NAT10,-1
KRT3,-1
NOD1,-1
CHST8,-1
BCAP31,-1
ADAM22,-1
OR2B11,-1
OR8J3,-1
SERINC1,-1
APOC1,-1
POTEF,0
PPP2R5D,-1
MIPEP,-1
CAMK2G,-1
GYS2,-1
EME1,-1
MRPS26,-1
ASXL2,1
ARHGAP39,-1
DDX19B,0
POMT2,-1
WDR5,0
IL17RC,-1
IGSF5,-1
HELT,-1
B3GNT2,-1
RGS12,-1
PTPN5,-1
OR6K2,-1
ZNF615,0
SETD1A,-1
RAPGEF2,-1
PCOLCE2,-1
UFL1,-1
PPIP5K2,0
ZNF250,0
ITGA6,-1
GOLGA4,-1
LDB1,-1
PARP14,-1
LATS1,1
NR3C1,-1
OR7A10,0
JAM2,-1
EFCAB7,-1
BTLA,-1
ZFYVE26,-1
GPR161,-1
TMEM63B,0
SLC17A8,-1
IL5,-1
AQR,-1
LRRK1,-1
NDC80,-1
DAGLB,-1
ATXN7L3,0
OR51A7,-1
CHEK2,1
PTMA,-1
PGC,-1
ACO1,-1
PLG,-1
SDC3,-1
SCN7A,-1
ZNF10,-1
TMBIM6,-1
PTP4A3,-1
GOT1,-1
SRCAP,-1
EIF3E,1
HDAC4,-1
RHO,-1
KCTD13,-1
AGO1,-1
FIP1L1,-1
USP17L2,-1
PPHLN1,-1
DEPDC1,-1
PRDM10,-1
RBPJL,-1
RPUSD4,-1
ZNF431,0
RAD23B,-1
ZBTB5,-1
CACTIN,0
WDR70,-1
ZNF280A,0
ACAN,-1
VPS4A,-1
SH3RF1,0
NEU2,-1
KAT2A,-1
CENPE,-1
VAV3,-1
SLC9A3R2,-1
VAMP3,-1
SUN5,-1
NRCAM,-1
HSF2,-1
ZFP62,-1
DUSP6,-1
DNASE1L2,-1
WASL,-1
LRRN2,-1
HLF,1
ZHX2,-1
DPYSL2,-1
RIPK1,-1
LRRC52,-1
LOXL4,-1
ERGIC3,-1
FRY,-1
CD58,-1
KIRREL2,-1
ZNF383,0
THOC2,-1
SEC23IP,-1
TFAP2B,-1
ALDOB,-1
GNAT1,-1
ZNF578,0
EPN3,-1
NKX2-8,-1
GRIN3A,-1
MAP4K3,-1
OR13D1,-1
GLG1,-1
VANGL2,-1
ZBTB7C,-1
EPHB3,-1
RGS7,1
CATSPERD,-1
SRRM1,-1
PRPF31,-1
ZNF17,0
ENOX2,-1
OSBPL1A,-1
MARCO,-1
PCDHA10,-1
STK39,-1
VCPIP1,0
AZGP1,-1
PDCD6IP,-1
DPF3,-1
SLC5A10,-1
DNAJC24,-1
LTA4H,-1
BMP2K,-1
SKI,1
SPPL2A,-1
NME3,-1
TGM4,-1
NR4A3,1
NTRK1,1
MTA2,-1
ZNF37A,-1
ATP6V1H,0
KRT12,-1
ERCC4,1
OR4A15,-1
FAM20A,-1
IGKV1D-33,-1
RAI1,-1
OR2J3,-1
HERC4,0
KRT20,-1
TRPC1,-1
NGDN,-1
OR5H1,-1
DNAJC8,0
OR5AP2,-1
TASP1,-1
ITGAL,-1
ALDH1L1,-1
GTF2E1,-1
NKX2-5,-1
KMT2E,-1
TRIM47,-1
ULK3,-1
ARHGEF2,-1
ZNF576,0
TRRAP,1
ZNF23,-1
PSMB9,-1
SCD,-1
ANKRD17,-1
ABCC3,-1
HEATR3,-1
OR6K6,-1
IL17A,-1
KCNQ5,-1
TRPM2,-1
PDCD6,-1
EDEM3,-1
NOP9,-1
ZNF157,-1
SH3D19,-1
CBLN2,-1
LYPLA1,-1
GHSR,-1
MTMR9,-1
IKBKE,-1
EDAR,-1
HLA-E,-1
DCUN1D4,-1
ZNF286A,0
SGCZ,-1
OSBPL8,-1
ZDHHC21,-1
PAN3,-1
TEAD2,-1
TNFRSF1A,-1
PLEKHA3,-1
TTF2,-1
TOX4,-1
MINPP1,-1
RPRD1B,-1
MTRF1L,0
ZNF439,0
PKD1,-1
ATF3,-1
ABCA9,-1
CCT6B,-1
TGFB1I1,-1
SLC1A3,-1
KIAA0753,-1
UEVLD,-1
DDX31,-1
HNRNPA3,0
FOXD3,-1
STRIP1,-1
FXR1,-1
XPO5,-1
BMP8B,-1
FMO4,-1
POU2AF1,1
FGD2,-1
POLR2I,-1
LHX6,-1
SLC44A5,0
ZNF583,-1
PRPS1,-1
TRA2B,-1
PRIMPOL,-1
DUS3L,-1
SIRPB1,-1
MYRIP,-1
MGLL,-1
HP,-1
ACSM2A,-1
MTHFR,-1
OSBPL10,-1
TTC28,-1
PIAS3,-1
SNRNP40,-1
PDE6B,-1
PGAM5,-1
ZDHHC14,-1
PLCH2,-1
ZSCAN23,0
CAT,-1
TOM1L2,-1
AQP2,-1
MLLT4,-1
OR2S2,0
EEF1D,-1
CDC45,0
KPNA6,-1
PDE1C,-1
ERCC6,-1
MRGPRX1,-1
LMAN2L,-1
F8,-1
KCTD10,-1
CLEC14A,-1
KCNK10,-1
ARID1B,1
LAMA1,-1
HAPLN1,-1
MTMR6,-1
RASAL2,-1
MRGBP,-1
OR51F2,0
GREM1,-1
HSD17B3,-1
SNRPB2,-1
DMBX1,-1
OR5T2,-1
MADD,-1
ITPKB,-1
SLC36A1,-1
UBQLN1,-1
CYP17A1,-1
PPM1D,1
COL11A1,-1
ZRANB1,-1
CKMT2,-1
REEP5,-1
EPC1,-1
SDHA,1
DZIP1,-1
TAS2R20,-1
USP1,-1
PES1,-1
ELK4,1
NOBOX,-1
PIP4K2B,-1
SORBS1,-1
PTPRD,1
RASGRP1,-1
NCAPH,-1
FABP5,-1
RAB26,-1
RANBP3,-1
JAG2,-1
EIF4G1,-1
CSK,-1
SIK1,-1
PRKG1,-1
GRIN2C,-1
BRSK1,-1
SOX9,1
YY1,-1
AKAP9,-1
BMX,-1
ZNF518B,-1
ZBTB32,-1
CLCA2,-1
PDE4A,-1
F11,-1
DENND1A,-1
MKRN1,-1
ADNP,-1
MRPS28,-1
CCNL1,-1
MAB21L1,-1
SULT1A2,-1
AMOTL1,-1
SPICE1,-1
SSX7,-1
LILRA1,-1
MICU2,-1
AMPD2,-1
CHST1,-1
GPR132,-1
OR10A5,-1
XRN1,-1
TDRD9,-1
USP29,-1
CALCA,-1
BRCA1,1
TMEM214,-1
GFAP,-1
CPE,-1
PTGER1,-1
HCN4,-1
PDE1A,-1
MRPL48,-1
HAVCR2,0
RNF144B,0
ARID5B,-1
RASSF8,-1
DLGAP2,-1
GLB1L,0
OR1J4,-1
ARHGEF40,0
HLA-DQA1,-1
PAPPA,-1
GLUD2,-1
TAS2R13,-1
MAST4,-1
HTR1F,-1
CTNNB1,1
PELI2,-1
MKRN3,-1
DCD,-1
SLAMF7,-1
SMPD2,-1
PTAR1,-1
TNC,1
ZBTB18,-1
ZP1,-1
KRT2,-1
KCNB1,-1
GALNT1,-1
POLG,1
SHPRH,-1
SEC63,-1
ZRSR2,1
YLPM1,0
MMP9,-1
CTPS1,-1
PLA2G4C,-1
CETN2,-1
TRIM34,-1
TRPM6,-1
FHOD1,-1
RPGR,-1
BCL11B,1
NEUROD1,-1
ACTL7A,-1
DTX2,-1
SLC22A25,-1
REEP4,-1
AHSG,-1
SMARCD1,1
OSBPL7,-1
USP51,-1
ASCL2,-1
SNX31,-1
ZFPM2,-1
NFU1,-1
U2AF1L4,-1
PCDHGA6,-1
TMEM59,-1
OR1Q1,-1
CTSS,-1
TNXB,-1
SHANK3,-1
RASEF,-1
MTIF2,-1
GPR37,-1
PPP1R3D,-1
AMZ2,-1
NR0B2,-1
NEO1,-1
HDAC1,-1
MAGEA8,-1
ATG9A,-1
DEAF1,-1
CEL,-1
OR51A2,-1
PHF3,-1
ZBTB1,-1
TET2,1
WDR12,-1
G6PC3,-1
NEURL4,-1
ARRB1,-1
CNGA2,-1
LILRA6,-1
MRGPRE,-1
TUBGCP4,-1
CCDC65,-1
GARNL3,-1
ZNF266,-1
KDR,1
ARID3C,0
MAGEC2,-1
ZNF845,0
ATAD1,-1
SORBS2,-1
ZNF337,0
DLGAP3,0
PRKCE,-1
PTPN22,-1
RAD1,-1
PRX,-1
LRP1,-1
NRBP1,0
DDX60,-1
ATP6V1D,-1
GPR18,-1
KLF10,-1
EPB41L5,-1
GLB1,-1
STAB1,0
SULF2,-1
NFKBIA,-1
EHMT1,-1
CFC1,-1
SRSF3,1
CSDE1,-1
FOXRED1,-1
ABCA8,-1
LIN54,-1
P2RX3,-1
SYS1,-1
MRM1,-1
TNNT1,-1
CCDC88C,-1
ZFP57,-1
STARD10,-1
CDH6,-1
MAP2K7,-1
CDC27,-1
VASH2,-1
LAMTOR3,-1
MUC17,-1
ADCY8,-1
VN1R4,-1
PSMG1,-1
SNX33,-1
SULT4A1,-1
KIFC2,-1
ZNF705A,-1
KCNJ16,-1
LDB2,-1
SLC22A2,-1
PCDHB16,-1
MRPL2,-1
INHBE,-1
TMEM132A,-1
FRMD1,0
DHTKD1,-1
DEPTOR,0
ROR1,-1
PCDH1,-1
DOK7,-1
STK11,1
PRPF38B,0
ZNF683,-1
RNASE3,-1
ARL8A,-1
ATP8A1,0
ADD2,-1
ALDH1B1,-1
LY86,-1
NPFF,0
PIK3R5,-1
NOSTRIN,-1
RBM27,-1
PIK3R1,1
UGGT2,-1
LY9,-1
THOC5,-1
WWOX,-1
PLET1,-1
MYO1G,-1
TBCK,-1
OPCML,-1
EXT1,1
NACAD,0
PPP3CA,-1
PLEKHA7,-1
KCNG4,-1
CENPC,0
SKP2,-1
MTRR,-1
ATP9A,0
ATG4B,-1
CNR1,-1
CALR3,-1
TBX10,-1
ISL1,-1
ITGA8,-1
MYO15A,-1
ALOX5,-1
TNFSF14,-1
TMPRSS9,-1
PHLDB2,-1
U2AF2,-1
IGFBP3,-1
CRHR2,-1
OR2L2,-1
SEMA4A,-1
MSH5,-1
MAD2L1BP,-1
IER2,0
SP7,-1
MAP3K2,-1
ZNF768,-1
PCSK2,-1
SMAD7,-1
SAFB2,-1
TRAF1,-1
PGM2,-1
SYN3,-1
REL,1
PCDH11Y,-1
TEX15,-1
NCR3,-1
PTPN12,-1
SDF2L1,-1
CD19,-1
ASB13,-1
PTPRU,-1
TONSL,0
BAX,1
SPEF2,-1
TOB1,-1
ATP6V1F,0
PXK,-1
PCMT1,-1
ZNF703,-1
RGS14,-1
CDHR4,-1
TSEN2,-1
STXBP4,-1
SEMA3A,-1
GPR151,0
GSC,-1
PTEN,1
TMPRSS11F,0
PHF12,0
STK17B,-1
RPL19,-1
USP16,-1
ANO8,0
ANO9,0
NCK1,0
EEA1,-1
ZFP2,0
ALPK1,-1
ZNF442,0
CLEC4F,-1
CHRNA4,-1
PSD,-1
OR4N2,0
AP4E1,-1
SRRT,-1
UBAP2,-1
OR5AN1,-1
DIS3L,-1
TRPM4,-1
AKAP8L,-1
RALGAPA1,-1
STXBP3,0
DNAJB1,-1
KCNMA1,-1
PAX7,-1
ARL5C,-1
BAZ1B,-1
UBXN2A,0
SH3GL1,1
ZSCAN10,-1
RHOU,-1
GIT1,-1
TNK2,-1
OR4X2,-1
CDH20,-1
SUGT1,-1
RIF1,0
FASLG,-1
FCRL2,0
SUV39H2,-1
PI15,-1
APBB2,-1
TNFRSF10D,-1
ICOSLG,-1
IL12A,-1
RBM17,-1
HMX2,-1
TBR1,-1
CHI3L2,-1
SRRM4,-1
ARNT2,-1
PTP4A1,-1
OR4N5,-1
MUC5B,-1
RYK,-1
YAF2,-1
DACT1,-1
RHBDF1,-1
TNNI2,-1
TMUB1,-1
TSR3,-1
MED17,-1
CRMP1,-1
GNAQ,1
OTUD3,-1
BTBD6,0
ZNF12,-1
ZNF626,0
ZNF777,-1
NR1I2,-1
ADRA1D,-1
OXCT1,-1
IFT140,-1
POFUT2,-1
STARD13,-1
OTUD7A,-1
LATS2,1
CNDP1,-1
ATP6V0D2,-1
YEATS4,-1
TGFBI,-1
BOD1,-1
OR6C75,-1
PLA2R1,-1
IGHD,-1
PGAP1,-1
P4HA2,-1
KATNB1,-1
PITHD1,-1
RAB15,0
ICMT,-1
MDM2,1
SPARC,-1
SLC4A4,-1
CYP11B1,-1
TAPBP,-1
OR2T8,-1
ARL6IP4,-1
RNF19A,0
OR10H2,-1
SRC,1
TBCC,-1
EPX,-1
USP25,-1
CRYBB2,-1
MYH4,-1
PCDHA2,-1
SF3B4,-1
CYP2F1,-1
DNMT3B,-1
PPP1CA,-1
NMUR2,-1
HCRTR2,-1
DMXL1,-1
IRX1,-1
SIRPG,-1
ZNF510,0
RASD2,-1
B2M,1
AK1,-1
CLDN25,-1
UGT2B4,-1
CDK9,-1
UNK,-1
CSPG5,-1
POLR2G,-1
TRIM21,-1
NRP2,-1
CACNA2D4,-1
CDK14,-1
LYVE1,-1
EI24,-1
KCTD18,0
FBLN2,1
CENPF,-1
MRPS31,-1
TNFRSF6B,-1
AGO3,0
KCNA5,-1
SNRPA1,-1
ASF1A,-1
BSN,-1
SOCS5,-1
ABCB4,-1
CEACAM5,-1
SOX5,-1
PPP2R3C,0
PCDHGA12,-1
UBE3D,0
MCF2,-1
HRH4,-1
LAMB4,-1
ATP7A,-1
ZDHHC2,-1
BIN2,-1
ZC3H13,-1
CYP4A22,-1
ZNF248,-1
ADAMTS14,-1
PLTP,-1
ROBO2,1
ZBTB9,0
TRPS1,-1
COL11A2,-1
ATAD3B,-1
SYNCRIP,-1
SRR,-1
MCM3AP,-1
ACTR1B,-1
CRHBP,-1
FBXL17,-1
MUTYH,1
INO80B,-1
NSF,-1
OBSL1,-1
OR6T1,-1
SUCNR1,-1
IL12RB1,-1
LRRC4C,-1
MOCS3,0
DPEP1,-1
ARAP2,-1
GABRA6,-1
GADD45GIP1,-1
UTY,-1
PRDX3,-1
COL1A1,-1
SCARF1,-1
WIF1,1
CDH10,1
DCAF10,0
HSPB2,-1
SETD1B,1
SYT10,-1
SH3KBP1,-1
RAPH1,0
FOXI1,-1
PKD2L2,-1
DNAJC17,-1
ADH1B,-1
MAGEC1,-1
ZPBP,-1
CHRDL2,-1
FBXW10,-1
TLN1,-1
NAT8,-1
GABRA5,-1
CCND1,1
GTPBP2,-1
DNAJB2,-1
ZNF284,0
CLGN,-1
ALAS1,-1
GRB10,-1
ATMIN,-1
RBFOX1,-1
CLEC7A,-1
EML2,-1
POR,-1
SYF2,-1
JMJD1C,-1
ALOXE3,-1
CSGALNACT1,-1
UBE2D3,-1
MYH3,-1
RNGTT,-1
ZNF529,0
C1RL,-1
SLC8A1,-1
RABGAP1,-1
ZNF732,0
SLC25A38,-1
PSMB7,-1
RORA,-1
GRIN1,-1
DNAH3,-1
ELAVL3,-1
SCML1,-1
SLC40A1,-1
MCC,-1
RUFY1,-1
MYCBP2,-1
VSTM1,-1
HORMAD2,0
KDM6B,-1
ZDHHC1,-1
SESN2,0
ANG,-1
ATP11B,-1
GIMAP1,-1
ATP2A3,-1
PCDHA9,-1
AVPR2,-1
UBE2J2,0
DNAH1,-1
OR51E2,-1
TMC3,-1
MISP,-1
OPRM1,-1
RASGRF1,-1
RNF20,-1
MAPK7,-1
TFRC,-1
ZNF107,-1
CFHR4,-1
CBS,-1
IGHV4-59,-1
GRHL1,-1
ITGB3BP,-1
SLC22A3,-1
PTGFR,-1
DISP2,-1
OR2F1,-1
OR51F1,-1
PDGFRB,1
CD44,-1
TAGLN2,-1
RILP,-1
BLOC1S4,-1
WNT7A,-1
IL23A,-1
KRT79,-1
MAOA,-1
PPM1H,-1
DLG2,-1
NFATC1,-1
COG3,-1
PRPH2,-1
RAC3,-1
SYNPO2,0
GRK4,-1
HOXD1,-1
CNOT11,0
SARS2,-1
SYK,1
IDE,-1
TSC2,1
DMTF1,-1
PARP6,-1
NSMAF,-1
C2CD5,-1
ZNF605,0
SLC2A10,-1
MICAL1,-1
EIF3H,-1
GJA1,-1
OR56A4,-1
ASB17,-1
RALBP1,-1
CLPP,-1
STX16,-1
ZNF646,0
MYOD1,1
ASPM,-1
MGAT4A,-1
ALPI,-1
FOSL2,-1
MAGEB1,-1
PRICKLE1,-1
TPT1,-1
KLHL40,-1
PGLS,-1
RPL8,-1
KIFAP3,-1
ZNF221,0
OR4M2,-1
B4GALT6,-1
USP47,-1
FOXK2,-1
CCKAR,-1
RRM1,-1
DPP6,-1
SGCD,-1
CTSH,-1
OR52B4,-1
RPE65,-1
TOPBP1,-1
FKBP11,-1
B3GALNT2,-1
DHRS7,-1
PCGF2,0
APCS,-1
VENTX,-1
HSPH1,-1
ARHGAP22,-1
SLC37A1,-1
OR4K14,-1
CEP57,-1
OR2G6,-1
MFAP2,-1
RHBDD1,-1
SEPHS1,-1
PHLDA1,-1
NLGN4Y,-1
EML4,-1
MAN1A2,-1
XPO4,-1
LDB3,-1
DNMT1,1
GORASP2,0
SCMH1,-1
LRP2,-1
VAX1,-1
NDUFA9,-1
PRKCH,-1
ZNF92,-1
PPIP5K1,-1
EDA,-1
CYP2U1,-1
NPFFR1,0
LCP1,-1
SAMD4A,-1
CASP10,-1
MAP3K7,-1
SLC39A10,0
THBS1,-1
NPLOC4,0
ZDHHC18,0
DDC,-1
SIGIRR,-1
NPC1,-1
OR2T4,-1
OR5AC2,-1
TAOK3,-1
TMEM106C,-1
CDC25C,-1
GALNT14,-1
DPYS,-1
CEP350,-1
LCE2B,-1
POU3F4,-1
AGAP1,-1
HDAC9,-1
ZBTB45,0
MYH9,1
COL9A3,-1
GTF3C4,0
ALAD,-1
COPA,-1
PLK3,-1
ASZ1,-1
KDM6A,1
SMURF1,-1
KCNB2,-1
ZP4,-1
XPO6,-1
SLC25A21,-1
THEM4,0
IRF1,-1
RBM15,-1
DAAM1,-1
DENND4A,-1
MTCH1,-1
LRFN3,-1
TRIM23,-1
UBA2,-1
PSAT1,-1
SLC39A14,-1
GABRA2,-1
KCTD3,-1
LDLR,-1
PTK2,-1
USP31,-1
ZNF568,-1
ETV3,-1
CA14,-1
SMC3,-1
DSC2,-1
TPTE2,-1
MBD5,-1
ACACA,-1
DYRK1A,-1
MRPS7,-1
AHI1,-1
BEST2,-1
TBC1D19,-1
MYPN,-1
RFWD3,1
TBC1D22B,-1
ATL3,-1
NR1H4,-1
ITGAV,1
CAPN9,-1
ZSCAN32,0
TEAD3,-1
TTBK1,0
TNPO2,-1
MPHOSPH10,0
STRIP2,-1
DNAH10,-1
LIPK,-1
APP,-1
CUL4B,-1
ARIH2,-1
TUBA3E,0
INPPL1,-1
RYR3,-1
ARHGEF3,-1
UNC13C,-1
ZMYM3,1
CNGB3,-1
DOCK9,-1
ZNF143,-1
MRPL22,-1
OR7E24,-1
WEE1,-1
DECR1,-1
ARVCF,-1
FKBP4,-1
HRH3,-1
SHANK1,-1
FMO1,-1
DDX53,0
MMP11,-1
CNIH2,-1
CTDSP2,-1
ACTR5,0
HES1,-1
CFTR,-1
KCNE3,-1
KLHL41,-1
GNRH2,-1
TRAPPC5,0
FARSB,0
WSB1,-1
GNA13,-1
OR13C8,-1
DEFA4,-1
HSPB1,-1
ZNF415,0
UNC5D,-1
SOCS6,-1
RBM45,-1
EGR4,-1
ZNF141,-1
CCNE2,-1
OR4C6,-1
MNX1,-1
ZNF180,-1
IGKV1-27,-1
PHF14,-1
TYW1B,-1
RPL7A,-1
HTR7,-1
RBM14,-1
EFTUD2,-1
CNP,-1
SLC16A1,-1
HNRNPK,-1
GATM,-1
ATP2A2,-1
CAMP,-1
CRB1,-1
NTN4,-1
NAA15,-1
NPEPPS,-1
WIZ,0
RNASEL,-1
FPR2,-1
CDC40,-1
LMX1B,-1
TRIM32,-1
SFRP2,-1
GAS2L1,-1
AGA,-1
IDUA,-1
TRPC5,-1
CDKN2A,1
ZNF749,-1
CHST11,1
PI4KB,0
PROX1,-1
POC1A,-1
MC3R,-1
UBXN10,-1
ZNF224,-1
ZNF571,0
MTM1,-1
KIF1B,-1
ZNF740,0
RPL4,-1
ALX3,-1
NOS1AP,-1
ADD1,-1
WNT9B,-1
APBA2,-1
FCER2,-1
RAPGEF5,-1
KCNG3,-1
TMPRSS11D,-1
EPPK1,-1
MED14,-1
SRGAP3,-1
MC4R,-1
GABRR2,-1
NEK9,-1
PCDH11X,-1
DNAJB12,-1
CREBBP,1
GPC4,-1
HP1BP3,-1
NYAP1,-1
PPP2R1A,1
PADI4,-1
CRABP2,-1
TMPRSS6,-1
FUS,1
DNASE2,-1
LCN2,-1
SPPL3,-1
DCHS2,-1
DHCR24,-1
GEMIN4,-1
CPS1,-1
MS4A4A,-1
KAT2B,0
IGLV4-60,-1
IFT88,-1
CALCOCO1,0
LGR6,-1
PARVB,-1
CYC1,-1
TWSG1,-1
GPR31,-1
NFATC3,-1
SCN3A,-1
MAST2,-1
CEP164,-1
GALNT6,-1
NLRP12,-1
DAG1,-1
PPP2R2A,0
PTPRR,-1
TSEN34,-1
NMI,-1
TEX14,-1
ADIPOR1,-1
MRPS24,-1
HAS2,-1
MYD88,1
IL4,-1
GPAA1,-1
SLU7,0
FLNA,1
FRK,-1
TNF,-1
PIK3CA,1
A2M,0
CLEC2B,-1
FGF20,-1
F11R,-1
PRKACA,1
HIP1R,-1
DENND5A,-1
TRA2A,-1
PCDHB12,-1
SF3B2,-1
PRDM2,1
RDH8,-1
HTR1A,-1
APC,1
RIT1,1
S1PR3,-1
OR4A5,-1
PHB2,-1
IGLV3-9,-1
OR10T2,-1
ATG14,-1
ANKZF1,-1
GDF5,-1
CISH,-1
OR4D6,-1
IQGAP2,-1
ARID4A,-1
NBR1,-1
DDX46,-1
LRRTM1,-1
ZNF282,-1
GTF2IRD2B,0
INTS7,-1
KHSRP,-1
PCDH10,-1
LRR1,-1
COIL,-1
IGHV3-30,-1
FBXO33,-1
LIG3,-1
PCDHB7,-1
ZZZ3,-1
E2F1,-1
HNF4A,-1
KERA,-1
TAF1D,-1
CD109,-1
CCNF,-1
EXOSC5,-1
EDC4,-1
SF3B1,1
PF4V1,-1
FLOT1,-1
ADAMTS2,-1
SLC25A45,-1
NR1D2,-1
CPA1,-1
ASIC3,0
ABCB11,-1
DLG1,-1
VAV1,1
NPTXR,0
ZNF14,-1
NUP93,-1
PCDHA8,-1
ALOX12B,-1
PLD1,-1
VPS13A,-1
HSP90AA1,-1
ANO3,-1
SH3PXD2A,0
DLGAP4,-1
ZMYM6,-1
NDRG1,1
SPCS3,0
CEBPZ,-1
COX6B1,-1
BPI,-1
GLUL,-1
EML3,-1
XRCC4,-1
CWC22,0
ATOX1,-1
PLXNC1,0
STARD8,-1
HMGCR,-1
TAS2R30,-1
PIK3CD,-1
CREB3,-1
EIF3D,-1
GFPT2,-1
RUFY3,-1
ACSF2,-1
ORC4,-1
ZNF551,0
SORT1,-1
NID1,-1
CD46,0
RBM8A,-1
NEDD1,-1
PCDHB2,-1
RBM47,0
QTRT1,-1
METTL2A,-1
PSMD13,-1
TICAM1,-1
ZBTB16,1
ZNF484,0
RPS6KC1,-1
CHST12,-1
AP5Z1,-1
MCPH1,-1
SLC29A4,-1
ZFP42,-1
DLG4,-1
RXFP2,-1
ZNF19,-1
FOXN2,0
PTF1A,-1
OR14A16,-1
ATP2B1,-1
METTL21C,-1
TNFRSF21,0
SLC2A14,-1
PXMP4,-1
TIMELESS,-1
SLC30A10,-1
DNASE1L1,-1
TAS2R39,-1
SPTA1,-1
TTC26,-1
FOLR1,-1
ITGB7,-1
GPRC5C,-1
PIP5K1C,-1
PIGQ,-1
EHBP1,-1
TBX1,-1
PCDHB11,-1
TAS1R3,-1
NPM1,1
STAP2,-1
GAS2L3,-1
PRUNE2,-1
SLC44A4,-1
ABCG1,-1
RNF149,0
SEMA6D,-1
ROBO1,-1
GRM5,-1
SLC6A3,-1
MYBPC3,-1
NUDT6,-1
NUMB,-1
HMBS,-1
CLDN20,-1
MCCC2,-1
NFIB,-1
PASD1,-1
MAP1LC3A,0
BRWD1,-1
ADRA2C,-1
ASPSCR1,-1
C1R,-1
WBP2,-1
FYCO1,-1
RFTN1,-1
BCL9,1
DNM2,1
PAPPA2,0
KCNS1,-1
PCDH8,-1
RBPMS,-1
CACNA1D,1
CA4,-1
CYP2A6,-1
RAB19,-1
MRAP2,-1
RRAGA,-1
GSTA5,-1
NIF3L1,-1
TAAR2,-1
CXCL16,-1
GSTK1,-1
MCMBP,-1
IGHV3-66,-1
EXOC6B,-1
HSPA9,-1
RNF130,0
SLC7A10,-1
RNF169,-1
MED15,-1
AFF4,1
ERBB3,1
TNKS1BP1,-1
RPL35A,-1
DUOXA1,-1
FCRL5,0
ZNF395,-1
MMP27,-1
KCMF1,-1
P2RY6,-1
GABRG2,-1
EXOSC3,-1
POC5,-1
SPINK5,-1
SQLE,-1
ZFP37,-1
EPS15L1,-1
IDO2,-1
MECOM,1
AP2A1,-1
MCM3,-1
SLC7A8,-1
LILRA4,-1
SUCLG1,-1
SGPL1,-1
ACOT12,-1
ANGPT1,-1
CWH43,-1
MIA3,-1
CHGA,-1
ENTPD1,-1
ASAP3,-1
TRPC3,-1
SLC34A3,-1
VPS35,-1
UBR2,-1
SH2B1,-1
SNTB2,-1
TFAP4,-1
GAB3,-1
NCOR1,1
TAF15,1
CDKN1B,1
ELMO3,-1
SLC9A9,-1
DUSP1,-1
CRAT,-1
CASP4,-1
BOP1,-1
CDH12,-1
CRY1,-1
PCMTD1,0
BICD2,-1
CAPNS1,-1
TAS2R60,-1
COLEC12,-1
PDGFB,1
NR1H2,-1
SASH1,-1
MAD2L1,-1
KLHL18,-1
PTH1R,0
SH3BP1,-1
TBC1D20,-1
BRCC3,-1
DNM1,-1
ZP3,-1
FGFR3,1
DBT,-1
SLC12A1,-1
CDH7,-1
EIF5B,0
SLC6A11,-1
NUP88,-1
WFS1,-1
MCM4,-1
TBC1D17,-1
KAT6B,1
SIGLEC9,-1
SLC17A1,-1
ZNF808,0
ATRIP,-1
ARFIP1,0
RAB7A,0
AMBRA1,-1
PMM1,-1
WDR26,-1
XIRP2,-1
LGI3,-1
PNN,-1
RIN1,0
ANKRD1,-1
ZNF318,-1
ISG20L2,-1
NODAL,-1
GEMIN5,-1
TACC2,-1
ITGA9,-1
CPEB3,1
SHB,-1
DGKA,-1
RPL13,-1
FOXD4L5,-1
TSG101,-1
TET1,1
MYOT,-1
EVI2B,-1
KIF7,-1
SLITRK1,-1
IGHE,-1
SLC36A2,-1
GUSB,-1
KDELR2,0
DEFA3,0
GLP2R,-1
SENP6,-1
CORO2B,-1
OSBPL6,-1
MTMR4,-1
PLEKHG5,-1
SIGLEC5,-1
GSK3B,-1
LRAT,-1
LARP4,-1
ATXN1,-1
CDC6,-1
DDX47,-1
JADE3,0
KCNJ4,-1
CDKN3,-1
SERPINB6,-1
SLC17A3,-1
CHSY1,-1
OR4N4,-1
FNBP1L,-1
F2RL3,-1
AP2A2,-1
TRIM5,-1
CD93,0
IGLV3-27,-1
RECQL5,-1
ALG6,-1
ADAD1,-1
ZNF467,-1
ABCA1,-1
OR51I2,-1
UCP2,-1
RBM12B,-1
ROCK2,-1
KLHL13,-1
PLEKHG1,-1
TOMM34,-1
ZNF267,-1
OR6A2,-1
ANKFY1,-1
DMTN,0
FCGR3B,-1
DPYSL5,-1
RAB2B,-1
HIPK2,-1
LPXN,-1
RAB40A,-1
GSTM5,-1
ORM2,-1
EVI5L,-1
NUDCD3,-1
GPR12,-1
CMTM2,-1
TRPC4,-1
RDH16,-1
ARHGAP21,-1
RSL24D1,-1
SLC5A4,0
RRP1B,-1
CST5,-1
CPNE5,-1
PSMB10,0
CPZ,-1
ZNF326,-1
CNKSR2,-1
FOXB1,0
METTL6,-1
MARK4,-1
BMF,-1
ATRX,1
RPS6KB1,-1
YES1,-1
SP1,-1
ZNF547,0
TUBA1A,-1
KDM3B,-1
PREB,-1
TTC7A,-1
SLC22A12,-1
GGNBP2,-1
IRF4,1
BTN3A1,-1
PPP1R8,-1
KCND2,-1
ARHGAP32,-1
SIX5,-1
SNW1,0
MYOG,-1
DDRGK1,-1
HNRNPF,0
APC2,-1
MUC1,-1
TBC1D2B,-1
GLYR1,-1
CFB,-1
HNRNPH1,0
IGKV3-15,-1
SNTG2,-1
NPC1L1,-1
ABCA7,-1
USH1C,-1
SEMA3G,-1
FKBP15,-1
CXADR,-1
TOMM22,-1
TNP1,-1
RGMB,-1
PDSS2,-1
USP26,-1
SNX20,-1
ING1,-1
EMC7,0
HBG2,-1
ANKRD28,-1
NR5A2,-1
ZIK1,0
GPIHBP1,-1
C1QC,-1
MCTP1,-1
PSMF1,-1
KMT2B,-1
LYZL6,-1
SYNRG,0
OSBPL5,-1
CFI,-1
UBQLN4,-1
LPIN1,-1
CLEC9A,-1
FAS,1
DDX39B,-1
RNF113A,-1
IQGAP1,-1
GPR15,-1
OCA2,-1
ADCY5,-1
ASIC2,0
CDIPT,0
PI4K2A,-1
DCAF5,-1
IPO8,-1
CLCN6,-1
SREBF2,-1
MTFR2,-1
NKX3-2,-1
EPC2,-1
KCNA4,-1
ZBTB7B,-1
FAM9A,-1
GLDC,-1
TNRC6A,-1
CYTH1,-1
GNAZ,-1
IL18,-1
LIMA1,-1
GAN,-1
KRT10,-1
RAB27B,-1
ELAC2,-1
SFXN1,-1
HPSE,-1
AMACR,-1
DOCK11,-1
CREB3L4,-1
IFT122,-1
NDUFAF5,-1
IL10RB,0
KRT81,-1
CIDEB,-1
TRIP13,-1
PRAM1,-1
VANGL1,-1
KL,-1
STAC2,-1
HIRA,-1
PLEKHG2,-1
C5,-1
MRPL10,-1
SCEL,-1
ARHGAP44,-1
ABCC2,-1
UBLCP1,-1
FCHO2,-1
EPS8L1,-1
AGPAT3,-1
SLC25A39,-1
WASF1,-1
VSIG4,0
MSRB1,-1
PCDH19,-1
AVPR1A,-1
SLC5A9,-1
RPL18,-1
MYBL2,-1
NFE2L3,-1
GABPB2,0
YWHAE,1
PLAA,-1
REEP2,-1
KBTBD6,-1
IGKV2-30,-1
OR4C16,-1
ZNF83,-1
BMP4,-1
GABRA1,-1
MYLIP,-1
KLRC3,-1
SLC3A2,-1
CRNKL1,1
IFNAR1,-1
EIF2AK4,-1
ERCC3,1
CYTH2,-1
STX2,-1
GLI4,-1
NDUFB3,-1
KIF20B,0
REG1B,0
PRDM9,-1
INSR,-1
PUM1,-1
FKBP6,-1
LCT,-1
TCF15,-1
FMNL3,-1
MRPS30,-1
PSG2,-1
OR51L1,-1
PHC2,-1
ADCY4,-1
TMC4,-1
ZNF790,0
P2RX2,-1
KIAA1522,-1
TNIK,-1
PSEN1,-1
TUBA3D,-1
ABAT,-1
DLL3,-1
LIF,-1
TAS1R2,-1
HRG,-1
PTCH1,1
MTMR7,-1
NECAB1,0
LOXL2,-1
EPHB2,-1
SLC25A10,-1
TRIM24,1
GCLM,-1
SLC6A5,-1
OR13C3,-1
FCGRT,-1
NFX1,-1
PACSIN1,-1
GAS2L2,-1
SCARB2,-1
THAP10,-1
BRIX1,0
CELF4,-1
ELF3,1
SP6,0
RB1,1
PAG1,-1
PDILT,0
RAB33A,-1
PPIL1,-1
RAB30,-1
JUNB,-1
HOXB5,-1
MGAT5,-1
MYSM1,-1
NHP2,0
EFEMP2,-1
DHRS3,-1
COLGALT1,-1
BLOC1S1,0
NPB,-1
RPS6KA4,-1
GBP7,-1
TH,-1
LSS,-1
OR1K1,-1
PDX1,-1
PLA2G2F,-1
MAPK8IP3,-1
FMNL1,0
TRIM67,-1
PLCL1,-1
SERPINB4,-1
FLRT3,-1
MYH7B,-1
TEX101,-1
TACR1,-1
NECAP1,-1
TLE6,-1
LMNB2,-1
MXD3,-1
ACBD5,-1
GAL3ST3,-1
PRSS3,-1
MRPL21,-1
ACSM2B,-1
UNC5B,-1
VPS16,-1
GMIP,-1
FANCD2,1
CLDN17,-1
IL34,-1
AKR1C1,-1
ABCA12,-1
RD3,-1
NFATC2,1
NANOS3,-1
KNSTRN,1
EEF1A1,-1
AKR1D1,-1
AGTPBP1,-1
PRPS1L1,-1
COL14A1,-1
OR13G1,-1
METTL17,-1
RGPD3,1
LSM1,-1
FBLN1,-1
BPIFB3,0
PALMD,-1
PDGFD,-1
PDK1,-1
SP9,-1
SCN9A,-1
TRPV3,-1
CLTB,-1
KRT38,-1
PRMT1,-1
BCL11A,1
ETF1,-1
EIF4G2,-1
CD209,1
ZNF3,-1
NELFB,0
AFTPH,0
CYB5R3,-1
UACA,-1
SGPP2,-1
KRT77,-1
KRT5,-1
ELF2,0
RPTN,-1
ATP1A1,1
DDX18,-1
TRAPPC6B,-1
CDCA2,0
MYO16,-1
CHST14,-1
ZNF619,-1
OSGIN1,-1
PDIA3,0
KRT28,-1
ATP2A1,-1
DOCK10,-1
GTPBP4,0
CC2D1A,-1
OR10A3,-1
NCALD,-1
SLC24A4,-1
OR4K13,-1
DONSON,-1
URB2,-1
CHMP1B,-1
OS9,-1
IRAK3,-1
LRIG1,-1
SPIRE1,0
ABL2,1
BHLHE41,-1
OR10A7,-1
FZR1,0
EEF1E1,-1
EXO1,-1
EHD4,-1
NPHP4,-1
SLC44A2,-1
GNB2,-1
IMPG1,-1
MAEL,-1
CKAP5,-1
PIGR,-1
ZBTB2,-1
FOXL1,-1
COL13A1,-1
TUFT1,-1
ANK1,1
GZMK,-1
LEMD2,-1
RGS9BP,-1
ZFP90,-1
MYO7A,-1
ZNF629,0
LGI2,-1
SLC9A2,-1
RAB8B,-1
SORCS3,-1
FANCB,-1
SSNA1,-1
MLLT10,1
ZDHHC5,-1
SLC4A8,-1
RBBP8,-1
SHMT1,-1
NFYA,-1
ZNF746,-1
ADCY3,-1
SMCHD1,-1
SNIP1,-1
SSRP1,-1
MPDZ,-1
NNT,-1
AKR7A2,-1
PMEPA1,-1
CENPI,0
RASD1,-1
METTL22,-1
ZNF273,-1
LRP6,-1
TOP2B,-1
SEC24A,-1
TSPAN7,-1
COL2A1,1
DHX29,-1
PRIM2,0
FOXL2,1
NACA,-1
COL8A2,-1
NFASC,-1
DNAAF3,-1
KCNJ8,-1
NUP155,-1
PPFIA1,-1
DBX2,0
CELF3,-1
GALR2,-1
BRIP1,1
PHIP,-1
CEACAM1,-1
CDC37L1,-1
PCDHA6,-1
PML,1
MRPL3,-1
CD83,-1
GALNT15,-1
ZNF540,-1
AP2B1,-1
LARP1B,-1
TGFBR1,-1
VPS13D,-1
PLD3,-1
UCP1,-1
LPL,-1
OR2T3,-1
CDH22,-1
GUK1,-1
NMUR1,-1
IPO5,-1
IGLL5,-1
KRT17,-1
PFAS,-1
NEMF,-1
SSTR5,-1
FHL3,-1
ORC1,-1
NRG3,-1
CBX8,-1
ARFGAP1,-1
MLC1,-1
CCNB3,-1
RBM3,-1
POGK,0
ZNF594,0
SEMA3C,-1
GDAP1,-1
LNPEP,-1
NCOA5,-1
NRAP,-1
ANKRD9,-1
EPGN,0
OR11H12,-1
HOXD4,-1
KRTAP6-1,0
SMC5,0
OR51M1,-1
NONO,-1
ZNF300,-1
SCRT1,-1
CCK,-1
LONP1,-1
EBF2,-1
HEATR5B,-1
PAWR,-1
PEX13,-1
OR2A25,-1
WHAMM,-1
UCN2,-1
LRG1,-1
ERF,-1
STEAP3,-1
ANKRD27,0
ACTR10,0
PHKA1,-1
ATP10A,-1
ACAD11,-1
UCKL1,-1
YTHDC1,-1
PLEKHA1,-1
PLEC,-1
ALKBH3,-1
OR6B3,-1
EDNRA,-1
JMJD6,-1
IMPG2,-1
TEK,-1
MAP4K4,-1
PLAT,-1
DCST1,-1
KDM5C,1
RMI1,-1
NELFCD,0
MEOX2,-1
ACAP1,-1
MEP1B,-1
BLK,-1
GATA3,1
SMARCB1,1
SH3BP2,-1
PRPF8,-1
TNFRSF10A,-1
SDC4,-1
FARP1,-1
ZNF770,-1
MCHR1,-1
TSPYL2,-1
PLEKHG4,-1
SLC15A4,-1
PTPN11,1
ADAM8,-1
TBC1D5,-1
DKC1,-1
FLRT2,-1
MOS,-1
EIF5A,-1
GABRR3,-1
OR51S1,-1
MRPL28,-1
FOXS1,-1
DUSP14,-1
KPNA1,-1
SYT4,-1
ZNF69,-1
KIF24,-1
CDH11,1
UGT2A3,-1
GTF3C3,-1
PABPC3,0
CEPT1,-1
RPRM,-1
LTBP4,-1
CASR,-1
NPY2R,-1
ESPN,-1
LTB4R,-1
DNAH6,-1
CTTN,-1
PARD6B,-1
KAZN,-1
CAPN8,0
PTGES2,-1
LILRA3,-1
TFAP2C,-1
PLA2G4D,-1
RNF43,1
SMC1A,1
NRK,-1
ZNF765,-1
SPOCD1,-1
TTLL1,-1
DYNC1LI1,-1
ITK,-1
CEACAM7,0
SULT1C3,-1
PLIN2,-1
IL4I1,-1
LPCAT1,-1
TLR8,-1
XCL1,-1
SCN2A,-1
MAGEL2,-1
TANC1,-1
ZNF544,0
GPR26,-1
CHAMP1,-1
ATP6V1E1,-1
MMP1,-1
NCR2,-1
KATNA1,-1
ABLIM1,0
SLC25A17,-1
NFE2L2,1
KCNN2,-1
FOLR2,-1
WSB2,-1
DCAF6,-1
RECK,-1
TMPRSS11E,-1
NRP1,-1
UTRN,-1
ZNF76,-1
LILRA2,-1
SMARCE1,1
CEP192,-1
TRIM59,-1
SUFU,1
PCDHGA11,-1
LRRC4B,0
ZC3H12D,-1
ZBP1,-1
MBD1,-1
SLC16A5,-1
ZFP14,0
TAGAP,-1
CSE1L,-1
SYDE2,0
ZNF565,-1
SLC2A6,-1
KCNS3,-1
TCERG1,-1
OR2AK2,-1
USP43,-1
DHX30,-1
BOC,-1
GMFG,-1
CDH5,-1
OR1M1,-1
COL6A2,-1
NAALADL1,-1
PLCE1,-1
BNIP3L,-1
UGT2B17,-1
GNG4,-1
SLC26A9,-1
PTPN14,-1
MYO9B,-1
COG1,-1
HTR6,-1
DYRK2,-1
AMPD1,-1
KLK10,-1
CHRNA2,-1
P4HA3,-1
PSAP,-1
GAK,-1
PKMYT1,-1
RP1,-1
PHEX,-1
PPAN,-1
NDUFA2,-1
WDR46,-1
IGHG1,-1
CATSPER1,-1
INTS1,-1
PFKFB1,-1
EXOC8,-1
DAB2,-1
HKDC1,-1
RFX7,-1
MAGI3,-1
TOP3B,-1
SART1,-1
KDM4C,-1
TLL1,-1
MSL2,-1
PLEKHG3,-1
SETX,-1
TP53BP2,-1
PPP1R3F,0
HTR1D,-1
ZBTB40,-1
TMC8,-1
ZNF483,-1
GNAL,-1
SOX1,-1
ADAD2,-1
KLHL11,0
SCARA5,-1
CDS1,-1
ZNRF4,-1
WDR45B,-1
MAPK8IP1,-1
SLC25A24,-1
GALNT13,-1
CYP2C18,-1
OR5J2,-1
OCLN,-1
MARK1,-1
KIF1C,-1
ZNF800,0
NUP37,-1
INTU,-1
SERPINA3,-1
IFT43,-1
ANPEP,-1
INTS12,-1
ZFYVE28,-1
ATP6V0A4,-1
WDR74,-1
TIMP1,-1
SNX17,-1
ZNF595,-1
HOXD9,-1
SLC22A11,-1
ANGPTL4,-1
TBC1D21,-1
MTAP,-1
GRM3,1
KCNH3,-1
MUC16,-1
ADI1,-1
GRK7,-1
TXK,-1
PLEKHG4B,-1
INSIG1,-1
IGHV5-51,-1
GRIK3,-1
SMARCD2,-1
SEC11C,0
KRT37,-1
THADA,-1
GP2,-1
GALNT10,-1
PHF2,-1
OR2AG2,-1
PDK3,-1
TUBAL3,0
OR6C65,-1
ORC3,-1
STMN2,-1
HNF1A,1
FOXD2,-1
ICA1,-1
MCM6,-1
PIH1D1,-1
DVL3,-1
RGPD8,-1
IL24,-1
NDST1,-1
IGHV3-7,-1
SDE2,-1
IVL,-1
RAI14,-1
MACC1,1
MGAT4C,0
ZNF516,-1
ZNF691,0
EPN1,-1
COL25A1,-1
TRIM37,-1
QRFPR,-1
EIF4G3,-1
BORA,-1
PCDHB14,-1
DLG5,-1
RUVBL2,-1
TNIP3,-1
PCDHA1,-1
MED30,-1
SYMPK,0
CTHRC1,-1
TRIM71,0
DDX21,-1
ODF3,-1
SCAND1,-1
ARHGEF1,-1
PLD4,-1
PPP1R3C,-1
IPMK,-1
SLC25A11,-1
OR5P3,-1
KCNH2,-1
NETO1,-1
GRM8,-1
SGIP1,-1
TRIM6,-1
OLIG3,-1
GNPTAB,-1
MAF1,-1
PTBP2,-1
RAB32,-1
AGR2,-1
NPAS2,-1
NR2F2,-1
SIGLEC11,-1
STK33,-1
CUL5,-1
BHLHE40,-1
GRAMD4,-1
OR51G2,-1
IDO1,-1
ZNF556,0
HMMR,-1
PPP2R5C,-1
CYP7B1,-1
AP3M1,-1
GFM2,0
LRFN1,-1
NCBP1,-1
ESCO2,-1
CUL2,-1
ALG3,-1
RPL18A,-1
SOS1,-1
PPP1R9B,-1
SETD5,-1
EIF2AK2,0
CDK18,-1
REV1,0
ZNF592,-1
MYH14,-1
OR2H1,-1
WNT7B,-1
SMYD3,-1
KCNJ3,-1
ESPNL,-1
ZNF653,-1
IL13RA1,-1
ESRRG,-1
SLC29A2,-1
RBPJ,-1
ELL2,-1
NLRP7,-1
OXGR1,-1
GJB2,-1
EMILIN1,-1
FOSB,-1
ARID3A,0
RBP5,-1
DDX56,-1
POLR2A,-1
RBM22,-1
VPS8,-1
DOK3,-1
OR2T35,-1
SKAP2,-1
TSNAX,-1
MCM2,-1
DIS3,-1
PBX1,1
BCAR3,-1
CNTRL,-1
OR10G3,-1
EWSR1,1
RHOBTB1,-1
MYO7B,-1
NAP1L2,-1
INSM1,-1
FCAMR,-1
KNTC1,-1
TCF20,-1
FOXR1,1
SUPT20H,0
OTOF,-1
TNFRSF10C,-1
SYVN1,-1
KRT82,-1
SEMA4F,0
ZNF446,0
FLT1,-1
CYP4F3,-1
MAP2K3,-1
ARID2,1
TIPARP,-1
COL9A1,-1
MON1B,-1
ARHGEF17,-1
RHBDD2,-1
SH3GLB1,0
UBE3A,-1
EPB41L3,-1
CHRM2,-1
R3HDM1,-1
AIRE,-1
ZNF589,-1
PATZ1,1
LRIG2,-1
PANK2,-1
RAD50,-1
PKP3,-1
PRSS8,-1
WDR7,-1
SCYL3,-1
CRBN,-1
MRPS25,-1
VSX2,0
CPT1A,-1
VPS33B,-1
MFN2,-1
PRRX1,-1
HAPLN2,0
CR2,-1
RDH12,-1
OR6K3,-1
SNX27,-1
FBXW8,-1
KDM2B,-1
LAX1,0
CSNK1A1L,0
LETM1,-1
PCDHB15,-1
SLC30A6,-1
ATP1B3,-1
ARR3,-1
ECHS1,-1
OR9I1,-1
TNFRSF11B,-1
CMKLR1,-1
NMS,-1
CD55,-1
RGS5,-1
RAB3C,-1
THUMPD3,-1
ZNF189,-1
ITGAD,-1
CPD,-1
EDN2,-1
GIGYF2,-1
CYP3A5,-1
PPM1E,0
FGD4,-1
RNMT,-1
UNC13A,-1
PAQR5,-1
HSPA1L,-1
L3MBTL4,-1
CCT3,-1
OR5K4,-1
DNAH5,-1
EXOC3L2,-1
KIF18B,-1
KCNU1,-1
KCNG2,0
EHD2,-1
PLCB1,-1
GJA8,-1
SYNE2,-1
IRF6,-1
HPS6,-1
PLXNB3,-1
FGF12,-1
HSP90B1,-1
PNPLA1,-1
SSTR3,-1
WDR20,-1
SULT1C4,-1
ITGAX,-1
ZNF573,0
PDE4DIP,-1
GPR35,-1
PPP2R5B,-1
IGSF1,-1
ENOX1,-1
S1PR5,-1
SPTBN1,-1
NVL,-1
AQP1,-1
COL27A1,-1
STMN3,-1
INPP5D,-1
OR5H15,-1
CASK,-1
CLDN16,-1
NPHS1,-1
KCNA3,-1
PDLIM7,-1
IER3,-1
TDRD6,-1
ACVR1,1
CBLB,1
PYHIN1,-1
PODXL2,-1
APOBEC3A,-1
PAXIP1,-1
FAM13B,-1
TRIO,-1
ZNF268,-1
ZMAT5,0
PCDHGA3,-1
RFPL4A,-1
ZW10,-1
PRDM6,-1
TUSC3,-1
MDC1,-1
GRPR,-1
PCDHB13,-1
TAB1,-1
UBR5,1
SYNE1,-1
RIMS1,-1
FBXO10,-1
IDH3G,-1
KCNAB2,-1
DGKG,-1
ANXA4,-1
HAP1,-1
MX2,-1
PDHB,-1
INCENP,-1
CRP,-1
CLASP2,-1
HOXA6,-1
PTPN13,1
TLL2,-1
SGK3,-1
DLC1,-1
MAP1S,-1
BEST3,-1
POLR1A,-1
PRKAA1,-1
FEZF2,-1
RPS13,-1
SERPINA12,-1
EPHA5,-1
ZNF347,-1
MRAS,-1
EPHA6,-1
NDUFA7,-1
LTK,-1
SURF4,-1
SLC9A1,-1
PADI1,-1
PRICKLE2,-1
ATP10D,-1
RBBP5,-1
UGT1A3,-1
ZFP28,-1
TTLL9,-1
RANBP2,1
DAAM2,-1
PIP5K1B,-1
HNRNPA2B1,1
HDAC7,-1
TAS2R38,-1
CTH,-1
PQBP1,-1
HECW2,-1
PHKA2,-1
BNIP3,-1
ELF4,1
OR2T33,-1
FGF6,-1
MT1E,-1
ARHGAP24,-1
OR4D2,-1
ARHGAP23,-1
TIAM1,-1
A1CF,1
PARVA,-1
NFYB,-1
PMPCB,-1
OR51B4,-1
OTUB1,-1
PSIP1,1
EGFR,1
OR52E4,-1
SIN3A,-1
ZNF480,-1
SEC16B,-1
GRIN3B,-1
IGHV3-73,-1
MMP20,-1
KAT5,-1
TGS1,-1
NCOA2,1
USP45,-1
KCNH1,-1
PLA2G3,-1
CLEC16A,-1
XPNPEP2,-1
EFEMP1,-1
SPIRE2,0
PGR,-1
PSMD14,-1
ZBTB49,-1
C2CD3,-1
MYO6,-1
ZNF74,-1
ZNF302,0
PIWIL4,-1
RNF168,-1
MYOF,-1
GALNT4,-1
DAZAP1,-1
ADIPOQ,-1
CCDC14,-1
AHNAK2,-1
FGFBP1,-1
CEP76,-1
IGHV6-1,-1
TRAK2,-1
PARPBP,0
HECTD2,-1
ARSG,-1
ADAMTS4,-1
RPS6KA3,-1
CNOT8,-1
UNC13D,-1
ZSCAN12,-1
RAB34,-1
CD1B,-1
USP6,1
VAX2,-1
OR9A2,-1
CFH,-1
EZH2,1
PRKG2,-1
AKAP10,-1
DKK2,-1
KLK3,-1
ULK4,-1
SNAPC4,-1
DEDD2,-1
HEYL,-1
PSMD8,-1
ABCC1,-1
NDUFAF1,-1
CHM,-1
AP1S2,-1
RALY,0
OR4F15,-1
HTRA2,-1
MSN,-1
CHRNA1,-1
ZSCAN1,0
NKTR,-1
TMEM115,-1
LZTFL1,-1
NR4A2,-1
LRRC55,-1
ZNF398,0
SCP2,-1
UBE2J1,-1
MERTK,-1
WDR24,-1
LRBA,-1
CSNK1G2,-1
PCDHGC3,-1
ARHGEF11,0
ZBTB42,-1
FOXJ3,-1
MYOZ2,-1
HNRNPAB,0
MAGEB4,-1
RRP9,0
USP37,0
HSPA4,-1
ACR,-1
DBR1,-1
KIF3A,-1
CHD5,-1
ELANE,-1
ZNF417,0
CBFA2T2,-1
SMYD1,-1
PFDN5,-1
FAM98A,-1
ZBTB8OS,-1
KCNMB3,-1
TAF4B,-1
SLC9A3,-1
USP32,-1
HDAC5,-1
CD7,-1
OVOL1,-1
IGLV1-44,-1
MAGEA12,-1
DLGAP5,-1
MLLT3,-1
RTTN,-1
KRT25,-1
OR5W2,-1
RIN3,-1
ASB7,-1
CRYAA,-1
YIPF3,-1
AP1G2,-1
C1GALT1,-1
UGT2A2,-1
KLK2,-1
PTPRC,1
OR14I1,-1
CHRNA7,-1
GBP4,-1
PDIA6,-1
LOXL3,-1
TBCD,-1
GTF2I,-1
PCDH17,-1
OR8B8,-1
RNF114,-1
CHMP2A,-1
GPC3,1
CCPG1,-1
POLG2,-1
SYCP3,-1
WNT10B,-1
FUBP1,1
EXOC6,-1
ZMYM2,-1
IGHV3-20,-1
OR3A1,0
DACH1,-1
CHPT1,-1
IMPDH1,-1
CD81,-1
CAPZA1,-1
UNC13B,0
SCNN1B,-1
KCNA6,-1
RGS13,0
CD151,-1
CPOX,-1
XPO1,1
RBM39,-1
SP3,-1
TAF9B,-1
SIPA1L1,-1
FLYWCH1,-1
IGSF8,-1
ZNF766,0
MORF4L2,0
NEUROD4,-1
CD36,-1
TP63,1
RCC1,0
CNTN1,-1
MUSK,-1
CHPF2,-1
TRIM58,-1
TFAP2D,-1
PPRC1,-1
NDST2,-1
IRF2,-1
IFNA13,-1
USP6NL,-1
GNAT3,-1
LMCD1,-1
TRIM55,-1
ZNF506,0
SCOC,0
RIPK2,-1
KLF11,-1
ABCB8,-1
SNX2,-1
ATOH1,-1
RHAG,-1
HSPA1B,-1
LHB,-1
WDR62,-1
WDR33,-1
LCAT,-1
NISCH,-1
PSMC5,-1
ZFP36L1,-1
ARHGEF7,-1
ZDHHC23,-1
CLEC4G,-1
SNX30,0
BACH1,-1
TMED1,-1
SLC25A23,0
ZNF585A,0
RHOH,1
INS,-1
OR8G1,-1
SCAMP1,-1
SIPA1,-1
STMN1,-1
RNF10,-1
COMMD9,-1
TCEA1,-1
SDF2,-1
LRFN4,-1
SLC5A5,-1
SLC13A2,-1
AMHR2,-1
PNLIP,-1
GEM,-1
ITIH2,-1
MRPS9,-1
PIK3R4,-1
AGRP,-1
GSN,-1
NTRK2,-1
FAP,-1
UBA7,0
MYO9A,-1
NPTX2,-1
OR11H6,-1
LIG1,-1
SLC10A7,0
ZBTB43,0
ASB3,-1
TRPM8,-1
SLC7A11,-1
HNRNPUL2,0
PTGIR,-1
GLI1,1
COX20,-1
OR2M7,-1
ELK3,-1
ATP8B2,-1
RNF112,-1
LRRC8D,-1
VCAN,-1
KIAA0586,-1
NFXL1,0
PRDX6,-1
MAB21L2,-1
KCNK3,-1
CIR1,-1
FGD5,-1
KCNA1,-1
RAPGEF1,-1
USP24,-1
IGHV1-2,-1
NUDT10,-1
TSEN54,-1
FES,1
TSHZ1,-1
RGS6,-1
TNFSF13B,-1
ZP2,-1
NELL1,-1
CCAR1,-1
TIMM10B,0
GRK6,-1
IGHV1-18,-1
TEX10,-1
ARTN,-1
MYO1A,-1
SGTB,-1
HARS2,-1
IL1RL2,-1
CLSPN,0
ZMIZ1,-1
DOCK6,-1
POP4,0
DNAJB6,-1
SLC39A7,-1
HCFC1,-1
KIT,1
RGL1,-1
LAMC2,-1
SYNGAP1,-1
SCN10A,-1
ARFIP2,-1
LILRB1,-1
ZNF253,-1
IL27RA,0
ZNF20,-1
ZC3H8,0
LRWD1,-1
PLXNA4,-1
INTS5,-1
EIF4E1B,0
UVSSA,-1
ZKSCAN1,0
ANKLE2,-1
IL6ST,1
LEO1,-1
HELQ,-1
OR5M11,-1
PDHX,-1
SLC1A7,-1
COL23A1,-1
EPHB1,-1
MFSD8,-1
GLIS3,-1
BSG,-1
TRAM1,0
OR11A1,-1
CETP,-1
LEFTY1,0
CDH18,-1
EPHA10,-1
CDH1,1
EXOSC10,-1
VPS51,-1
BNC1,-1
NRG1,1
AKAP11,-1
GRK1,-1
TGIF2LX,-1
ZNF384,-1
MAPKAP1,-1
LCE1B,-1
ATF7IP2,-1
FLG,-1
ARPC1B,-1
PWWP2A,-1
RCOR1,0
OR2W1,-1
CLDN5,-1
SERPING1,-1
MIB1,-1
SLC30A5,-1
BID,-1
SCN11A,-1
IGFBP4,-1
DDB2,1
ARX,-1
RXRA,-1
PPP1R11,-1
ZNF697,-1
ZSCAN18,0
OTUD4,-1
ADORA2A,-1
CAPN11,-1
NEK6,-1
SEC16A,-1
OR4D10,-1
ZNF787,0
OR5V1,-1
RPL3,-1
LY96,-1
NOL12,0
GRWD1,-1
ESYT3,-1
PICK1,-1
NFE2,-1
WDR36,-1
KIF2B,-1
MRPL47,-1
IRF2BP1,-1
MFF,-1
SLK,-1
MSTN,0
PIKFYVE,-1
TMOD3,-1
GART,-1
TIE1,0
CLC,-1
PLP1,-1
HSPA1A,-1
DPP9,0
ERC2,-1
ZNF649,-1
OR1N1,-1
ZNF408,-1
KSR1,0
EIF2D,-1
GNL3,-1
TULP4,0
SNRPN,-1
SPSB1,0
ACAP2,-1
SMARCA4,1
TFAP2A,-1
ZKSCAN3,-1
LHX5,-1
SUPT3H,-1
RNF2,-1
SUMF2,-1
SYCP1,-1
EDEM2,-1
CLCA1,-1
ADARB1,-1
MLLT1,-1
PKD1L1,-1
MAPKAPK2,-1
STEAP4,-1
KIF13B,-1
NCKAP1,-1
DCP2,-1
MGAT1,-1
HDAC8,-1
FAM111B,-1
MED1,-1
ZNF440,0
GUCA2B,-1
GABBR2,-1
RHOXF1,-1
SLC7A5,-1
BFSP1,-1
MAST1,-1
SNX14,-1
HACE1,-1
KCNJ2,-1
PCDH7,-1
AMOTL2,-1
SCN8A,-1
RBMS2,-1
SECTM1,-1
PYCARD,-1
BAG5,-1
HSPA13,0
MYH2,-1
ARGFX,-1
SESN3,0
AHR,-1
OR5M10,-1
LTBP1,-1
OR4F4,-1
NFIC,-1
CDSN,-1
ZDHHC22,0
ANKRD50,-1
OR2H2,-1
RPL10L,0
GPC6,-1
WDR76,-1
KLHL3,-1
TTLL4,0
CABLES2,-1
PCDHA12,-1
SRGAP2,-1
ZNF709,-1
KHDRBS3,-1
DDX41,-1
PHF6,1
TUBA4A,-1
MATN3,-1
ATG12,0
NUDT19,0
TRIM65,-1
FGF16,-1
CAPRIN1,-1
MYH8,-1
CST11,-1
PAN2,-1
TCF12,-1
AP3D1,-1
LRP1B,1
CEP44,0
POM121C,-1
OR4K17,0
ARHGAP35,-1
TFDP1,-1
DUSP22,-1
BCL3,1
HNRNPL,-1
KTN1,-1
COQ6,-1
SRXN1,-1
ZNF174,-1
PTN,-1
PCDHGB2,-1
MN1,1
CADM1,-1
NXF5,-1
ZNF624,0
UBQLN2,-1
TPSD1,-1
CRADD,-1
IFNA2,-1
ZFC3H1,-1
NDUFA10,-1
GPR119,-1
IFNLR1,-1
OR10J5,-1
OR5AU1,-1
FTSJ1,-1
PADI2,-1
INSRR,-1
TIMM50,-1
SH2B3,1
APBB1,-1
MAGED1,-1
CPT1B,-1
AMIGO2,-1
ERCC6L,-1
MCCC1,-1
ATG2B,-1
ASPH,-1
OR51T1,-1
HPN,-1
KIF22,-1
OXSM,-1
OR5K1,-1
WDHD1,-1
LAPTM5,-1
STAT1,-1
RIC8B,-1
SLC4A5,-1
OSCAR,-1
ARL13B,-1
SPAG6,-1
ETFB,-1
GOPC,-1
FZD1,-1
LPAR6,-1
ZNF616,0
OR4D5,-1
SLC30A3,-1
CTLA4,-1
EIF4H,-1
GPR37L1,-1
IRX4,-1
OR4C46,-1
BMP5,1
KLRC4,-1
ELL,1
CACNA1A,-1
GOLT1B,-1
USE1,0
PKN3,-1
XDH,-1
ORC2,-1
SLC26A2,-1
RC3H1,-1
ADH1C,-1
L3MBTL2,-1
BMP1,-1
RPH3AL,-1
PTPN2,-1
PSMB11,-1
CREB5,-1
TRIP12,-1
TKT,-1
DZIP3,-1
TOM1,-1
DCUN1D1,-1
RGL2,-1
SERPINH1,-1
GPC1,-1
ZRANB2,-1
BACH2,-1
TNFRSF4,-1
GC,-1
COQ5,-1
GK2,0
ERLEC1,-1
ZNF519,0
GTF3C6,-1
CHCHD10,-1
POLR3B,-1
TBP,-1
ABCC4,-1
OSR1,-1
CYP8B1,-1
LHX8,-1
APOA4,-1
PDE10A,-1
GAPDHS,-1
KIAA0319,-1
FIG4,-1
SLC37A3,0
SNRPD3,-1
IRX5,-1
ZNF101,-1
MRPS15,-1
TIMM44,-1
SCN1A,-1
PITRM1,-1
KIF14,-1
OR5M3,-1
ALX1,-1
IGKV2-28,-1
ESRP2,-1
OR13C9,-1
KCNJ6,-1
TRIM15,-1
FAT2,-1
