genename,label
PRDM14,-1
FAF2,-1
OR10G8,-1
PREP,-1
SMC6,0
RASSF9,-1
FREM2,-1
NDUFAF7,-1
POTEE,-1
SETDB2,-1
OR2G6,-1
HELLS,-1
PELO,-1
SIGLEC1,-1
NRF1,-1
HK1,-1
RP1L1,-1
ALMS1,-1
IDH3A,-1
DBN1,-1
CDK11B,-1
POLR3E,-1
OR6N1,-1
MTRF1,-1
GALNT5,-1
PON1,-1
ITSN1,-1
RNF113B,-1
RRP12,-1
OR2L8,-1
BIRC2,-1
DNMT1,1
OR9Q1,-1
LRP2,-1
STXBP5L,-1
VAX1,-1
GRIN2A,1
SEMA3F,-1
ZNF560,-1
NDUFA9,-1
ZNF644,-1
IL1R1,-1
EDA,-1
PLCB4,-1
UBXN6,-1
CHMP7,-1
CNOT3,1
CA2,-1
MAP3K6,-1
GNL3L,-1
GCC2,-1
MMRN2,-1
RAET1G,0
IGHA1,-1
PIP5K1A,-1
HNRNPD,0
MAP3K7,-1
GRIK5,-1
GPR83,-1
NKD2,-1
MASP2,-1
NEFM,-1
SLC39A10,0
THBS1,-1
SENP3,-1
CXCR1,-1
PKLR,-1
OR8U1,-1
DNAH7,-1
MED13L,-1
RAE1,-1
ACSM4,-1
OR2T4,-1
SFSWAP,-1
RIN2,-1
DOC2A,-1
INTS9,-1
OR10G9,-1
PPP2R2C,-1
SLCO1B1,-1
GPX4,-1
SERPINA4,-1
ALOX15B,-1
RANBP17,-1
RUNX3,-1
ITGB6,-1
TAOK1,-1
TCOF1,-1
OR52A5,-1
RBM10,1
GALNT14,-1
PRAME,-1
SNX13,-1
CEP350,-1
SOX13,-1
DDX17,-1
RNF126,-1
TCERG1L,-1
IGHV4-31,-1
BRMS1,-1
RINL,-1
DCX,-1
LCE2B,-1
MAP4K1,-1
WNK3,-1
DTX4,-1
FOXN3,-1
SLC26A7,-1
PASK,-1
AGAP1,-1
HDAC9,-1
TTF1,-1
PLOD2,-1
ZBTB8B,0
ADAMTS6,-1
CUBN,-1
TOP1MT,-1
MYH9,1
COL9A3,-1
SREBF1,-1
LILRA5,-1
STAT5A,-1
DPH6,-1
RHPN2,-1
G3BP1,-1
CDC42BPG,-1
DTX3,-1
SMURF1,-1
AMER1,1
COL18A1,-1
FOXRED2,-1
FAM83B,-1
OR8D1,-1
SPTAN1,-1
LCE2C,-1
EPN2,-1
MPP1,-1
FZD3,-1
MTHFD1L,-1
IFI35,-1
KCNB2,-1
POU5F2,0
ZP4,-1
PCSK5,-1
AKAP5,-1
HOXC13,1
RBM15,-1
RABGAP1L,0
IRS1,-1
DAAM1,-1
DENND4A,-1
FMOD,-1
RGL4,-1
SP110,-1
PFKFB4,-1
KIF5C,-1
KCNK15,-1
DPF2,-1
SLC39A5,-1
UBA2,-1
HOOK3,-1
SPO11,-1
MAP1B,-1
CDH9,-1
BCL2L12,1
GABRA2,-1
KCTD3,-1
NLRC5,-1
PTK2,-1
ZNF574,0
COL12A1,-1
ZNF503,-1
ADAMTS3,-1
TRAPPC3L,0
PRICKLE3,-1
SPATA5,-1
BCL9L,1
IFNL2,-1
ZNF568,-1
C1QA,-1
TTN,-1
METTL23,-1
POMGNT2,-1
DHX15,-1
NOA1,-1
CCL23,-1
SMC3,-1
MBD5,-1
TBXA2R,-1
BEND3,-1
KLRG1,-1
ABR,-1
NUDT21,-1
SEC31B,-1
KIF19,0
OR6C2,-1
PDE4C,-1
CYP2C9,-1
ACTL9,-1
CDH8,-1
NLRP4,-1
MYPN,-1
TBC1D22B,-1
NR1H4,-1
ITGAV,1
CAPN9,-1
DAZL,-1
DNAH14,-1
ZIM3,0
EYA4,-1
TTBK1,0
GNS,-1
ZFHX4,-1
TNRC6C,-1
PLEKHM2,-1
CBX4,-1
VPS4B,-1
KRT6B,-1
TEKT2,-1
NOP2,0
DNAH10,-1
SCUBE3,-1
CCT6A,-1
VRTN,-1
TGM1,-1
SMG1,-1
ZNF584,-1
CATSPER2,-1
CUL4B,-1
ARIH2,-1
TUBA3E,0
BLNK,-1
SLC13A3,-1
INPPL1,-1
NDRG4,-1
RYR3,-1
OR8K3,-1
RASAL3,-1
NRXN3,-1
UNC13C,-1
PCDH9,-1
PLEKHA2,-1
WRAP53,-1
RHCE,-1
SLC16A11,-1
SLC22A15,-1
OR10A2,-1
KRR1,-1
ZMYM3,1
CNGB3,-1
CASP12,-1
WIPI2,-1
CDK2,-1
SYNJ2,-1
OR7E24,-1
NBEA,1
PRKD2,-1
RPL36,-1
FKBP4,-1
HRH3,-1
RLIM,-1
LRRC8C,-1
SHANK1,-1
NNMT,-1
CNIH2,-1
ACTR5,0
ZC3H12C,-1
CFTR,-1
CYP27B1,-1
ATP8B1,-1
PCDHGA4,-1
ADAMTS17,-1
ZNF695,-1
FARSB,0
INTS10,-1
SUPT5H,-1
GABRG1,-1
ZFP69,-1
TRAV26-1,-1
EVC2,-1
PKD2,-1
CCNH,-1
SRGAP1,-1
CST2,-1
FGFR4,1
TRIM3,-1
CSF1R,1
SCNN1G,-1
RALGAPA2,0
ACTN4,-1
PRR5L,-1
CDK3,-1
C8B,-1
EFR3A,-1
ZNF141,-1
MYO10,-1
TNFAIP1,-1
MET,1
ZNF180,-1
IGKV1-27,-1
ARG2,-1
FBXO41,-1
PREX1,-1
SEC24C,-1
BIRC6,1
NIPA1,-1
CNGA3,-1
MPO,-1
LRIF1,-1
RHCG,-1
PSMD3,-1
RBM14,-1
EFTUD2,-1
HMGCS1,-1
DOCK8,-1
SBF1,-1
KCNAB3,-1
PRRC2A,-1
OR1G1,-1
LAMB2,-1
ATP2A2,-1
HNF1B,-1
OR56B4,-1
ACSL4,-1
SCO1,-1
SLC39A6,0
CRB1,-1
NTN4,-1
HNRNPDL,-1
PPFIBP2,-1
ATAD2,-1
CDX4,-1
OR14C36,-1
WIZ,0
MMP3,-1
RNASEL,-1
PPP1R13B,-1
OR11G2,-1
ASCC2,-1
PPP1R12A,-1
TAF10,-1
GLRA1,-1
WNK2,1
TECTA,-1
RRM2,-1
PTPRT,1
PPFIA2,-1
UPF1,-1
GLCE,-1
TRPC5,-1
KRT72,-1
CDKN2A,1
ZNF469,-1
TCHH,-1
SIM1,-1
MMP10,-1
BTK,1
TOX2,-1
SLC4A1,-1
PROX1,-1
UBXN10,-1
SUZ12,1
KIF1B,-1
ZNF740,0
ZNF425,-1
OR5M8,-1
ADD1,-1
PAM16,-1
EPHA3,1
OR5A2,-1
PTGS2,-1
APBA2,-1
GBA2,-1
OR12D2,-1
CD1A,-1
HNRNPM,0
CYP2E1,-1
FCER2,-1
TMPRSS11D,-1
GRIA4,-1
HM13,-1
EPPK1,-1
MED14,-1
SNTG1,-1
ZNF177,-1
CNNM1,-1
SRGAP3,-1
STXBP1,-1
IGF2BP1,-1
FMNL2,-1
PCDH11X,-1
KIR2DL1,-1
HTR3E,-1
BIRC8,0
RUNX2,-1
TDRD1,-1
GPC4,-1
DMD,-1
PADI4,-1
OR51E1,-1
KLF17,-1
IL1RL1,-1
ACACB,-1
SYTL5,0
HHIP,-1
FUS,1
LCN2,-1
GKAP1,-1
DCHS2,-1
FDPS,-1
GEMIN4,-1
PDE3B,-1
AKT2,1
CPS1,-1
CACNA2D3,-1
USP10,-1
TLN2,-1
EMC8,-1
TRBV2,-1
BAZ2B,-1
PDE5A,-1
PPP1R12C,-1
PARVB,-1
KBTBD8,-1
RPL14,-1
C4BPA,-1
TRIM54,-1
TUBB4B,-1
REPS1,-1
SCN3A,-1
MAST2,-1
TRIM26,-1
NLRP12,-1
PPP2R2A,0
KDM4E,-1
SHMT2,-1
SRP68,-1
EMX2,-1
TMEM67,-1
PTPRR,-1
TEX14,-1
AHCTF1,-1
TARS2,-1
ARID5A,-1
ZNF292,-1
MATN4,-1
HRNR,-1
ERGIC2,-1
TSPYL6,0
GSTA4,-1
GPAA1,-1
CHRNA9,-1
SMARCC2,-1
LAMB1,-1
FLNA,1
FRK,-1
MAGED2,-1
TNF,-1
PIK3CA,1
A2M,0
CCT5,-1
CD1C,-1
F11R,-1
SEC22B,0
PRKACA,1
USP48,-1
SLC6A19,-1
FOLH1,-1
KLC4,0
DAB2IP,-1
MYBBP1A,-1
TRHR,-1
GTF3C2,0
OR1J2,-1
SYTL1,-1
ZFHX2,-1
HSF2BP,-1
PCDHB12,-1
NTSR1,-1
RTP2,-1
OR2T1,-1
MAP3K11,-1
TNR,-1
ANKK1,-1
IGFALS,-1
PLA2G2D,-1
VCAM1,-1
OR6C3,-1
APOB,-1
PRDM2,1
LHX2,-1
HTR1A,-1
ZNF782,-1
APC,1
APPBP2,-1
OR4A5,-1
PHB2,-1
OR10T2,-1
OR13C5,-1
ANKZF1,-1
PDS5A,-1
CISH,-1
CYP2C19,0
LIN37,0
MYF6,-1
CAB39,-1
METTL1,-1
NBR1,-1
COL17A1,-1
CCNT2,-1
DDX46,-1
LRRTM1,-1
ZNF282,-1
SHROOM2,-1
NABP2,0
F5,-1
PRMT2,0
OR1C1,-1
SHOX2,-1
SLC12A2,-1
VAV2,-1
KCNH6,-1
UNC45B,-1
PLXNA3,-1
UCK1,-1
AP4B1,-1
LDHC,-1
COIL,-1
IGHV3-30,-1
PCDHB7,-1
GTF2B,-1
UGT1A4,-1
ZZZ3,-1
TBC1D9,-1
CTU2,-1
ZNF479,1
C3AR1,-1
TAF4,-1
UXT,-1
CDK4,1
HSD17B1,-1
SLC12A4,-1
RPF2,0
CCNF,-1
PLCG1,1
SAG,-1
EDC4,-1
SCAF1,-1
SYT1,-1
NPY,-1
MAP3K5,-1
DYNC1I1,-1
SF3B1,1
MSX2,-1
ADCY10,-1
VN1R2,-1
ATL2,0
MYO18B,-1
WIPF2,-1
CDH23,-1
LRRC8E,-1
ADAMTS2,-1
RSF1,0
GDI1,-1
IFNG,-1
ATP6AP1,-1
UBC,-1
CP,-1
ABCB11,-1
CDKN1A,1
HUNK,-1
DKKL1,-1
ROBO4,-1
IL13RA2,-1
VAV1,1
SEL1L,-1
MACF1,-1
FOXO4,1
SLC4A9,-1
NPTXR,0
TEAD4,-1
P2RY4,-1
MTTP,0
ME1,-1
PIK3C2G,-1
LSM14A,-1
MYO3A,-1
NUP93,-1
PCDHA8,-1
ALOX12B,-1
SLC7A7,-1
KCNQ2,-1
MAN1B1,-1
CYP1A2,-1
DCST2,-1
SPHK2,-1
ZC3H15,0
VPS13A,-1
HSP90AA1,-1
ANO3,-1
ATP6AP2,-1
SLC26A8,-1
NDRG1,1
DPPA2,-1
LONRF2,-1
GAS2,-1
FOXQ1,-1
UHRF2,-1
KANSL3,-1
ETV5,1
MYOC,-1
CDKL2,-1
FCER1A,-1
PIGN,-1
ATP2C2,-1
MYB,1
GLUL,-1
FLNC,-1
CWC22,0
ZNFX1,-1
STARD8,-1
ZHX3,-1
MUC2,-1
CLVS1,-1
PIK3CD,-1
FER,-1
ATP1A4,-1
KEL,-1
ACSF2,-1
RGS18,0
SHARPIN,-1
PAPOLG,-1
ANO5,-1
PKN1,-1
EVI2A,-1
ZNF551,0
NOP14,-1
ADAM28,-1
NID1,-1
RGS22,-1
HOXB1,-1
DOCK5,-1
PCDHB2,-1
RBM47,0
OR2M4,-1
RANGAP1,-1
FKBP10,-1
OR11L1,-1
SLC6A17,-1
SERTAD2,-1
ASB5,-1
CDHR3,-1
KIR3DL1,-1
RELB,-1
SOX14,-1
PCDHB10,0
TICAM1,-1
MPEG1,-1
TECPR2,-1
ZBTB16,1
SLC30A9,-1
STXBP2,-1
LIFR,-1
AP5Z1,-1
MAP7D1,0
IARS2,-1
MCPH1,-1
EVPL,-1
ZFP42,-1
SETD6,-1
ENTHD1,-1
FANCI,-1
DLG4,-1
RHOT1,-1
ZFHX3,1
RTEL1,-1
SLC44A1,-1
RXFP2,-1
WIPF1,-1
ABCA10,-1
CHGB,-1
MLIP,-1
KCNIP4,-1
ATP2B1,-1
KLC3,-1
FANCC,1
ZNF280C,0
SCAMP2,-1
METTL21C,-1
KDM3A,-1
F13A1,-1
PCDHA7,-1
TNFRSF21,0
DYNC1I2,-1
PDSS1,-1
CDK20,-1
RIOK1,-1
MLKL,-1
AEBP2,-1
TIMELESS,-1
OR4S1,-1
WNT2,-1
LAMB3,-1
UGT1A5,-1
LCA5,-1
ZC3H18,0
OR1E2,-1
NUP205,-1
INO80C,0
ST8SIA4,0
CCT2,-1
DHX35,0
EPHX1,-1
CAPN13,-1
SPTA1,-1
ZNF454,0
ASCC3,-1
POLN,-1
MYH13,-1
CHMP4B,-1
WDTC1,-1
ITGB7,-1
ACHE,-1
ZNF443,0
KMT2D,1
CELA2A,-1
TRPV2,-1
PIGQ,-1
RHBG,-1
CAPN5,-1
EHBP1,-1
KCNH8,-1
UTP20,-1
AMER3,-1
B4GALT3,-1
KANK2,-1
SFXN2,-1
MRPL15,-1
PCDHB11,-1
STEAP2,-1
ALDH1A3,-1
ZMAT3,0
KIF4A,-1
GAS2L3,-1
ALPP,-1
IGHV4-61,-1
PRUNE2,-1
DLX6,-1
KIF27,-1
NEUROG3,-1
PCMTD2,0
IRAK2,-1
CGN,0
ABCG1,-1
AQP3,-1
CTR9,0
PCK1,-1
PYGM,-1
CLPB,-1
TELO2,-1
ZNF285,-1
SEMA6D,-1
REV3L,-1
CACNA1C,-1
DSCAM,-1
DNAH11,-1
GRM5,-1
HAUS4,-1
PLEKHM1,-1
NUP54,-1
FPR1,-1
HEPH,-1
TSPY1,-1
MVD,-1
SF1,-1
ROCK1,-1
GPT2,-1
TBC1D1,-1
MYBPC3,-1
OR1B1,0
TIAL1,-1
OR10S1,-1
ABCF1,-1
NFIB,-1
ALAS2,-1
PASD1,-1
CALHM2,-1
LMOD1,-1
C1R,-1
OR2T5,-1
TOX,-1
THAP7,0
DPP4,-1
GEMIN8,-1
RFTN1,-1
BCL9,1
HSPG2,-1
PACRG,-1
NCF4,-1
WDSUB1,0
PSD2,-1
ZNF853,-1
ZNF382,-1
RPL5,1
PAPPA2,0
TSR1,-1
COPB2,-1
CAND1,-1
PPP5C,-1
FAF1,-1
NPAS4,-1
EDN1,-1
NPAS3,-1
CACNA1D,1
FCGR2B,1
CA4,-1
CLDN6,-1
NUP188,-1
NME9,-1
ZNF610,-1
ABCD1,-1
CYP2A6,-1
AP1M1,-1
APLP2,-1
TBC1D9B,-1
NIF3L1,-1
OR10G7,-1
EXOSC4,-1
TOP2A,-1
SERPINF2,0
LIMCH1,-1
APEX2,-1
KRT23,-1
KCNN1,0
CTCF,1
ZNF507,0
EXOC7,0
TGM3,-1
APBA3,-1
OR7C1,-1
ANKFY1,-1
ZNF175,-1
OR5D18,-1
GPD2,-1
ARSD,-1
MED12L,-1
FCRL5,0
MARK3,-1
ODAM,-1
MMP27,-1
FASN,-1
LAMA2,-1
VPS13B,-1
MUC5AC,-1
MRPL35,-1
CORO7,-1
P2RY6,-1
PANX1,-1
TACO1,-1
SPINK5,-1
SQLE,-1
ZFP37,-1
UTP23,0
OR7A17,-1
EPS15L1,-1
GABRG3,-1
CNN1,-1
IDO2,-1
TERF1,-1
SPIC,-1
SPTBN2,-1
TRDN,-1
BMS1,-1
AZU1,-1
MECOM,1
GNPTG,0
TUB,-1
PWWP2B,-1
LYST,-1
CEP72,-1
HDAC3,-1
KCNV2,-1
ACSL3,-1
ZSCAN21,0
AP2A1,-1
PCDH15,-1
ALDH9A1,-1
MCM3,-1
PTPN4,-1
GAR1,0
LILRA4,-1
PIP5KL1,-1
OAS3,-1
SGPL1,-1
DDX24,-1
EGF,-1
DNAH17,-1
CWH43,-1
FOXK1,-1
RASSF7,-1
NCOA1,-1
APOA5,-1
ENTPD1,-1
JPH3,-1
DCLRE1C,-1
POGZ,-1
SCN1A,-1
SH2D2A,-1
PCM1,-1
SIRT3,-1
OR4Q3,-1
ENAM,-1
TRPC3,-1
ZNF91,-1
POU6F1,-1
VPS35,-1
UBR2,-1
TFAP4,-1
SLC25A28,-1
DSG1,-1
FAT4,1
NRIP1,-1
NCOR1,1
UBXN4,-1
RERE,-1
CDK5RAP2,-1
PRKCI,-1
ZNF366,-1
NLRP6,0
MED25,-1
SLC9A9,-1
DUSP1,-1
HCAR2,-1
QSOX2,-1
CYP2D6,-1
STIM2,-1
ZNF611,0
PTGS1,-1
FOXH1,0
CASP4,-1
HPS4,-1
GLIS2,-1
MTMR8,-1
IGHM,-1
TLE2,-1
ACTL8,0
UGT2B15,-1
COL5A1,-1
CDH12,-1
CRY1,-1
EHD1,-1
RRN3,-1
OR2Y1,-1
BEX2,-1
COLEC12,-1
COPS4,-1
DNAI2,-1
SASH1,-1
HNF4G,-1
LHCGR,-1
TDG,-1
RAB17,-1
EPHA7,1
PTPN21,-1
ARFGAP2,-1
STRADB,-1
GLYAT,-1
PTPRB,1
DNM1,-1
SH2D3A,-1
IST1,-1
ARRDC4,-1
PIWIL3,-1
DBT,-1
CDH7,-1
TAF2,-1
SC5D,0
MCM4,-1
SLC6A11,-1
WFS1,-1
AAK1,-1
TDRD5,-1
ABCA6,-1
MRGPRD,-1
ROBO3,-1
FLT3LG,-1
SIGLEC9,-1
NDUFA13,-1
ZNF700,-1
POLQ,1
RBAK,-1
PREX2,1
AMBRA1,-1
NEFH,-1
ZNF534,-1
XIRP2,-1
MR1,-1
KIF17,-1
SYT6,-1
PADI3,-1
GRIA2,-1
UBE3B,-1
IRF9,0
GTF3C1,-1
CCDC141,-1
ZNF318,-1
ISG20L2,-1
INTS3,-1
GEMIN5,-1
STAT2,-1
AGTR2,-1
CPEB3,1
TLR9,-1
SPRY1,-1
NLRC3,-1
FRAS1,-1
TBC1D4,-1
SAP130,-1
LIG4,-1
ZMYND11,-1
TRAPPC9,-1
PARN,-1
KRT83,-1
FOXD4L5,-1
OR7D4,-1
KLRC2,-1
RAG1,-1
KCNA10,-1
PFKP,-1
TET1,1
ART1,-1
RAB4A,-1
SNX18,0
IL1RAPL1,-1
COL4A5,-1
JADE1,0
RGS2,-1
PPP4R1,-1
MMRN1,-1
ZNF429,1
THBS3,-1
SLITRK1,-1
ZC3H12B,-1
LRRC4,-1
TRIM29,-1
MUC7,-1
HYOU1,-1
FOXC1,-1
RHOV,0
EIF2AK3,-1
PRKDC,-1
GUSB,-1
DMRT1,-1
DICER1,1
NHSL1,-1
DERL1,-1
TMEM106B,-1
GLP2R,-1
BRD7,-1
OSBPL6,-1
MTMR4,-1
COL24A1,-1
PLEKHG5,-1
SIGLEC5,-1
PLS3,-1
ATXN1,-1
HIPK3,-1
KLHL6,-1
VPS37B,-1
AASDHPPT,-1
SOX3,-1
GFI1B,-1
ARHGAP31,-1
DRD1,-1
LAMA4,-1
TMC1,-1
ACOX2,-1
IDH1,1
UQCRC1,-1
MYOCD,-1
SETD2,1
MMP21,-1
OR9A4,-1
FMO2,-1
EPHA8,-1
PIGB,-1
CASP5,-1
TRIM5,-1
MIER3,-1
IGLV3-27,-1
SP140,0
PDE6A,-1
ALG6,-1
ADAD1,-1
CDK5R2,-1
OASL,-1
CYP27A1,-1
ZNF467,-1
IQCE,-1
AP5S1,-1
ABCA1,-1
IL2RB,-1
DLX4,-1
JPH2,-1
OR51I2,-1
VAC14,-1
DUOX1,-1
PIK3R3,-1
RAD21L1,0
ROCK2,-1
KLF8,-1
PSMA8,-1
CCR1,-1
FRYL,-1
FXR2,-1
CCDC18,-1
IK,-1
IGF2BP3,-1
FOXP3,-1
CHRFAM7A,-1
CEP78,-1
STK32C,-1
GPSM2,-1
AGBL5,-1
OR5AS1,-1
DRD3,-1
GPR50,-1
KIF1A,-1
ZNF267,-1
PNMA5,-1
MAP2K5,-1
TF,-1
GPSM1,0
PCDHA3,-1
IGSF11,-1
KIAA1549,-1
TCEA2,0
CETN1,-1
INHA,-1
DPYSL5,-1
FCHO1,-1
HERPUD1,-1
FBXW5,-1
TRPV6,-1
LPXN,-1
MMP26,-1
DOCK2,-1
ZNF879,-1
GGN,-1
TYR,-1
SRSF4,-1
CNOT4,-1
GPR12,-1
DUSP11,-1
MAP9,0
ARHGEF26,-1
CAPRIN2,-1
TOM1L1,-1
FMR1,-1
CHRD,-1
LCP2,-1
DYNC1H1,-1
VIPAS39,-1
RDH16,-1
ARHGAP21,-1
COL4A1,-1
RBBP6,-1
CHRNE,-1
CKS2,-1
STX1A,-1
KCNJ12,-1
KRT76,-1
HSF1,-1
ZNF490,0
CPZ,-1
FZD9,-1
WNT5A,-1
OR1A1,-1
SPINK13,-1
GRM6,-1
ADCY7,-1
RSPH4A,-1
SCAF4,-1
CNKSR2,-1
MYH1,-1
ATP9B,-1
JAG1,-1
SLC5A2,-1
CEP152,-1
MARK4,-1
ATRX,1
SLMAP,0
HEATR1,0
YES1,-1
A4GNT,-1
PAQR7,-1
DYNC2H1,-1
SP1,-1
KEAP1,1
MYO1C,-1
BCAM,0
MMP7,-1
NLRP1,-1
KDM3B,-1
OR4A47,-1
USP20,-1
TTC7A,-1
KDM5B,-1
IL27,-1
OR2T11,-1
PRKD1,-1
COL22A1,-1
CREB3L3,-1
MUC12,-1
ESYT2,-1
CKAP2,-1
KCND2,-1
TLR4,-1
CACNA1F,-1
ZNF569,-1
DAB1,-1
ARHGAP32,-1
NPDC1,-1
OR8H2,-1
SEMA5B,-1
PCDH12,-1
TLR2,-1
ZNF521,1
DIAPH2,-1
APC2,-1
OR4D11,-1
MUC1,-1
ZNF226,-1
ZKSCAN8,0
TBC1D2B,-1
NEIL2,-1
PRKCB,1
HLA-DQB2,-1
PDZK1,-1
TUBGCP5,-1
GRIN2D,-1
CKAP2L,-1
SNTG2,-1
PCDHGA9,-1
CPB1,-1
CD86,-1
CIT,-1
ABCA7,-1
OGT,-1
USH1C,-1
BTN1A1,-1
CEBPE,-1
NPC1L1,-1
CXADR,-1
BCR,-1
HPSE2,-1
OR52A1,-1
SLC13A5,-1
FGB,-1
SNRPE,-1
RGMB,-1
FCRL1,-1
RICTOR,-1
GRHL2,-1
OR9Q2,-1
NOL10,-1
LRP8,-1
PRSS55,-1
ACSL6,-1
IL20RA,-1
KIF20A,-1
ADCY2,-1
IFNW1,-1
OR8S1,-1
DCLK2,-1
ANKRD28,-1
ZIK1,0
PCDHB3,-1
CLDN1,-1
PSMF1,-1
THOC1,-1
VTN,-1
NLRP2,0
F13B,-1
SBNO2,-1
SOX21,1
ATP7B,-1
FN3K,-1
IGF1R,-1
CFI,-1
RAB27A,-1
PEX7,-1
AKAP13,-1
RELN,-1
ZNF341,-1
MMP16,-1
RNF113A,-1
IQGAP1,-1
CAMTA2,-1
OPA1,-1
CHL1,-1
OCA2,-1
WNK1,-1
DLGAP1,-1
PSMD1,-1
MCM10,-1
STAG1,1
ADCY5,-1
ZNF235,0
MLH1,1
ATG16L1,-1
MC2R,-1
CDIPT,0
UMOD,-1
DHCR7,-1
DCAF5,-1
COPG1,-1
SREBF2,-1
CITED1,0
CCNT1,-1
ASIP,-1
EPC2,-1
RIOK2,-1
KCNA4,-1
ZNF423,-1
KCNMB4,-1
SLC25A25,0
EPHA1,-1
GLE1,-1
GYPC,-1
FAM9A,-1
GPR182,0
DGAT2,-1
APEH,-1
GNAZ,-1
TGFB1,-1
ZNF236,-1
DAGLA,-1
RARB,-1
DNAJB11,-1
ZNF2,-1
KRT10,-1
PRRC2C,-1
ELAC2,-1
NPY4R,-1
JARID2,0
BAIAP2L1,-1
FAM131B,-1
MATK,-1
ZNF208,-1
SFXN1,-1
CELSR1,-1
HPSE,-1
AMACR,-1
HCN1,-1
HS3ST5,-1
P2RY2,-1
CRTC2,-1
ELMO2,-1
ZNF564,0
ING4,-1
SSH1,-1
TRIOBP,-1
CTGF,-1
GPR32,-1
RPL7,-1
IFT122,-1
MMP25,-1
BCLAF1,1
IGLV1-36,-1
MST1R,-1
POLR1E,0
WDR81,-1
OR51D1,-1
DYSF,-1
CIITA,1
VANGL1,-1
WDR18,-1
AGPS,-1
IL17RA,-1
HIRA,-1
PLEKHG2,-1
SERBP1,-1
AK8,-1
ECE2,-1
CADM4,-1
SLC5A11,-1
C5,-1
CXXC1,0
FXN,-1
MRGPRX4,-1
ABCC2,-1
SHC3,-1
KIF21B,-1
RRP8,-1
NGFR,-1
OR5M9,-1
TNFRSF19,0
RBBP7,-1
LINGO1,-1
CASZ1,-1
IGKV2-24,-1
ROS1,1
ZSCAN31,0
CCL3,-1
FGD6,-1
ANAPC2,-1
ZNF430,0
ITGB2,-1
OR7A5,-1
OR1D2,-1
MMP19,-1
MYH11,-1
HAUS1,-1
RALGPS1,-1
MORF4L1,-1
PDE1B,0
L1CAM,-1
P2RY11,-1
TYRP1,-1
PTPRG,-1
DNAJC11,-1
YME1L1,-1
PHKB,-1
GRIK1,-1
DAPK2,-1
RAB39B,-1
PTPRF,-1
TRIM11,-1
ARHGEF15,0
NDN,-1
USP28,-1
PLCH1,-1
NDST3,-1
CUL1,-1
CHD1,-1
GPR55,-1
GABRA1,-1
MYLIP,-1
ZNF727,-1
PIWIL2,-1
TAF6L,0
ZNF114,-1
SNED1,-1
KLRC3,-1
MEIOB,-1
SLIT1,-1
KCNJ15,-1
IL5RA,-1
CRNKL1,1
SPN,-1
SOX12,-1
EIF2AK4,-1
NOTUM,-1
S1PR1,-1
BTN2A1,-1
DHX37,-1
TUBA3C,-1
MMP24,0
EHMT2,-1
NDUFB3,-1
KIF20B,0
DENND4B,-1
CLTCL1,1
ARID1A,1
KLHL21,-1
SRA1,-1
PRDM9,-1
ITGAD,-1
TPR,-1
EIF3L,0
TFAP2E,-1
PUM1,-1
FKBP6,-1
VPS54,-1
CNIH3,0
LCT,-1
MAN1A1,-1
RUNX1T1,1
CHRNA5,-1
EPM2A,-1
CXCL5,-1
GNAS,1
PCDHB4,-1
FMNL3,-1
CEP250,0
MRPS30,-1
PSG2,-1
SMO,1
SLC2A4,-1
TCF7L1,-1
SLC38A8,-1
HTR3A,0
ATP12A,-1
DVL1,-1
ZNF790,0
MCM9,-1
P2RX2,-1
ADCY9,-1
PAFAH1B3,-1
AMFR,-1
ITGB4,-1
RABEP1,-1
ELP3,-1
SULT1B1,-1
TNIK,-1
KIF4B,-1
KDM4B,-1
ABAT,-1
RFPL3,-1
TAS1R1,-1
MBL2,-1
PTCH1,1
RBBP4,0
TGFBR3,-1
BCOR,1
PRKD3,0
MTMR7,-1
F2,-1
MAP4K5,-1
SALL2,-1
LOXL2,-1
SYT8,-1
EPHB2,-1
ZNF552,0
SLC6A13,-1
UNC93B1,-1
SLC6A12,-1
CPNE4,-1
AGAP3,-1
DDX51,-1
OR13C3,-1
HOXA4,-1
NFX1,-1
PPARGC1B,-1
BICD1,-1
GRID1,-1
TMEM88,-1
ZFPM1,-1
VCP,-1
TRPA1,-1
AKAP3,0
MYLK2,-1
GRAP2,-1
ANAPC5,-1
USP7,-1
KAT7,1
BUB1B,1
PMS2,1
IFITM1,-1
BCORL1,1
TBKBP1,-1
ELF3,1
SP6,0
RB1,1
KIFC1,-1
ZNF606,-1
SLC2A2,-1
CNGB1,-1
LYNX1,-1
OR5H14,-1
GABRD,-1
UNC80,-1
PODXL,-1
CSPG4,-1
TMC2,-1
TP53BP1,-1
ACSS2,-1
ST6GALNAC3,-1
ZBTB47,0
COA3,-1
MGAT5,-1
SAMHD1,-1
CDH19,-1
PHLPP2,0
LPA,-1
ZFP30,-1
RIPK4,-1
TBL1Y,-1
BAG4,-1
CACNB1,-1
LTBP2,-1
PLXNB1,-1
ZNF234,-1
RFK,-1
AP5B1,-1
EFEMP2,-1
NEUROG2,-1
FAM220A,-1
ERBB4,1
AP3B2,-1
VWDE,0
PER1,1
TRAV8-1,-1
COLGALT1,-1
BLOC1S1,0
DCAF12,0
MECR,-1
DRD2,-1
HIVEP3,-1
SLC12A3,-1
RIPPLY3,0
CX3CL1,-1
OR52B2,-1
GBP7,-1
U2SURP,-1
TH,-1
ELOVL2,-1
GDF2,-1
CGNL1,-1
CD84,-1
JAK3,1
SERPINA9,-1
CLSTN2,-1
TMPRSS2,-1
NLGN3,-1
CNDP2,0
MAPK8IP3,-1
CAPN12,-1
CGA,-1
MYLK,-1
IL12RB2,-1
NINL,0
FLRT3,-1
MYH7B,-1
TACR1,-1
HBE1,-1
ECI2,-1
CAMSAP3,-1
AFF3,1
ZNF600,0
CHD7,-1
ACBD5,-1
KMT2C,1
KLK8,-1
EPAS1,1
CARD14,-1
DLX1,-1
COX6A2,-1
UNC5B,-1
ADAMTSL1,-1
VPS16,-1
ATXN7,-1
GATAD2A,-1
STK10,-1
GMIP,-1
FANCD2,1
PFKM,-1
ELSPBP1,-1
SLC18A2,-1
PKDREJ,-1
ANXA13,0
CR1,-1
PCDHGA1,-1
ABCA12,-1
RAB11FIP1,-1
RD3,-1
KHDRBS2,-1
DIS3L2,-1
OR4K2,-1
FLT4,1
EEF1A1,-1
AKR1D1,-1
AGTPBP1,-1
COL14A1,-1
OR13G1,-1
GREB1,-1
CLDN2,-1
RGPD3,1
NCAM1,-1
SULF1,-1
ZNF407,-1
ITGA5,-1
AMY2B,-1
LRIG3,1
SEMA6A,-1
TTC8,-1
ABCC11,-1
SLC20A1,-1
FBLN1,-1
AP1M2,-1
PALMD,-1
SEMG1,-1
PDGFD,-1
BPIFB3,0
SCN9A,-1
DAPP1,-1
TRPV3,-1
TNFRSF8,-1
TPX2,-1
MYBL1,-1
BCL11A,1
VIL1,-1
FCRL3,0
DNMT3A,1
CD209,1
MOGS,-1
RALGDS,-1
ADH7,-1
NELFB,0
CALML5,0
CYFIP2,-1
SLC16A2,-1
ZNF688,-1
HORMAD1,-1
FMN2,-1
SIGLEC8,-1
L3MBTL3,0
PRDM1,1
DNAH8,-1
KLK13,-1
IRF2BP2,-1
CCDC22,-1
KRT77,-1
ZFYVE9,-1
MYO5A,-1
SATB2,-1
P2RY12,-1
GRM4,-1
DYNC1LI2,0
GPR19,-1
KANK1,-1
COL4A2,-1
SLC4A7,-1
KRT5,-1
RPTN,-1
UNC79,-1
DDX18,-1
TRAPPC6B,-1
SIPA1L3,-1
OR56A3,-1
BTG4,-1
CDCA2,0
MYO16,-1
CHST14,-1
GPR34,-1
LGALS14,0
KRT1,-1
PDIA3,0
TAF1L,-1
GUCA1A,-1
ARHGEF6,-1
ATP2A1,-1
DOCK10,-1
CHRNB3,-1
SCN4A,-1
KIFC3,-1
PLXNA1,-1
HIC1,-1
SEMA3E,-1
RPN2,-1
OR5F1,-1
SYCP2,-1
NMNAT1,-1
GABRP,-1
PELI3,-1
ANAPC1,0
TCTN1,0
GBP5,-1
TINAG,-1
REN,-1
URB2,-1
HEPACAM,-1
RAET1E,0
URB1,-1
CHERP,0
CLEC4C,-1
IRAK3,-1
OS9,-1
CARS2,-1
PTCH2,-1
TRIM31,-1
OR10A7,-1
FZR1,0
AGBL3,-1
SEMA3D,-1
ADRM1,-1
SLC16A13,0
NPHP4,-1
KIF21A,-1
SLC44A2,-1
GNB2,-1
ADSL,-1
GRAMD1B,-1
IMPG1,-1
LAG3,-1
LRRK2,-1
USP4,-1
DENND4C,0
C9,-1
WWC1,-1
HS3ST1,-1
RAG2,-1
FERD3L,-1
POLE,1
ANK1,1
SLC27A2,-1
HMGB3,-1
OGDHL,-1
GZMK,-1
TLR10,-1
OR5A1,-1
GRID2,-1
IFT27,-1
OR7C2,-1
MYO7A,-1
ZNF629,0
SEMA5A,-1
RALGAPB,0
CNTN6,-1
SORCS3,-1
CDK12,1
ZBTB46,-1
FANCB,-1
AHNAK,-1
BRINP3,-1
SLC8A2,-1
SLC4A8,-1
RBBP8,-1
EMCN,0
KIF6,-1
POMGNT1,-1
OR4F6,-1
FZD2,-1
PKNOX2,-1
GIGYF1,-1
GOLGB1,-1
SP4,-1
PLAGL2,-1
SLC8A3,0
NDUFV1,-1
MTMR14,-1
NOC4L,-1
DPH1,-1
CHTOP,-1
SHANK2,-1
PSMC2,-1
PPP2R5E,-1
SMCHD1,-1
KRT35,-1
LGALS3BP,-1
CACNG6,-1
OR13F1,-1
FGD1,-1
TAAR6,-1
MAP2K2,1
CDHR1,-1
ZC3H12A,-1
CYP3A7,-1
MPDZ,-1
BANK1,-1
NNT,-1
AKR7A2,-1
DRP2,-1
SFTPC,-1
KMT2A,1
GPT,-1
VPS39,-1
LARP1,-1
ROR2,-1
OR6C76,-1
OR5AK2,-1
ZNF623,0
P2RX7,-1
ZNF831,-1
OR13A1,-1
ITPR3,-1
ERBB2,1
TOP2B,-1
SCUBE1,-1
SEC24A,-1
DHX29,-1
UTP3,-1
SURF6,-1
CABP2,-1
TPH2,-1
MRPS23,-1
PRIM2,0
HMOX2,-1
DSP,-1
MOGAT3,-1
FILIP1,-1
DNAH2,-1
DOCK11,-1
ROM1,-1
DNAAF3,-1
PRSS36,-1
NUP155,-1
PPFIA1,-1
FLG2,-1
FASTKD5,-1
USH1G,0
ATP1A3,-1
CELF3,-1
SLC1A6,-1
ABT1,0
REPIN1,0
CCNE1,1
POU6F2,-1
OPN4,-1
TMLHE,-1
AKAP1,-1
CXCR2,-1
TRBV5-1,-1
HMBOX1,0
BRIP1,1
SLX4,-1
CEACAM1,-1
PLXND1,-1
KLK11,-1
RNF165,-1
TMEM199,-1
PCDHA6,-1
GRIP1,-1
PML,1
TRIM28,-1
TMPRSS7,-1
GCGR,-1
TIAM2,-1
ZBTB41,-1
PCDHGA10,-1
KRT78,-1
AQP12B,0
PKP4,-1
PPP3CC,-1
TLE1,-1
TOPORS,-1
LARP1B,-1
HECW1,-1
FTMT,-1
TGFBR1,-1
RSPH1,-1
VPS13D,-1
NCOR2,1
ZNF77,-1
MAP2K6,-1
POU3F2,-1
PGM5,-1
JUN,1
PAPOLB,-1
MME,-1
LPL,-1
CERK,-1
LRP5,-1
ETV7,-1
CDH22,-1
NRXN2,-1
KCNH4,-1
RPH3A,-1
INSC,-1
NMUR1,-1
WDFY4,-1
ZNF676,0
UPF2,-1
CHD8,-1
KDM2A,-1
OR5AR1,-1
BRINP1,-1
THOP1,-1
IPO5,-1
ZDHHC13,-1
ZC3HAV1,-1
NEMF,-1
PFAS,-1
OR1S2,-1
RAVER1,-1
ACD,-1
TTC1,-1
TMCC2,0
TRPV4,-1
COL4A4,-1
AFAP1L2,-1
OR4C11,-1
ORC1,-1
DSG2,-1
LAMTOR1,-1
MTFR1,0
GATA2,1
OR1L1,-1
NRG3,-1
TBX5,-1
SERPINA5,0
RXFP3,-1
CBX8,-1
SMARCAL1,-1
STAB2,0
KSR2,-1
MLC1,-1
IL6R,-1
DOK2,-1
CCNB3,-1
PARK2,-1
RBM3,-1
DENND1C,-1
POGK,0
MTMR12,-1
QRICH1,-1
HAUS3,-1
FGF3,-1
SEMA3C,-1
ITGA11,-1
ZNF599,0
LNPEP,-1
POLRMT,-1
ZSCAN29,0
NCOA5,-1
IRAK4,-1
ATF7,-1
KCNH5,-1
KCNH7,-1
CDH26,-1
CHRNA10,-1
PPP1R1A,-1
PAX1,-1
IQSEC3,-1
RLN1,-1
CD99L2,-1
MAGEB2,-1
CHSY3,-1
LAMC3,-1
OR11H12,-1
ZNF628,-1
CLTC,1
ZNF570,-1
SMC5,0
ZNF526,-1
CALCB,-1
NONO,-1
TIMP2,-1
RNF25,-1
TSHZ3,-1
LONP1,-1
SLC7A3,-1
ERCC5,1
MYO3B,-1
CSRP3,-1
HEATR5B,-1
RBM19,-1
MRPS5,-1
OR2A25,-1
WHAMM,-1
LTN1,-1
LIPA,-1
OR51Q1,-1
IGHG3,-1
NOSIP,-1
LRG1,-1
ANKRD27,0
ACTR10,0
NAALAD2,-1
NLGN1,-1
GPCPD1,-1
PHKA1,-1
ATP10A,-1
UCKL1,-1
MGA,-1
SLAMF6,-1
YTHDC1,-1
VWF,-1
PAK6,-1
IGF2BP2,1
ZNF677,-1
ITGA10,-1
MSLN,-1
TRBV4-1,-1
CHAF1A,-1
SIRT7,-1
ST6GAL1,0
PLEKHA1,-1
PLEC,-1
DPY19L2,-1
DBH,-1
B4GALNT1,-1
PCDHB8,-1
NGRN,-1
MIS18BP1,0
RSPH6A,-1
MAP4K4,-1
ENTPD8,-1
DCT,-1
ZNF567,0
RASA1,-1
PLAT,-1
AMOT,-1
C8A,-1
KDM5C,1
GABRR1,-1
COL26A1,0
MEOX2,-1
TFDP2,-1
NYAP2,-1
SMG6,-1
LRCH4,0
GATA3,1
TSC1,1
PSD3,-1
PRPF8,-1
TRPC7,0
MED13,-1
IRS4,1
WFIKKN1,-1
RPS5,-1
ELFN2,0
CALB1,-1
PAK3,-1
CTNND1,1
SYNJ1,-1
PLEKHG4,-1
FADS1,-1
SRCIN1,-1
BMP6,-1
PTPN11,1
PHC3,0
SEMA4D,-1
BRF1,-1
EGR1,-1
TG,-1
OR51V1,-1
ADAM8,-1
CENPJ,-1
RNF125,-1
G6PC2,-1
IL26,-1
TBC1D5,-1
FLRT2,-1
GJB1,-1
CHD9,-1
KPNA2,-1
DSG3,-1
HSD17B2,-1
NOS3,-1
PLEKHG6,-1
PRLHR,0
SIGLEC7,-1
ZNF45,-1
ZNF468,-1
PABPC3,0
WDFY3,-1
SYT4,-1
CDH11,1
UGT2A3,-1
SVIL,-1
FGR,-1
TULP3,-1
OR2T12,-1
PEG3,-1
BMP8A,-1
ENO2,-1
LTBP4,-1
TOX3,-1
RALGPS2,-1
ZNF827,-1
CASR,-1
CSH2,-1
SND1,1
ANXA7,-1
HSD17B4,-1
NOTCH1,1
UBE3C,-1
NPY2R,-1
LAMA5,-1
SLCO1C1,-1
DOCK7,-1
FUT1,-1
PGA5,-1
GABRB3,-1
DNAH6,-1
CTTN,-1
REEP3,-1
TMEM135,-1
BRD8,-1
THEMIS,-1
PARD6B,-1
KAZN,-1
ZNF85,-1
CAPN8,0
HTR2B,-1
TERT,1
SETDB1,1
OR1A2,-1
RNF43,1
ADAMTSL2,-1
SLITRK6,-1
TRIB2,0
NRK,-1
ZNF257,-1
ZNF765,-1
CHEK1,-1
NSMCE1,-1
TLR3,-1
ANKRA2,-1
MDN1,-1
SLC19A1,-1
SPOCD1,-1
FN1,-1
TRIM35,-1
RGPD4,-1
CD200,-1
LPCAT1,-1
APOE,-1
TUBB4A,-1
RIPPLY2,-1
MAGEL2,-1
RREB1,-1
SCN2A,-1
TRPV5,-1
ECHDC2,0
OR10C1,-1
MKI67,-1
GPS2,-1
CHAMP1,-1
PTH2R,0
MMP1,-1
FAT1,1
DUOX2,-1
IL17B,-1
ZNF711,-1
DHX16,-1
EEF1G,-1
EPO,-1
KCNN2,-1
MTG2,0
ETV1,1
GPBP1L1,0
OR51G1,-1
OR4K1,-1
ACAT1,-1
ABCA13,-1
PRLR,-1
UTRN,-1
MAPT,-1
KIF23,-1
MTMR3,-1
LILRA2,-1
CEP192,-1
RYR1,-1
MEF2B,-1
COL6A6,-1
FBXO5,-1
BARHL2,-1
CYP4A11,-1
ACTBL2,-1
SLC17A6,-1
RPP38,-1
CARD6,-1
LRRC4B,0
JAK1,1
ATP13A2,-1
ADAM7,-1
PPCS,-1
ADAM33,-1
CA12,-1
PKD2L1,-1
CCM2,0
ADAM11,-1
AKR1B10,-1
GUCY2F,-1
SLC16A5,-1
ADRA2B,-1
TAGAP,-1
B4GALNT2,0
CSE1L,-1
SV2C,-1
PORCN,-1
EML1,-1
PBRM1,1
ZNF565,-1
TCERG1,-1
SLITRK3,-1
SIPA1L2,-1
ARFGEF1,-1
NGF,-1
RAB11FIP5,0
PRNP,-1
WWP1,-1
RIMS2,-1
ZNF99,-1
LRRC49,0
DHX30,-1
ANK3,-1
GMFG,-1
CDH5,-1
PRPF4B,-1
ZBTB21,-1
CLDN4,-1
STAG3,-1
BRINP2,0
PTPRO,-1
MTHFD2L,-1
CELSR2,-1
NAALADL1,-1
FGD3,-1
PLCE1,-1
YEATS2,-1
F7,-1
FANCA,1
UGT2B17,-1
MATR3,-1
PIK3CG,-1
PDCD4,-1
FBXO40,-1
SLC26A9,-1
OSBPL11,-1
VDAC1,-1
ZNF716,0
DNAJC6,-1
QKI,1
KANSL1,-1
MYH10,-1
ZPBP2,-1
MYO9B,-1
USP27X,-1
COG1,-1
HTR6,-1
DYRK2,-1
TFPI,-1
FRMD4B,-1
GLS,-1
AMPD1,-1
SPTBN4,-1
FBN2,-1
P4HA3,-1
RAD54L,-1
GGA2,0
CCDC85B,0
ZSCAN5B,0
NPR2,-1
GAK,-1
GLI3,-1
PKMYT1,-1
FBXO9,-1
CPM,-1
CAMKK1,0
ING2,-1
AZI2,-1
RP1,-1
RXRG,-1
CCL16,-1
PHEX,-1
DCAF11,-1
CCDC88A,-1
WDR46,-1
APLNR,-1
IGHG1,-1
OR7G3,0
PSMC3IP,-1
CATSPER1,-1
SLIT2,-1
OR2M3,-1
INTS1,-1
ZNF512,0
COL6A1,-1
PFKFB1,-1
KCNV1,-1
YWHAB,-1
DAB2,-1
DLEC1,-1
RCN1,-1
HKDC1,-1
COL28A1,-1
RFX7,-1
GOLM1,-1
MAGI3,-1
TOP3B,-1
CTRC,-1
TLL1,-1
EIF3F,-1
ACSBG2,-1
PPARGC1A,-1
EIF4A3,0
MSL2,-1
DDI1,-1
MOV10,-1
SETX,-1
LTC4S,-1
RNF138,-1
KRT85,-1
SKAP1,-1
OR9K2,-1
PHRF1,-1
PAX9,-1
ADAD2,-1
KLHL11,0
PNPLA4,-1
PLS1,-1
STAU2,-1
MAP3K9,-1
SALL3,-1
TDRKH,0
ZNRF4,-1
KRT27,-1
MAPK8IP1,-1
REC8,0
CUX1,1
PDIA4,-1
HSPD1,-1
FCGR2A,-1
PCDHAC2,-1
CYP2C18,-1
OR5J2,-1
OCLN,-1
CTSG,-1
IKZF3,-1
CELSR3,-1
RNF213,-1
VCX,-1
RAB3IP,0
MARK1,-1
OR52L1,-1
ZNF800,0
USO1,-1
INTU,-1
ZNF671,0
MAPK6,0
PCGF1,-1
ANPEP,-1
CAPN7,-1
PYGO1,-1
SEC24D,-1
ZFYVE28,-1
PIK3AP1,-1
ATP6V0A4,-1
SNX17,-1
PRKCG,-1
KPNB1,-1
ABCG8,-1
ALPK2,-1
OR6A2,-1
SLC22A11,-1
KRT6C,-1
MINK1,-1
ANGPTL4,-1
PCDHA11,-1
OR2T2,-1
GREM2,-1
OR2F2,0
FDXR,-1
PROZ,-1
INO80,-1
DHX38,-1
NRXN1,-1
CACNG8,-1
GRM3,1
KCNH3,-1
MUC16,-1
GRK7,-1
NLRX1,-1
ULK1,-1
FZD5,-1
PSTPIP2,-1
ZNF462,-1
SMC1B,-1
ARHGAP10,-1
CPNE1,-1
TXK,-1
NTN1,-1
OR2M5,-1
PLEKHG4B,-1
TUBB6,-1
GRIK3,-1
ZNF597,-1
IGHV4-34,-1
NOS2,-1
FGA,-1
RCAN2,-1
EVL,-1
MEP1A,-1
THADA,-1
GALNT10,-1
TUBAL3,0
OR2AG2,-1
TJP1,-1
HNF1A,1
NOD1,-1
ICA1,-1
CHST8,-1
OR7G1,-1
KLKB1,-1
LPIN2,-1
ADAM22,-1
DMBT1,-1
AGK,-1
OR2B11,-1
SERINC1,-1
CD22,-1
ZFAT,0
RGPD8,-1
CACNA1I,-1
POTEF,0
BNC2,-1
NDST1,-1
KDM5D,-1
ABCC6,-1
DMXL2,-1
IVL,-1
PRRC2B,-1
RPGRIP1,-1
MYOM2,-1
MIPEP,-1
PKP2,-1
ASXL2,1
MGAT4C,0
WDR5,0
IL17RC,-1
HELT,-1
ZSCAN30,0
STAT6,1
PGLYRP3,0
CRY2,-1
ZNF691,0
B3GNT2,-1
BRCA2,1
BFAR,0
RGS12,-1
PTPN5,-1
ZNF615,0
SETD1A,-1
QRFPR,-1
DDX20,-1
UFL1,-1
PPIP5K2,0
EIF4G3,-1
ITGA6,-1
ASB2,-1
PCDHB14,-1
PARP14,-1
NLRP5,-1
AOX1,-1
RUVBL2,-1
TNIP3,-1
PCDHA1,-1
TYMS,-1
EFCAB7,-1
ZFYVE26,-1
CAPZA3,-1
FGF23,-1
GPR161,-1
PSRC1,-1
ZBTB3,0
TMEM63B,0
SLC17A8,-1
CAMTA1,1
FRS2,-1
AQR,-1
LRRK1,-1
E4F1,-1
ZNF215,-1
CHEK2,1
SYMPK,0
ZNF331,1
OR2G2,-1
ASAP2,0
NOB1,0
PTMA,-1
PGC,-1
EPHB6,-1
ACO1,-1
PLG,-1
SCN7A,-1
PTPRM,-1
CLCNKA,-1
COL7A1,-1
FLCN,1
CLDN15,-1
MYLK3,-1
OR8B4,-1
SLC38A6,-1
UGT3A2,-1
ZDHHC8,-1
LSM11,-1
SRCAP,-1
CLU,-1
ACTC1,-1
PLD4,-1
RAB3D,0
ACOT11,-1
KCNH2,-1
GRM8,-1
HELZ2,-1
SGIP1,-1
TRIM6,-1
GNPTAB,-1
SF3A2,-1
RHO,-1
AGR2,-1
MYCT1,-1
TRIM40,-1
MID2,-1
DOT1L,-1
MAP1A,-1
MAN2B2,0
USP17L2,-1
SIGLEC11,-1
PSD4,-1
SFPQ,1
PRDM10,-1
STK33,-1
TTK,-1
RSPO1,-1
INPP4A,-1
RPA1,-1
GRAMD4,-1
TTBK2,-1
PCDH10,-1
RFPL1,-1
TSSK1B,0
KIF3B,-1
RAD23B,-1
HMMR,-1
PPP2R5C,-1
ZBTB5,-1
LIMS2,-1
CTBP1,-1
CACTIN,0
WDR70,-1
ZNF280A,0
STOML2,-1
PATL1,-1
LRFN1,-1
ACAN,-1
VPS4A,-1
SFMBT1,-1
RORB,-1
DENND3,-1
MBD6,0
RNASE2,-1
SLC6A6,-1
MTNR1A,-1
CENPE,-1
VAV3,-1
WIPF3,-1
INPP4B,-1
AXL,-1
OR4C15,-1
ZNF786,0
SETD5,-1
DDX23,-1
NDUFS5,-1
REV1,0
ZBTB7A,-1
DGKE,-1
ZNF592,-1
MYH14,-1
HSF2,-1
STRN4,-1
OR2H1,-1
ABCG5,-1
COL16A1,-1
PRDX4,-1
OBSCN,-1
LRRN2,-1
KCNJ3,-1
RNF31,-1
GGCX,-1
ELL2,-1
PCDHGA2,-1
ZBTB10,0
NAPG,-1
FRY,-1
HSD3B1,-1
ARHGEF28,0
CD58,-1
ARID3A,0
PDCD11,-1
DGCR8,1
ATG5,-1
DGKB,-1
GMPPA,-1
THOC2,-1
PUM2,-1
NXT2,-1
HTR2C,-1
TFAP2B,-1
OPN1SW,-1
KLHL2,-1
ADAMTS12,-1
ALDOB,-1
NF2,1
POU2F2,-1
EPN3,-1
DDX56,-1
GRIN3A,-1
DOK3,-1
GZF1,-1
SLC25A47,0
ZBTB7C,-1
RBM6,-1
DIS3,-1
BCAR3,-1
SPTB,-1
CNTRL,-1
NUP210,-1
EWSR1,1
REG3G,-1
SEC61A2,-1
RHOBTB1,-1
MARCO,-1
IQGAP3,0
PCDH20,-1
CTDP1,-1
NR2C2,-1
DSE,-1
PCDHA10,-1
TRIM22,-1
DDX1,-1
SNAP91,-1
MYO7B,-1
CCR4,1
KNTC1,-1
ZNF225,0
PPP6R2,-1
MAGI2,-1
LRRC8A,-1
OR4M1,-1
AZGP1,-1
SUPT20H,0
OTOF,-1
SELL,-1
NFKB1,-1
PLIN5,-1
SLC5A10,-1
MED8,-1
MAPK11,0
ZNF850,0
CYBB,-1
SKI,1
AGRN,-1
ZNF726,0
GLP1R,-1
KRT82,-1
GLIS1,-1
ALDH1L2,-1
ZNF446,0
FLT1,-1
NR4A3,1
RASA3,-1
TCF4,-1
SLC27A4,-1
ARID2,1
TIPARP,-1
NTRK1,1
DST,-1
IGKV2D-30,-1
KRT12,-1
WDR45,-1
OTOGL,-1
FAM86B1,-1
ARHGEF17,-1
EDEM1,-1
EPB41L3,-1
WNK4,-1
ITGA2B,-1
OR4A15,-1
SYTL3,0
MYF5,-1
ZNF536,-1
CHRM2,-1
RAI1,-1
OR2J3,-1
R3HDM1,-1
HERC4,0
ZNF589,-1
PATZ1,1
LRIG2,-1
KRT20,-1
TRPC1,-1
DNAJC8,0
ZNF219,-1
OR5AP2,-1
OR2V2,-1
PARP8,-1
ALDH1L1,-1
HIPK1,0
RAD50,-1
ARHGEF10L,1
SPTBN5,-1
KLF13,-1
PHF21A,-1
BCAN,-1
ACADL,-1
ULK3,-1
WDR7,-1
NPTX1,-1
ARHGEF2,-1
RNF111,-1
SCYL3,-1
TRRAP,1
CENPH,-1
VSX2,0
PSMB9,-1
CPT1A,-1
SCD,-1
SLC31A2,0
ANKRD17,-1
PBX3,-1
FUNDC2,0
FCF1,0
ITPKA,-1
SUPT16H,-1
ABCC3,-1
EP400,-1
BBS9,0
AGFG1,-1
HS3ST6,-1
CR2,-1
IL17A,-1
ANXA6,-1
CDK5,-1
KCNQ5,-1
TRPM2,-1
RCL1,-1
OR6K3,-1
RP9,-1
C7,-1
SNX27,-1
SERPINB1,0
USP18,-1
EDEM3,-1
NOP9,-1
IFT52,-1
MAN1C1,-1
NEUROG1,-1
PSG8,-1
EXOSC7,-1
TEP1,-1
LETM1,-1
GHSR,-1
PCDHB15,-1
SLC30A6,-1
RTF1,-1
YIF1A,-1
BCL6,1
APLP1,-1
OR7D2,-1
NPBWR2,0
OSBPL8,-1
MEIG1,-1
DAPK1,-1
OR4D1,-1
CLNK,-1
SMARCAD1,-1
CSF2RB,-1
EPHB4,-1
FEZF1,-1
DENND2A,-1
TNFRSF1A,-1
OR10Z1,-1
MYH6,-1
MUC4,-1
ARHGAP42,-1
FMN1,0
LAMA3,-1
CLDN8,-1
ADNP2,-1
CLVS2,-1
PKD1,-1
ASH1L,-1
ABCA9,-1
CARD11,1
CDYL2,0
ZNF324,-1
ANXA1,-1
TGFB1I1,-1
FGD4,-1
HYDIN,-1
UNC13A,-1
DDX31,-1
GPM6A,-1
CYP4F2,-1
ECM1,-1
L3MBTL4,-1
SV2B,-1
ALK,1
CCT3,-1
TAS2R40,-1
FOXD3,-1
BIRC3,1
DNAH5,-1
FXR1,-1
MEMO1,-1
IMPDH2,-1
TBCB,0
BBS4,-1
MVP,-1
PARP10,0
MYO5B,-1
LMNB1,-1
KCNU1,-1
NRIP3,-1
IKZF1,1
WRN,1
FGD2,-1
DCAF8,-1
HERC1,-1
SLC44A5,0
GJA8,-1
SYNE2,-1
PRDM16,1
EIF4A2,-1
AKAP4,-1
XYLT2,-1
E2F7,-1
DUOXA2,-1
TUBB8,-1
PRIMPOL,-1
SIRPB1,-1
MYL1,-1
CEP290,-1
BARD1,1
MYRIP,-1
COL4A3,-1
HP,-1
ACSM2A,-1
TRIM62,-1
IRF6,-1
USP46,-1
PLXNB3,-1
C3,-1
MTHFR,-1
MBNL3,-1
COPRS,0
HSD11B1,-1
SLC51A,0
OSBPL10,-1
TTC28,-1
FAM9B,-1
SSTR3,-1
DHRS2,-1
FBXL18,-1
PDE6B,-1
NR6A1,0
ITGAX,-1
GUCY2C,-1
GPR35,-1
MAGI1,-1
PDE4DIP,-1
DSCC1,-1
KAT6A,1
PPP2R5B,-1
IGSF1,-1
NPFFR2,0
ATP6V1A,-1
SPTBN1,-1
INPP5D,-1
UVRAG,-1
COL19A1,-1
PLCH2,-1
IFNA1,-1
ZSCAN23,0
ABCA5,-1
NPHS1,-1
KCNA3,-1
TDRD6,-1
TDRD12,-1
LMO7,-1
CBLB,1
CHRM5,-1
PYHIN1,-1
NOS1,-1
PAXIP1,-1
MLLT4,-1
ETFA,-1
FUZ,-1
CDC45,0
PSG4,-1
IKZF4,-1
ZAP70,-1
NR0B1,-1
KRAS,1
BCL7B,-1
PDE1C,-1
TRIO,-1
ZNF268,-1
HR,-1
HLTF,0
F8,-1
ZSCAN20,-1
OR13C4,-1
KCNC4,-1
RFPL4A,-1
ZW10,-1
SVOPL,-1
MDC1,-1
PCDHB13,-1
TAB1,-1
KCNK10,-1
IL17RD,-1
ARID1B,1
ALPL,-1
LAMA1,-1
IL32,-1
SYNE1,-1
RIMS1,-1
IDH3G,-1
HAPLN1,-1
DGKG,-1
OLFM2,-1
TAF1C,-1
SFRP4,1
ANXA4,-1
RASAL2,-1
STT3A,-1
ZNF835,0
TBXAS1,-1
USP38,-1
COL6A5,-1
INCENP,-1
CRP,-1
PARL,-1
ZMYND8,-1
ADAM2,-1
CLASP2,-1
HOOK1,-1
ETV3L,0
OTOG,-1
OR5T2,-1
MAP1S,-1
BEST3,-1
SLAMF8,-1
TICRR,0
ARHGAP6,-1
PRKAA1,-1
MYBPH,-1
EDC3,-1
FEZF2,-1
DHX36,-1
EPHA5,-1
TBX4,-1
COL11A1,-1
ZNF347,-1
SIGLEC6,-1
POLD1,1
FMO5,-1
EPHA6,-1
NDUFA7,-1
CFP,0
LTK,-1
ESPL1,-1
CENPU,0
NF1,1
PADI1,-1
RGMA,-1
CPLX3,0
EPC1,-1
PRICKLE2,-1
GBP2,-1
NEGR1,-1
KATNAL1,-1
APOBEC3B,1
DROSHA,1
ATP10D,-1
DZIP1,-1
RPL9,-1
RORC,-1
ARG1,-1
ZFAND2B,-1
NOBOX,-1
NLGN4X,0
TTLL9,-1
HOXC8,-1
VIPR1,-1
SMC2,-1
RNF38,-1
RANBP2,1
PCDHA13,-1
SORBS1,-1
HDAC7,-1
PXT1,-1
IL25,-1
HMGCS2,-1
ATM,1
NUFIP2,-1
USP13,-1
ITGAM,-1
ZNF197,-1
PHKA2,-1
TBX18,-1
MYBPC2,-1
IL2RG,-1
TUBGCP2,-1
PCNT,-1
YIPF4,-1
RANBP3,-1
TDRD7,-1
OR2T33,-1
KCND1,-1
SIK1,-1
GSTT1,-1
PIGC,-1
PRKG1,-1
TIAM1,-1
ARHGAP23,-1
RFX6,-1
SOX9,1
A1CF,1
AKAP9,-1
CTNNA2,1
ZNF518B,-1
PRKAG3,-1
CLCA2,-1
MAP3K13,1
SYT3,-1
TRGC1,-1
PDE4A,-1
RAB3GAP2,-1
MAGEA4,-1
GPR143,-1
ZNF229,-1
HLA-DQA2,-1
PLA2G12B,-1
CCNDBP1,-1
MYO1H,-1
OTUB1,-1
ID3,1
REXO1,-1
NOTCH3,-1
SLC7A9,-1
MARK2,-1
EGFR,1
PANK1,-1
NALCN,-1
GPC5,1
SIN3A,-1
YARS2,-1
CPA2,-1
ARHGEF4,-1
CCNL1,-1
SLC6A18,-1
SEC16B,-1
GRIN3B,-1
TGS1,-1
SIX4,-1
KIF13A,-1
USP45,-1
KCNH1,-1
MZF1,0
XPNPEP2,-1
SPIRE2,0
MMS19,-1
ZBTB24,-1
CPSF6,-1
IFT80,-1
C2CD3,-1
SPICE1,-1
SSX7,-1
MYO6,-1
MICU2,-1
AMPD2,-1
CHST1,-1
XAB2,-1
GPR132,-1
POLR3A,-1
CORO1B,-1
AHNAK2,-1
IGLC7,-1
PPAT,-1
TDRD9,-1
UBA6,-1
FGFBP1,-1
LCE1A,-1
BRD2,-1
OR1S1,-1
TMEM214,-1
TRAK2,-1
KDM4A,-1
HECTD2,-1
ARSG,-1
ARL2,-1
TUBE1,-1
MOV10L1,-1
ITPR2,-1
ADAMTS15,-1
CNOT8,-1
RASSF8,-1
DLGAP2,-1
NEB,-1
SIRT2,-1
FGF17,-1
DDX52,-1
ZSCAN12,-1
ZMYM4,-1
ARHGEF40,0
PAPPA,-1
CD163,-1
NUP133,-1
GRIA1,-1
AGAP2,-1
SIK3,-1
USP6,1
MAST4,-1
CFH,-1
AKAP10,-1
CACNA1H,-1
MKRN3,-1
DKK2,-1
ECT2,-1
KLK3,-1
DNASE1,-1
AGO4,-1
CTNNA3,-1
GTPBP1,-1
CYP3A4,-1
IFIH1,-1
ULK4,-1
SNAPC4,-1
SMPD2,-1
GOLGA1,-1
CHN1,-1
ABCC1,-1
TNC,1
SPRED1,-1
PER2,-1
NDUFAF1,-1
HERC2,-1
PCSK9,-1
MIER2,0
FGFR1,1
MYH7,-1
APBA1,-1
SNRNP200,-1
POLG,1
TRBV3-1,-1
SHPRH,-1
ZSCAN1,0
ZNF182,-1
NCAPG2,-1
WDR59,-1
ZNF343,0
ELL3,-1
ACVR2B,-1
SSX1,1
NKTR,-1
NR4A2,-1
YLPM1,0
SBNO1,-1
MMP9,-1
CTPS1,-1
UBE2J1,-1
MERTK,-1
TRPM6,-1
WDR24,-1
BRD3,1
LRBA,-1
PCDHGC3,-1
STYK1,-1
ARHGEF11,0
CTC1,-1
ZBTB42,-1
LSM14B,0
CCDC103,-1
PRPF40B,1
FOXJ3,-1
NEUROD1,-1
CERS2,-1
TROAP,-1
SLC22A25,-1
CAMSAP1,-1
CNTN2,-1
SMARCD1,1
ZNF304,-1
PIM2,-1
CYP2A13,-1
ZFX,-1
MAGEB4,-1
ZNF335,-1
OR10H1,-1
ZFPM2,-1
CRX,-1
ACR,-1
ITGBL1,-1
OR5L1,-1
OR5P2,-1
CTSK,-1
LGR5,-1
CAMK2B,-1
MORC2,-1
CHD5,-1
TRAV12-2,-1
DSPP,-1
SMYD1,-1
MST1L,-1
CILP,-1
PDLIM5,0
TNXB,-1
KCNMB3,-1
LMAN1L,-1
SLC9A3,-1
SHANK3,-1
GCLC,-1
DEPDC1B,-1
TLR6,-1
GPR37,-1
HDAC5,-1
DEDD,-1
FCHSD1,-1
COX16,-1
ZNF251,0
AMZ2,-1
CPSF1,0
OVOL1,-1
RAP1A,-1
POMT1,-1
VPS13C,-1
SF3A3,-1
SLIT3,-1
STARD9,-1
SLC35A2,-1
SRPK2,0
SLC19A2,-1
DNM3,-1
CEL,-1
CLDN10,-1
SLC6A9,-1
RIN3,-1
EP300,1
PHF3,-1
TET2,1
ZBTB1,-1
CRYAA,-1
UBE2W,-1
G6PC3,-1
IGHV3-72,-1
NEURL4,-1
MRGPRE,-1
ARPP19,-1
SNX8,-1
FERMT1,-1
TNFRSF9,-1
CCDC65,-1
ANO6,-1
PTPRC,1
CHRNA7,-1
IGLV3-16,-1
NOTCH4,-1
KDR,1
ARID3C,0
GBP4,-1
POM121,-1
SYNPO2L,0
GBF1,-1
JPH1,-1
TBCD,-1
ADAM21,-1
IGKV1-16,-1
CDT1,-1
SORBS2,-1
MUC6,-1
PCDH17,-1
OR8B8,-1
NLRP10,-1
GLB1L2,0
ZNF608,-1
RAB18,-1
PDE8B,-1
RUSC1,-1
CLINT1,-1
SIL1,-1
HTT,-1
LRP1,-1
CCPG1,-1
SYCP3,-1
DDX60,-1
MAL,-1
WNT10B,-1
AMPD3,-1
ZMYM2,-1
TBC1D8B,-1
CDH4,-1
STAB1,0
KCTD8,-1
KIF15,-1
NUAK1,-1
PPP1R12B,-1
TSSK6,-1
ABCA2,-1
RBM5,0
EHMT1,-1
DLX2,-1
ACTR3C,0
PROS1,-1
ANK2,-1
CEP135,-1
TP53,1
SLC6A14,-1
CD1E,-1
CCNB2,-1
CD81,-1
UNC13B,0
SCNN1B,-1
KALRN,-1
ABCA8,-1
KCNA6,-1
CPSF3,0
CCNA1,-1
P2RX3,-1
TECPR1,-1
XPO1,1
CYP11B2,-1
CCDC88C,-1
ZFP57,-1
SP3,-1
OR8A1,-1
IFNA14,-1
MAP2K7,-1
VEGFC,-1
SIPA1L1,-1
UBE2E3,-1
CCT8L2,-1
DCHS1,-1
GALNT7,-1
OR56B1,-1
ADCY8,-1
MUC17,-1
TBCE,-1
VN1R4,-1
TRIM69,-1
PDE3A,-1
PRSS1,-1
CPA6,-1
SELP,-1
SNX33,-1
PTPN18,-1
TP63,1
RCC1,0
ELN,-1
ZNF705A,-1
PYCR1,-1
KRT26,-1
RC3H2,-1
CHPF2,-1
AOC3,-1
SLC22A2,-1
TRIM58,-1
CTCFL,-1
TFAP2D,-1
PPRC1,-1
TMEM132A,-1
CORO1C,-1
ARHGEF25,-1
FRMD1,0
PCDHB1,-1
PLA2G4E,-1
KCNQ1,-1
RDX,-1
TBPL2,0
PCDH1,-1
CALCR,-1
RGR,-1
ACSBG1,-1
DOK7,-1
SCOC,0
PPP1R3A,-1
WASF3,-1
ZNF683,-1
RIPK2,-1
COL6A3,-1
ATP8A1,0
ATOH1,-1
ARHGAP27,-1
LYZL1,0
TCP1,-1
MICA,-1
RHAG,-1
STRC,-1
SH3BP5,-1
PCDHGC5,-1
RAB2A,0
RBM27,-1
UGT2B11,-1
ALG2,-1
UGGT2,-1
LY9,-1
ZNF514,0
COL4A6,-1
SSH3,-1
PLCD1,-1
ANGPT4,-1
RASGRF2,-1
MYO1G,-1
OPCML,-1
CLEC4G,-1
DCSTAMP,-1
PLEKHA7,-1
MX1,-1
UGT8,-1
AIPL1,-1
KCNG4,-1
CCDC40,-1
FAN1,-1
CENPC,0
NMD3,-1
ZBTB26,-1
DTYMK,-1
MYO1F,-1
ATP9A,0
ZNF358,-1
NSD1,-1
WDR83,-1
SLC26A6,-1
RDH10,-1
MCF2L,-1
KRT32,-1
CNR1,-1
RHOH,1
ISL1,-1
CACNA1E,-1
SIPA1,-1
ITGA8,-1
ZNF90,-1
MYO15A,-1
STMN1,-1
ALOX5,-1
TMPRSS9,-1
ANXA5,-1
PHLDB2,-1
INPP5A,-1
KPNA3,-1
CRHR2,-1
GPR135,-1
MSH5,-1
AMHR2,-1
CCL15,-1
TAS2R7,0
SLC30A8,-1
TSSC4,-1
CD82,-1
ZNF768,-1
PCSK2,-1
AQP6,-1
CYLC1,-1
GRXCR2,-1
HK2,-1
GLI2,-1
SAFB2,-1
PIK3R4,-1
ENC1,-1
NTRK2,-1
SKA3,0
MYO9A,-1
SYN3,-1
NPTX2,-1
CLIC4,-1
PCDH11Y,-1
SLC10A7,0
TEX15,-1
UBE2G2,-1
CDK13,-1
ZNF181,-1
TRPM8,-1
FBXO4,-1
CNGA1,-1
HNRNPUL2,0
PTGIR,-1
PTPRU,-1
TONSL,0
GLI1,1
COX20,-1
SPEF2,-1
USP40,-1
MYL6,-1
DYRK4,-1
ZNF703,-1
PLXNA2,-1
GPHA2,-1
BTRC,-1
VCAN,-1
CDHR4,-1
ADAMTS8,-1
ASXL1,1
KRT8,-1
MAB21L2,-1
RYR2,-1
TRAF4,-1
CSNK1G3,-1
STXBP4,-1
KCNK3,-1
KCNA1,-1
FGD5,-1
RAPGEF1,-1
SEMA3A,-1
GPR151,0
PTEN,1
FABP4,-1
USP24,-1
ACTL7B,-1
CLEC10A,-1
FES,1
NUDT10,-1
TSEN54,-1
PEX5L,-1
STK17B,-1
TSHZ1,-1
FIGLA,-1
RPL19,-1
RGS6,-1
MRPL44,-1
CHD6,-1
PTPRZ1,-1
ANO9,0
NELL1,-1
EEA1,-1
ALPK1,-1
PPP2R3A,0
PLXNB2,-1
SCYL1,-1
TEX10,-1
CLEC4F,-1
SGTB,-1
MAP1LC3C,0
ME3,-1
CHRNA4,-1
IL1RL2,-1
PSD,-1
DOCK6,-1
ZNF81,-1
UBTF,-1
UNKL,-1
SRRT,-1
SLC39A7,-1
HCFC1,-1
ASAP1,-1
KIT,1
DIS3L,-1
TRPM4,-1
LAMC2,-1
CTNND2,1
SYNGAP1,-1
ZFP41,0
STXBP3,0
IFNA8,-1
KCNMA1,-1
SCN10A,-1
HIF1AN,-1
RAD23A,-1
ZCCHC8,-1
BAZ1B,-1
ZSCAN10,-1
LILRB1,-1
COL5A3,-1
PCDHA4,-1
TNK2,-1
ALS2,-1
SLC25A3,-1
IL27RA,0
FGG,-1
CDH20,-1
CACNA1G,-1
HSD3B2,-1
CHRNA3,-1
DLG3,-1
NUMA1,-1
EFNB3,-1
CNOT1,-1
PLXNA4,-1
FCRL2,0
INTS5,-1
EIF4E1B,0
ANKLE2,-1
ATP1A2,-1
GABBR1,-1
LEO1,-1
RANBP10,-1
EPB41L1,-1
TRBV27,-1
APBB2,-1
HELQ,-1
ADARB2,-1
SOAT2,-1
PDHX,-1
PIWIL1,-1
COL23A1,-1
PDE4B,-1
EPHB1,-1
PDCL,-1
TXNRD2,-1
SLC5A1,-1
GLIS3,-1
RAB9B,-1
OR11A1,-1
SMARCA2,-1
RBM17,-1
CENPV,-1
CETP,-1
CD300LB,-1
SRRM4,-1
TNPO3,-1
ZNF324B,0
FCGR3A,-1
CDH18,-1
MYO1E,-1
CDH1,1
FUNDC1,-1
ATAD2B,-1
KIR3DL2,-1
OR52M1,-1
OTOA,-1
ZNF710,0
NEURL1,-1
SPIB,-1
OR10J3,-1
OR4N5,-1
MUC5B,-1
BNC1,-1
MYO18A,-1
GOLPH3L,-1
FAM13A,-1
INA,0
AKAP11,-1
DACT1,-1
ATP10B,-1
OR51A4,-1
GINS1,-1
GBE1,-1
MAPKAP1,-1
ESR2,-1
CRMP1,-1
LCE1B,-1
LPAR2,-1
INPP5F,-1
FLG,-1
GTF2H1,-1
HAVCR1,-1
IPO13,-1
ZNF367,-1
TBC1D12,-1
DCTN1,-1
ZNF419,-1
RAD18,-1
ARPC1B,-1
RCOR1,0
NDST4,-1
UGT3A1,-1
UBE2C,-1
ZNF12,-1
EYA1,-1
MPV17,-1
STARD13,-1
ZNF823,-1
BID,-1
SCN11A,-1
ABCA4,-1
OTUD7A,-1
LATS2,1
C6,-1
GTF3C5,-1
ARHGAP9,-1
PDE11A,-1
USP35,-1
DDB2,1
TESK1,-1
RXRA,-1
ZNF697,-1
ABCC8,-1
OTUD4,-1
ADORA2A,-1
CAPN11,-1
GMPR2,-1
CRYBA4,-1
BOD1,-1
CACNB4,-1
SEC16A,-1
OR4D10,-1
GALNT16,-1
TFDP3,-1
OR5V1,-1
IGHD,-1
PGAP1,-1
NOL12,0
GRWD1,-1
P4HA2,-1
KATNB1,-1
KIF26A,-1
WDR36,-1
KIF2B,-1
SLC16A10,-1
LGR4,-1
CHPF,-1
MDM2,1
ZBTB12,-1
SLC4A4,-1
CYP11B1,-1
PIKFYVE,-1
GART,-1
PSG1,-1
SMURF2,-1
TIE1,0
BRD4,1
SORL1,-1
SCAF11,-1
ZEB1,1
PDHA2,-1
LIMK1,-1
OR2T8,-1
RNF19A,0
SOX6,-1
ABCA3,-1
GRP,-1
COPS3,-1
TOR1A,0
OR1N1,-1
PCDHGB4,-1
MYH4,-1
PCDHA2,-1
KIF5A,-1
STON2,-1
SLC17A4,-1
NUDT16L1,-1
KSR1,0
DNMT3B,-1
HSP90AB1,-1
TULP4,0
TTC30B,0
PEX11B,-1
NIN,-1
DMXL1,-1
RAB6A,-1
SMARCA4,1
TFAP2A,-1
EPB41L4A,-1
LILRB5,-1
KRT84,-1
IRX1,-1
DNAJA4,0
LRRFIP2,-1
CDHR2,-1
SAP25,0
MAP2K4,1
GATA4,-1
MUC3A,-1
PTPRS,-1
HDAC6,-1
PTPRH,-1
GAA,-1
SUMF2,-1
SERPINB13,-1
TPST1,-1
SYCP1,-1
CNPPD1,0
EDEM2,-1
NUFIP1,-1
EDF1,0
CCDC13,-1
UGT2B4,-1
SUGP2,-1
ARHGAP30,-1
NCK2,-1
KRT6A,-1
PTPRK,1
SPACA1,-1
GJD2,-1
CENPW,0
YOD1,-1
TEX11,-1
CSPG5,-1
PKD1L1,-1
LAMC1,-1
TRIM21,-1
CACNA2D4,-1
CMSS1,-1
NRP2,-1
ALS2CL,-1
CDK14,-1
LYVE1,-1
CDHR5,-1
MAG,-1
KIF13B,-1
PARP2,-1
FBLN2,1
CENPF,-1
ARHGAP33,-1
KCNA5,-1
TUBB2B,-1
PCDHB6,-1
UBB,-1
CALD1,-1
PFKL,-1
MAST1,-1
HACE1,-1
BSN,-1
KCNJ2,-1
ERGIC1,-1
ABCB4,-1
PCDH7,-1
CEACAM5,-1
NCOA4,1
HCN2,-1
HNRNPA1,-1
SOX5,-1
SCN8A,-1
MYO19,-1
IFNE,-1
OR10Q1,-1
HSPA13,0
MCF2,-1
LAMB4,-1
THAP5,-1
ZC3H13,-1
CUL9,-1
ESRP1,-1
DCLK3,-1
MYH2,-1
VASP,-1
PLTP,-1
ROBO2,1
TRPS1,-1
COL11A2,-1
PSME4,-1
OR5M10,-1
ATAD3B,-1
NDFIP2,-1
MDGA2,-1
SYNCRIP,-1
IRF8,-1
RAP2C,-1
CDSN,-1
SULT1E1,0
ANKRD50,-1
XPOT,0
RPL10L,0
GPC6,-1
TMEM91,-1
KLHL3,-1
TTLL4,0
ALDH1A2,-1
OBSL1,-1
PCDHA12,-1
OR6T1,-1
SRGAP2,-1
SUCNR1,-1
DDX41,-1
IL12RB1,-1
NUP107,-1
PHF6,1
LRFN2,-1
LAIR1,-1
HTR4,-1
PSMG4,-1
VSX1,-1
DPEP1,-1
ARAP2,-1
TUBA4A,-1
USP42,-1
TJP2,-1
USP36,-1
F2R,-1
COL1A1,-1
WIF1,1
EBAG9,-1
WBP4,-1
PCDHGB3,-1
PCLO,-1
CDH10,1
DCAF10,0
SHC4,-1
SETD1B,1
PPARA,-1
MYH8,-1
PAN2,-1
RAPH1,0
AP3D1,-1
RRBP1,-1
AUTS2,-1
SLC24A4,-1
LRP1B,1
FBN1,-1
FOXI1,-1
TRBV5-5,-1
APOBR,-1
PKD2L2,-1
FUT9,-1
SLC44A3,-1
BDKRB1,-1
DNAJC17,-1
BIN3,-1
MAGEC1,-1
DOCK3,-1
ZNF311,0
ZPBP,-1
GSX1,-1
BOLL,-1
DNAH9,-1
DBF4,0
CHRDL2,-1
ARHGAP35,-1
TFDP1,-1
TLN1,-1
GABRA5,-1
DUSP22,-1
AVIL,-1
CNTN3,-1
CCND1,1
OTP,-1
DNAJB2,-1
TSC22D2,-1
SLC16A9,-1
ITGA4,-1
PCDHGB2,-1
DCC,1
RAPSN,-1
MAML1,-1
ATMIN,-1
RBFOX1,-1
CADM1,-1
STK36,-1
OR10K2,-1
AARS2,-1
EML2,-1
UBQLN2,-1
ANO4,-1
RET,1
TMPRSS11B,0
C1S,-1
ANO7,-1
CSGALNACT1,-1
ALOXE3,-1
CD48,-1
ZFC3H1,-1
MYH3,-1
TPSG1,-1
TBL3,-1
LUC7L3,-1
NEK1,-1
IFNLR1,-1
PPP1R14C,-1
TSPYL5,-1
ACLY,-1
DOCK4,-1
ASXL3,-1
MIEF2,0
SLCO1B3,-1
TSHR,1
PCF11,-1
OR5B3,-1
ZNF732,0
EGR2,-1
IL1A,-1
SMARCA5,-1
TXNRD1,-1
BGLAP,-1
PADI2,-1
RPAP3,-1
PABPC4,-1
TIMM50,-1
GRIN1,-1
DNAH3,-1
ELAVL3,-1
SCML1,-1
NUP85,-1
MAGED1,-1
PHAX,0
OR6X1,-1
TLR5,-1
KRT16,-1
ERCC6L,-1
MCCC1,-1
ATG2B,-1
HAPLN4,-1
TXNRD3,-1
MYCBP2,-1
ASPH,-1
SH3RF2,-1
OR2AG1,0
PRDM15,-1
HPN,-1
ANG,-1
BOD1L1,-1
KIF22,-1
SALL1,-1
PUS7,-1
GRIK2,-1
ATP11B,-1
OXSM,-1
HCAR3,-1
ATP2A3,-1
OR1F1,-1
SCN5A,-1
WDHD1,-1
UBE2I,-1
SLC34A2,1
SYT2,-1
KHDRBS1,-1
STAT1,-1
FANCM,-1
MYO5C,-1
SLC4A5,-1
TUBGCP6,-1
PRPF6,-1
ETFB,-1
CORIN,-1
GAPDH,-1
MISP,-1
BMPER,-1
OPRM1,-1
RASGRF1,-1
TPCN2,-1
SPP2,-1
RPA4,-1
HLA-DOB,-1
LRRC8B,-1
NR2C1,-1
BRSK2,-1
SPRY4,-1
CEP89,-1
IRX4,-1
BRDT,-1
OR4C46,-1
VCL,-1
IBA57,-1
TGIF1,-1
POT1,1
BAIAP2,-1
SATB1,-1
CACNA1S,-1
CFHR4,-1
TGM5,-1
CACNA1A,-1
TBC1D30,-1
GOLT1B,-1
MSI2,1
MS4A2,-1
ENPP1,-1
DISP2,-1
OR2F1,-1
OR5D13,-1
OR51F1,-1
PDGFRB,1
ORC2,-1
ESX1,-1
KLK9,-1
SLC26A2,-1
COG2,-1
CHN2,-1
PHF20L1,-1
RC3H1,-1
SLC5A7,-1
BRWD3,-1
CLPX,-1
KLC2,-1
L3MBTL2,-1
DDR2,1
GEMIN7,-1
LZTS1,-1
RELA,-1
BMP1,-1
IL23A,-1
KRT79,-1
PLA2G4F,0
RPH3AL,-1
PPM1H,-1
OR6C1,-1
SLITRK2,-1
PSMB11,-1
TFR2,-1
IRX6,-1
TPTE,-1
TUBGCP3,-1
PAX6,-1
TRIP12,-1
MAGEA11,-1
TKT,-1
SYK,1
PCDHGA7,-1
PALB2,1
HAUS6,-1
SLC32A1,-1
KCNC2,-1
PSMD9,-1
TSC2,1
SIGLEC12,-1
IDE,-1
OPHN1,-1
NSMAF,-1
C2CD5,-1
MICAL1,-1
SERPINH1,-1
ZNF345,0
SRRM2,-1
CACNA1B,-1
RPL41,-1
GC,-1
DTX1,-1
ZNF799,-1
ARCN1,-1
STX16,-1
POC1B,-1
CACNG3,-1
COQ5,-1
OR1L6,-1
GK2,0
COMP,-1
PIK3CB,1
ST14,-1
FHOD3,-1
MEFV,-1
OR2G3,-1
TAF1,-1
SGMS1,-1
ADAM30,-1
SLC9B1,-1
MYT1L,-1
GAD2,-1
DDI2,-1
ASPM,-1
C4BPB,-1
ATR,1
GP6,-1
DPY19L3,-1
POLR3B,-1
BACE1,-1
CYP8B1,-1
MAGEB1,-1
ANAPC4,-1
SLCO4A1,-1
PENK,-1
HEBP1,-1
LHX8,-1
EXD2,-1
IGLV3-1,-1
MAPK15,0
GABRQ,-1
KIFAP3,-1
KHSRP,-1
ZNF221,0
FIG4,-1
LPAR5,-1
SPEN,1
ABCC12,-1
TADA1,0
SLCO6A1,-1
TSSK2,-1
IL10RA,-1
GGA3,-1
FOXK2,-1
CKMT1A,-1
TESPA1,-1
BAZ1A,1
IP6K3,0
HCK,-1
SNAI3,-1
ZNF133,-1
DPP6,-1
OLFML3,-1
OR52N1,-1
HUWE1,-1
DSG4,-1
CTSH,-1
IL23R,-1
TIMM44,-1
BEST4,-1
KIF14,-1
AARSD1,-1
ARL6,-1
RNF216,-1
SCRT2,-1
TOPBP1,-1
B3GALNT2,-1
FSCN3,-1
SCN2B,-1
TMED4,-1
MOGAT2,-1
TEC,1
CASC3,0
KCNJ6,-1
FAT2,-1
RGS17,0
ATAD5,-1
ZNF665,0
ARHGAP22,-1
