genename,label
GALNT2,-1
SIK3,-1
FOXC1,-1
PRLHR,0
AGAP2,-1
PLCB2,-1
OR2A14,-1
FOXS1,-1
IL18R1,-1
RBL1,-1
PPM1L,-1
GPR4,-1
SIGLEC1,-1
HK1,-1
CAP2,-1
OSBPL2,-1
TOX3,-1
ESR1,1
RAB38,-1
SNAPC4,-1
TSHZ2,-1
INPP5E,-1
JADE3,0
HERC2,-1
OGN,-1
SETD2,1
FMO2,-1
TRAF3,-1
TRERF1,-1
LRP2,-1
ATP8B4,0
ZNF560,-1
GRIN2A,1
DR1,-1
OR5C1,-1
ZSCAN1,0
WDR59,-1
IL1R1,-1
RECQL5,-1
PLD2,-1
SNRNP25,0
CHMP7,-1
PLCB4,-1
CA2,-1
LILRA3,-1
ACTB,-1
HTR2B,-1
GIP,-1
MERTK,-1
RNF43,1
FOXO3,1
GPR83,-1
TRPM6,-1
GAB1,-1
JPH2,-1
SMC1A,1
CYSLTR2,1
SCRIB,-1
YAP1,-1
MDN1,-1
SLC19A1,-1
DNAH7,-1
ACSM4,-1
CHRM1,-1
CAMSAP1,-1
CNTN2,-1
RNF167,-1
LPCAT1,-1
CYP2A13,-1
PGAM4,-1
SCN2A,-1
ZNF658,-1
TF,-1
CLCN5,-1
SPRY2,-1
KIAA1549,-1
RAB2B,-1
FOXP2,-1
FAT1,1
FAM161A,-1
MAOB,-1
MORC2,-1
GABRE,-1
USP34,-1
NFE2L2,1
ADAMTS10,-1
SRSF4,-1
MSR1,-1
DUSP11,-1
OR4K1,-1
OR2B2,-1
SLC9A3,-1
CD160,-1
HDLBP,-1
ANO10,-1
ABCA13,-1
GRHL3,-1
AGAP1,-1
IMP4,-1
DYNC1H1,-1
PDIA5,-1
UTRN,-1
TTF1,-1
COL4A1,-1
HDAC5,-1
SMCR8,-1
LILRA2,-1
CEP192,-1
CCDC8,-1
RYR1,-1
COX16,-1
TRIM63,-1
DLGAP5,-1
RAC2,-1
RPP38,-1
ATG9A,-1
RHPN2,-1
DEAF1,-1
LRRC4B,0
KDM6A,1
JAK1,1
UPK1A,-1
EP300,1
ATF7IP,-1
AP1G2,-1
MPP1,-1
CNGA2,-1
B4GALNT2,0
DYNC2H1,-1
PPL,-1
MYO1C,-1
POLK,-1
NPAS1,-1
SLITRK3,-1
ZBTB8A,-1
OR5L2,-1
TBCD,-1
LRFN3,-1
SLC39A5,-1
ARPC2,-1
STAM,-1
LRRC49,0
PRKD1,-1
PDE4D,-1
DEPDC5,-1
DLGAP3,0
COL22A1,-1
PDE8B,-1
NLRC5,-1
COL12A1,-1
ZNF503,-1
MGAT4B,-1
TTN,-1
PLCE1,-1
CDH4,-1
F7,-1
ST3GAL3,-1
STAB1,0
UGT2B17,-1
SULF2,-1
BEND3,-1
GTSE1,0
PLA2G7,-1
SLC26A9,-1
DLX2,-1
PLCD4,0
AHI1,-1
CACNA2D1,-1
PRKCB,1
ANK2,-1
COG1,-1
RASA2,-1
QKI,1
UNC13B,0
P2RX3,-1
SPTBN4,-1
XRCC3,-1
RPS9,-1
GGA2,0
PYGL,-1
PSAP,-1
SLC13A5,-1
FCRL1,-1
GRHL2,-1
DPEP2,-1
RXRG,-1
SNX20,-1
DCAF11,-1
CDC27,-1
BZW2,-1
VASH2,-1
MUC17,-1
SELE,-1
SLIT2,-1
KCNV1,-1
DRG1,-1
PSMF1,-1
FBXL13,-1
TBX6,-1
AKAP13,-1
KCNJ16,-1
RELN,-1
RBM12,-1
PCDHB16,-1
KRR1,-1
OR5B21,-1
ZMYM3,1
LGALS9,-1
TMEM132A,-1
DNER,-1
STAG1,1
SETX,-1
MC2R,-1
TNIP1,-1
PI4K2A,-1
UMOD,-1
ADAD2,-1
EPC2,-1
SHANK1,-1
GMEB2,-1
ZBTB7B,-1
ZNF423,-1
UTP14C,0
PPP1R3A,-1
ETS1,-1
KCNE3,-1
CYP27B1,-1
SPDL1,-1
REC8,0
APEH,-1
BBX,0
SKOR1,-1
CUX2,-1
ARSB,-1
PIK3R5,-1
FCGR2A,-1
SQSTM1,-1
OCLN,-1
MATK,-1
USP49,0
CELSR1,-1
XRCC2,-1
P2RY2,-1
FGFR4,1
ELMO2,-1
MCM5,-1
SSH1,-1
SNX4,-1
SERPINA3,-1
RASGRF2,-1
ANGPT4,-1
HHAT,-1
ZDHHC23,-1
KCNK13,-1
ARHGDIA,-1
ZNF180,-1
KPNB1,-1
CIITA,1
MINK1,-1
MYO1F,-1
SLC25A23,0
NSD1,-1
DIDO1,0
PANK4,-1
KRT32,-1
GRIN2B,-1
CACNA1E,-1
SBF1,-1
PRRC2A,-1
ASB6,-1
KCTD19,-1
XPO7,-1
CLP1,-1
MYO15A,-1
NGFR,-1
TNFSF14,-1
NRXN1,-1
MUC16,-1
SMPD3,0
NHS,-1
SLC12A7,-1
ERC1,-1
INPP5A,-1
ROS1,1
IGFBP3,-1
CBX5,-1
ANXA2,-1
OR2L2,-1
PPFIBP2,-1
DLL1,-1
RGL3,-1
PCDH19,-1
ZNF462,-1
ARSJ,-1
SEMA4A,-1
GRIK3,-1
PNLIP,-1
VPREB3,-1
CDC40,-1
ATP1B4,0
GLI2,-1
SKA3,0
OR6C65,-1
TECTA,-1
TCHH,-1
NCR3,-1
NDN,-1
SLC4A1,-1
TYRO3,-1
IL24,-1
PTPRU,-1
ATG2A,-1
DVL2,-1
PPP2R5D,-1
IVL,-1
RAI14,-1
PRRC2B,-1
ZNF425,-1
ADD1,-1
TRIM56,-1
NOTUM,-1
APBA2,-1
KIAA0586,-1
GBA2,-1
EHMT2,-1
RYR2,-1
EPPK1,-1
ATF6B,-1
COL25A1,-1
ACTL7B,-1
GOLGA4,-1
NR3C1,-1
ALDH2,-1
KIR2DL1,-1
CCAR1,-1
PPP2R1A,1
RUNX1,1
OR51L1,-1
FUS,1
PAGR1,-1
MAP3K12,-1
ARHGEF19,-1
SOST,-1
KIF4B,-1
HOXB8,-1
ATAD3A,-1
FUBP3,-1
TLN2,-1
PIP4K2A,-1
PAX7,-1
PPP1R12C,-1
BCOR,1
TBC1D15,-1
LMOD3,-1
CDC20B,-1
STIP1,-1
LCE3D,-1
PPP2R2A,0
ZNF546,-1
ZNF20,-1
PTGER2,-1
SLC6A12,-1
AHCTF1,-1
ADIPOR1,-1
PTBP2,-1
MATN4,-1
PLXNA4,-1
INTS5,-1
FCGRT,-1
NPAS2,-1
NFX1,-1
BICD1,-1
FOXF2,-1
ATP1A2,-1
GSTA4,-1
PSD4,-1
FLNA,1
STK33,-1
GRID1,-1
HMGXB4,-1
GNB3,-1
RAD23B,-1
CTDSP1,-1
GLIS3,-1
PAG1,-1
TRAM1,0
RAB33A,-1
LRFN1,-1
CETP,-1
GABRD,-1
ARNT2,-1
PPM1J,-1
ANKK1,-1
SH3RF1,0
CDH18,-1
NEU2,-1
DENND3,-1
TMC2,-1
PRDM2,1
CSPG4,-1
TCIRG1,-1
KIR3DL2,-1
KAT2A,-1
CENPE,-1
HOXB5,-1
VAV3,-1
FASTK,-1
APC,1
GTF2E2,-1
ZNF281,0
SCARB1,-1
BNC1,-1
EIF2AK2,0
ZNF747,0
SUN5,-1
ZBTB7A,-1
NRCAM,-1
EFEMP2,-1
GNAQ,1
AP3B2,-1
ERBB4,1
MED12,1
FLRT1,-1
DHRS3,-1
OBSCN,-1
PER1,1
ZNF367,-1
ARPC1B,-1
PLA2G6,-1
ESRRG,-1
KIR2DL4,-1
DCAF12,0
CYP1A1,-1
HIVEP3,-1
SHROOM2,-1
F5,-1
EHD3,-1
PCDHGA2,-1
SLC30A1,-1
ARAP3,-1
FBXW7,1
SBK2,-1
SCN11A,-1
ELOVL2,-1
PCDHB7,-1
CGNL1,-1
SERPINA9,-1
LATS2,1
CYLD,1
FMNL1,0
PCDHGB1,-1
USP35,-1
TRIM67,-1
TFAP2B,-1
IL12RB2,-1
HSD17B1,-1
CD109,-1
ASIC1,0
TRPM7,-1
OTUD4,-1
NECAP1,-1
TMOD2,-1
RBM22,-1
MAP3K5,-1
SF3B1,1
BMP7,-1
TFDP3,-1
COQ2,-1
NUP210,-1
IGHV1-46,-1
EWSR1,1
KATNB1,-1
MAPK8IP2,-1
ADAMTSL1,-1
CADM3,-1
MYO7B,-1
PSG1,-1
SNAP91,-1
SORL1,-1
HMX3,-1
MACF1,-1
LRRC8A,-1
PPP6R2,-1
ABCA12,-1
SAP30BP,-1
PCDHGB4,-1
LLGL2,0
MYH4,-1
AGRN,-1
GLP1R,-1
B4GALT4,-1
PMPCA,-1
ZNF555,0
COL14A1,-1
EIF1AX,1
ZNF446,0
TGM4,-1
EXOC2,-1
DTNA,-1
NCAM1,-1
LSM1,-1
SNAPC2,-1
MAP2K3,-1
NIN,-1
TTC8,-1
BAP1,1
COL9A1,-1
SCN9A,-1
CASP14,-1
DST,-1
TNFRSF8,-1
SMARCA4,1
ARHGEF17,-1
FLNC,-1
SYTL3,0
PARD3,-1
ZHX3,-1
MUC2,-1
NOP10,0
PRDM4,-1
EYA3,-1
OR51B6,0
SLC16A2,-1
TSC22D4,-1
DNAJC8,0
PKP3,-1
DNAH8,-1
NEDD4,-1
SUGP2,-1
DDHD2,-1
NOP14,-1
COL4A2,-1
MAPKAPK2,-1
ZNF764,0
MBTPS2,-1
KIF13B,-1
SIPA1L3,-1
COL9A2,-1
TNS4,-1
TRAF3IP1,-1
CYP2C8,1
TRIM4,0
ODC1,-1
PDGFRA,1
ZNF484,0
RPS6KC1,-1
CHST12,-1
CENPF,-1
CHML,-1
OSGIN1,-1
SLC2A8,-1
GNA11,1
OSM,-1
ZNF157,-1
DCP1B,-1
SPAG16,-1
ANAPC1,0
NCF2,-1
AMOTL2,-1
NLRP3,-1
SIM2,-1
B3GAT3,-1
IRAK3,-1
CNTROB,-1
PTCH2,-1
RPS6KA6,-1
HSD11B1L,-1
USP15,-1
ASB10,-1
ZC3H13,-1
GPATCH3,-1
ZNF140,-1
MYH2,-1
SPTA1,-1
ROBO2,1
AGO2,-1
DAPK1,-1
ASCC3,-1
WDR41,-1
CD4,-1
SMARCAD1,-1
PSME4,-1
MTOR,1
NDUFAF6,-1
RPL10A,-1
KMT2D,1
MED9,-1
MUC4,-1
LAMA3,-1
TRPV2,-1
NFIC,-1
FBXL17,-1
OR2D3,-1
ANKRD50,-1
ANK1,1
ZNF324,-1
FANCL,0
MICU1,-1
KLHL3,-1
TTLL4,0
F12,-1
ALDH1A3,-1
OBSL1,-1
CHST2,-1
HHEX,-1
SEMA5A,-1
PRUNE2,-1
NPHP3,-1
CBX2,-1
EPS8L2,-1
CUL7,-1
KCNU1,-1
PPARA,-1
CACNA1C,-1
MLST8,-1
DNAH11,-1
AP3D1,-1
LRP1B,1
RRBP1,-1
DSCAM,-1
NOC4L,-1
NME7,-1
FBN1,-1
E2F7,-1
FUT9,-1
MYBPC3,-1
HSD17B7,-1
DOCK3,-1
SERPIND1,0
CDHR1,-1
C3,-1
DPP4,-1
CNTN3,-1
LARP1,-1
ROR2,-1
HSPG2,-1
KTN1,-1
THBS2,-1
FBXL18,-1
PDE6B,-1
ITGAX,-1
PAPPA2,0
ITGA4,-1
PDE4DIP,-1
COL2A1,1
CAND1,-1
KAT6A,1
CACNA1D,1
SPTBN1,-1
EDN1,-1
COL27A1,-1
CAMK1D,-1
SLC22A5,-1
CAT,-1
OR2B3,-1
RPL36AL,-1
ITPR1,-1
DNAH2,-1
PRKAG2,-1
GAL3ST4,-1
RET,1
CSGALNACT1,-1
ZFC3H1,-1
BAZ2A,-1
ASB11,-1
ZFP1,-1
PPFIA1,-1
ASXL3,-1
ZNF860,0
GAP43,-1
APEX2,-1
PSG4,-1
FAM13B,-1
OR11H1,-1
PADI2,-1
RADIL,-1
TRIO,-1
PLXND1,-1
HR,-1
ZMAT5,0
ZSCAN20,-1
SLC40A1,-1
PUS3,-1
CNTN5,-1
KRT16,-1
ALPL,-1
IL17RD,-1
ARID1B,1
LAMA2,-1
GNB1,-1
MUC5AC,-1
LAMA1,-1
SYNE1,-1
FBXO10,-1
FGFR2,1
TAF1C,-1
ALG1,-1
PCK2,-1
EVC,-1
TXN2,-1
ATP2A3,-1
WDHD1,-1
OR1F1,-1
SSX5,-1
MRPL4,-1
POLR1B,-1
PCDHA9,-1
UBE2J2,0
BIRC5,-1
FANCM,-1
BEST3,-1
EGF,-1
DNAH17,-1
ITPKB,-1
OR10G4,-1
CYP17A1,-1
COL11A1,-1
OR4E2,-1
MRAS,-1
ACD,-1
CFP,0
TBX5,-1
EIF1B,-1
CACNA1A,-1
ATP10D,-1
MLC1,-1
TPCN1,-1
UBR2,-1
DSG1,-1
COG2,-1
FAT4,1
RERE,-1
IFIT3,-1
ZNF195,-1
ZNF599,0
BMP1,-1
MED25,-1
KRT79,-1
KCNH5,-1
PTPRD,1
IL25,-1
NUFIP2,-1
USP13,-1
IQSEC3,-1
LY6G6C,-1
ZBTB11,-1
NCAPH,-1
ZNF197,-1
ALYREF,-1
RAC3,-1
PHKA2,-1
MYBPC2,-1
CLEC4M,-1
COL5A1,-1
SLC13A1,-1
WDR75,-1
RNF25,-1
NOD2,-1
MYO3B,-1
HAT1,-1
ZSCAN16,0
NCAN,0
AKAP9,-1
PTPN21,-1
ZNF518B,-1
SLC2A10,-1
IGHG3,-1
GJA1,-1
ARHGAP17,-1
DNM1,-1
ANKRD27,0
SRRM2,-1
CACNA1B,-1
CDH7,-1
VWF,-1
FHOD3,-1
REXO1,-1
PLEC,-1
ZNF527,-1
DGKQ,-1
PREX2,1
ASPM,-1
SLC26A5,-1
CHST4,0
FOXM1,-1
GRIN3B,-1
APOA4,-1
NCOA2,1
NACA2,0
TWF2,-1
MEN1,1
PDS5B,-1
CYTH3,-1
PRPF8,-1
CPEB3,1
XAB2,-1
FRAS1,-1
MYOF,-1
SAP130,-1
HUWE1,-1
KRT83,-1
OR7D4,-1
PARPBP,0
ADAMTS4,-1
CASC3,0
NEB,-1
FAT2,-1
GLB1L,0
PPP4R1,-1
THBS3,-1
PAPPA,-1
ARHGEF40,0
CD163,-1
GRIA1,-1
NBN,1
