genename,label
PRDM14,-1
ZBTB17,-1
PRDM12,-1
SMC6,0
NDUFAF7,-1
POTEE,-1
DDX11,-1
RBL1,-1
HELLS,-1
STIL,1
SIGLEC1,-1
RFC1,-1
HK1,-1
INIP,-1
IDH3A,-1
HADHA,-1
ITGB5,-1
MNDA,-1
ITSN1,-1
AKR1C2,-1
RNF113B,-1
E2F5,-1
SPRR2A,-1
TRAV8-2,-1
GLUD1,-1
GRIN2A,1
LPP,1
CHD2,1
SPATA16,-1
UBXN6,-1
UIMC1,-1
PLCB4,-1
PIK3C2A,-1
MMRN2,-1
PUS7L,-1
PIP5K1A,-1
NKD2,-1
SERPINB8,-1
HELB,-1
SENP3,-1
CXCR1,-1
PKLR,-1
OR8U1,-1
RAE1,-1
ACSM4,-1
RNF167,-1
DOC2A,-1
PPP2R2C,-1
SLCO1B1,-1
ARHGAP28,-1
TBX20,-1
ENPP2,-1
TREM2,-1
MICU3,-1
TAS2R43,-1
ALOX15B,-1
ZNF772,-1
TAOK1,-1
NDRG2,-1
OR52A5,-1
OR6C4,-1
KRT7,-1
GINS4,-1
PRAME,-1
SNX13,-1
SLC26A7,-1
HINFP,-1
ZNF18,-1
SLC25A12,-1
TTF1,-1
KATNBL1,-1
OR8H3,-1
GDF9,-1
RHPN2,-1
G3BP1,-1
DDX42,-1
SERPINA11,-1
AMER1,1
THBS4,-1
RAB11FIP4,-1
MPP1,-1
FZD3,-1
NCEH1,-1
RABGAP1L,0
NR3C2,-1
PLIN1,-1
CST6,-1
HGF,-1
SP110,-1
PSENEN,-1
PFKFB4,-1
MDGA1,-1
NAP1L1,-1
SLC31A1,-1
LMAN1,-1
MAP1B,-1
NLRC5,-1
ZNF574,0
NDUFB9,-1
MED29,-1
PRICKLE3,-1
SPATA5,-1
IQSEC2,-1
CYP26B1,-1
BEND3,-1
KLRG1,-1
SERPINB9,0
SEC31B,-1
CYP2C9,-1
CACNG7,-1
EYA4,-1
ZFHX4,-1
TNRC6C,-1
GPR75,-1
RAB3A,-1
SEC24B,-1
STX4,-1
VRTN,-1
VAT1L,-1
NDRG4,-1
CTBP2,-1
MMS22L,-1
ZNF512B,-1
TINAGL1,-1
ZEB2,-1
RGS3,-1
OR5B21,-1
SYCE1,-1
SYNJ2,-1
TRMT10A,-1
PRKD2,-1
RLIM,-1
GMEB2,-1
NNMT,-1
SUPT5H,-1
CSH1,-1
RNF40,-1
PKD2,-1
CEP41,-1
CCNH,-1
SRGAP1,-1
INPP1,-1
MRPS35,-1
FGFR4,1
SCNN1G,-1
ACTN4,-1
C8B,-1
APEX1,-1
SAP18,-1
BAHD1,-1
METTL21A,-1
MC1R,-1
ARHGAP5,1
TBC1D13,-1
FBF1,0
PREX1,-1
SASH3,-1
NRROS,-1
PRRC2A,-1
PSEN2,-1
SCO1,-1
SLC39A6,0
ANXA2,-1
PPFIBP2,-1
RGL3,-1
SRSF11,-1
SWI5,-1
MMP3,-1
TPO,-1
GH2,-1
TRMT11,-1
OR11G2,-1
FPR3,-1
GLRA1,-1
TECTA,-1
RBM25,-1
BTK,1
MRPS11,-1
TNFRSF11A,-1
ZNF142,-1
PPWD1,-1
HYAL1,-1
GPRC6A,-1
PDCD7,-1
SUZ12,1
OR5M8,-1
ILF3,-1
RARG,-1
NKAP,-1
HNRNPM,0
EIF2S3,-1
TCTN3,-1
HM13,-1
ZNF177,-1
CASP9,1
EDIL3,0
CNPY3,-1
FMNL2,-1
ELOVL4,-1
GRB7,-1
ETS2,-1
KIR2DL1,-1
DPP8,-1
ERI1,0
EZR,-1
OR51E1,-1
DARS2,-1
OVGP1,-1
SLITRK4,-1
PLA2G4B,-1
CACNA2D3,-1
TLN2,-1
LPAR3,-1
ZSCAN25,0
MCOLN2,-1
ZSCAN22,-1
KLK1,-1
C4BPA,-1
CDC20B,-1
FLII,-1
STIP1,-1
LRRTM2,-1
TRIM26,-1
KDM4E,-1
EMB,-1
B3GNT5,-1
MAPK14,-1
ARRB2,-1
LAMB1,-1
CASQ1,-1
MRPL13,-1
OR2Z1,-1
BRD1,0
CCT5,-1
HOOK2,-1
CD80,-1
USP48,-1
CAMK4,-1
KLC4,0
DAB2IP,-1
GTF3C2,0
PALLD,-1
INHBA,-1
TAOK2,-1
KRTDAP,-1
DISP1,0
ANKK1,-1
PABPC1,1
TBCA,-1
CPT1C,-1
DPYSL3,-1
PGGT1B,-1
ZNF281,0
OR13C5,-1
PDS5A,-1
MEIS3,0
PRKCA,-1
CYP2C19,0
TNFSF11,-1
WDR43,-1
COL17A1,-1
ALG8,-1
KRT86,-1
ENO3,-1
XCR1,-1
IZUMO1,-1
ATXN10,-1
F5,-1
SHOX2,-1
KCNH6,-1
MAVS,-1
GTF2B,-1
DISC1,-1
CYLD,1
HRH1,-1
OR5D16,-1
C3AR1,-1
SVOP,-1
CALR,1
HSD17B1,-1
PLCG1,1
SAG,-1
LEPR,-1
MBOAT1,-1
PBLD,-1
SYT1,-1
TBX22,-1
DYNC1I1,-1
ADCY10,-1
IGKV4-1,-1
CAV2,-1
RSF1,0
ZNF471,-1
SLC15A3,-1
DIMT1,0
ZSCAN4,-1
CDKN1A,1
FSTL1,-1
DKKL1,-1
SLC36A3,0
FOXO4,1
MTTP,0
MYO3A,-1
SPHK2,-1
INTS2,-1
TRIM44,-1
LCN1,-1
GAS2,-1
HOXC4,-1
COA1,-1
ATP2C2,-1
RAPGEF3,0
FLNC,-1
KLHL15,-1
HOXC6,-1
ZHX3,-1
USB1,-1
OR51B6,0
ZNF737,-1
ZNF70,-1
ZNF317,-1
RGS18,0
SIX1,1
PKN1,-1
EVI2A,-1
UBOX5,0
SRFBP1,-1
DDHD2,-1
NOP14,-1
HTRA3,-1
ADAM28,-1
FGF4,-1
ZNF577,-1
DOCK5,-1
ZNF207,-1
PCDHB10,0
MPEG1,-1
TECPR2,-1
MAP7D1,0
SETD6,-1
ENTHD1,-1
GNA11,1
ZNF132,-1
ADD3,-1
RUFY2,-1
ZNF280C,0
HOXD10,-1
LRP3,-1
RAMP3,-1
F13A1,-1
PCDHA7,-1
JAM3,-1
CDK20,-1
RIOK1,-1
AEBP2,-1
ASGR1,-1
WNT2,-1
HSPA6,-1
MRPL30,-1
ZC3H18,0
OR1E2,-1
EPHX1,-1
FZD8,-1
CAPN13,-1
GTF2H2,-1
POLN,-1
NCAM2,-1
KMT2D,1
VEGFA,-1
KCTD16,-1
RHBG,-1
OR2D3,-1
ZNF492,-1
COL3A1,-1
ZNF750,-1
AMER3,-1
STEAP2,-1
UPF3B,-1
KIF4A,-1
MPP4,-1
ALPP,-1
IGHV4-61,-1
SERPINA7,0
DLX6,-1
BCS1L,-1
UBA1,-1
ATXN3L,-1
EPHA4,-1
CTR9,0
PCK1,-1
BMP10,-1
IL7,-1
IL16,-1
DSCAM,-1
PLEKHM1,-1
NUP54,-1
MVD,-1
MAST3,-1
MICALL1,0
UCHL3,-1
TIAL1,-1
OR10S1,-1
ABCF1,-1
RTP1,-1
CALHM2,-1
LMOD1,-1
TUBB2A,-1
TOX,-1
RRP15,-1
ZNF44,-1
ZNF382,-1
TRAP1,-1
ZNF212,-1
EDN1,-1
OSTM1,-1
KIF5B,-1
B4GALT2,-1
ACSS1,-1
PDE6C,-1
LPAR4,-1
PDLIM1,-1
CYP2R1,-1
POU5F1,1
OR10G7,-1
RCOR2,-1
MCL1,-1
CXCR4,1
CHD3,-1
NUMBL,-1
HSPA5,-1
ZNF860,0
IRAK1,-1
KRT23,-1
DOK5,-1
ZNF175,-1
COASY,-1
DGKZ,-1
ZNF263,-1
MED12L,-1
MARK3,-1
ZNF491,0
LAMA2,-1
AMBN,-1
SLC45A2,-1
PANX1,-1
TERF1,-1
VSNL1,-1
HUS1B,-1
GPR141,-1
TUB,-1
MBTD1,0
LYST,-1
ZSCAN21,0
PCDH15,-1
OAS3,-1
GALNT12,-1
OR2L13,-1
ATP6V0A1,-1
DNAH17,-1
RGS1,-1
SMG9,0
NCOA1,-1
JPH3,-1
POGZ,-1
FERMT2,-1
SH2D2A,-1
OR4Q3,-1
VARS2,-1
CTSD,-1
EGLN2,-1
ZNF256,-1
CCL28,-1
WASF2,-1
CDK5RAP2,-1
PRKCI,-1
ATG9B,-1
HCAR2,-1
CABP5,-1
GLIS2,-1
ACTL8,0
RRN3,-1
OR2Y1,-1
UBR4,-1
OR2C3,-1
PRL,-1
KCNK16,-1
RWDD3,-1
OPRK1,-1
ARFGAP2,-1
HOXA2,-1
PTPN21,-1
CALML4,-1
SETD4,-1
SETD3,-1
ARMC8,-1
ZNF528,-1
ARRDC4,-1
PYGB,-1
SC5D,0
SLC4A2,-1
PLSCR1,-1
FNBP1,-1
MRGPRD,-1
ROBO3,-1
GPER1,-1
AP1G1,-1
FBXO24,-1
NMT2,-1
RAB10,-1
ASIC4,0
USP30,-1
FBXO7,-1
SYT6,-1
PADI3,-1
PSG7,-1
RAB40AL,-1
C5AR2,-1
NLRC3,-1
ZMYND11,-1
AIMP2,-1
ASAH2,-1
KRT83,-1
PLK2,-1
KCNA10,-1
CARD18,-1
HOXB2,-1
TSFM,-1
NFS1,-1
CDH24,-1
PPP2R2D,-1
ICAM1,-1
AXIN2,1
IL1RAPL1,-1
OR2D2,-1
COL4A5,-1
JADE1,0
PPP4R1,-1
LRRC4,-1
RAP2A,-1
VRK3,0
MUC7,-1
DNA2,-1
PRKDC,-1
LTBR,-1
DICER1,1
NHSL1,-1
DERL1,-1
TMEM106B,-1
DSC1,-1
CAP2,-1
CHKB,-1
OSBPL2,-1
LAMP1,-1
CAD,-1
RGS19,-1
SETD2,1
MMP21,-1
SPDYC,-1
OR9A4,-1
CAPN3,-1
STX17,-1
LCE1C,-1
VPS26B,-1
ALG10B,0
OR52R1,-1
DKK3,-1
TAS2R42,-1
EXOC4,-1
NELFA,0
CCR1,-1
GJB5,-1
SECISBP2,-1
IGF2BP3,-1
OR2A12,-1
STK32C,-1
PNMA5,-1
NUP214,-1
KIAA1549,-1
FOXP2,-1
RASGRP4,-1
NAA35,0
SRSF7,-1
MCHR2,-1
OLFM1,-1
MAGEH1,-1
CSPP1,-1
ADAMTS10,-1
AREL1,-1
TOM1L1,-1
WFIKKN2,-1
LCP2,-1
OR6F1,-1
PIGS,-1
VIPAS39,-1
GPI,-1
PLA1A,-1
COL4A1,-1
RBBP6,-1
KCNJ12,-1
KRT76,-1
HSF1,-1
BPIFB2,-1
RSU1,-1
OR1A1,-1
FBXO44,-1
SCAF4,-1
SPRTN,-1
JAG1,-1
ALOX15,-1
MON1A,-1
CEP152,-1
CCT4,-1
SLMAP,0
CLIP3,-1
VGLL1,-1
GTF3A,-1
CERS6,-1
MYO1C,-1
SRPK1,-1
POLK,-1
RLF,-1
HNRNPU,-1
OR2M2,-1
HRC,-1
OR2T11,-1
COL22A1,-1
POU4F1,-1
CPA4,-1
CLNS1A,-1
PRMT5,-1
OR6Q1,-1
CDKL4,0
PRKACB,-1
AP3M2,-1
BBS7,-1
GPHN,-1
MSX1,-1
PTPN7,-1
CLK1,-1
PCDHGA9,-1
CASP6,-1
TRIM36,-1
BTN1A1,-1
HPSE2,-1
SLC13A5,-1
NOC2L,-1
FGB,-1
CDC42EP4,-1
WRNIP1,-1
RICTOR,-1
GRHL2,-1
LRP8,-1
PRSS55,-1
ACSL6,-1
GABPA,-1
RNF133,-1
GPR139,-1
GNAI2,-1
LAPTM4B,-1
MED10,-1
MCM8,-1
VPS37C,-1
ZNF620,-1
GM2A,-1
RELN,-1
ZNF341,-1
OPA1,-1
SLC10A2,-1
DNER,-1
STAG1,1
UMOD,-1
CYP11A1,-1
SPRR2F,-1
LIPG,-1
COPG1,-1
DCAF15,-1
SERPINB12,-1
ASIP,-1
NUP160,-1
ZNF34,-1
IGF2,-1
SLC25A4,-1
SLC25A25,0
DUSP5,-1
RPS6KA1,-1
DHX9,-1
ANLN,-1
NIM1K,-1
TGFB1,-1
ZNF662,0
NPY4R,-1
SLC6A16,-1
ARSI,-1
HCN1,-1
P2RY2,-1
CRTC2,-1
ZNF564,0
BRD9,-1
ATL1,-1
TRIOBP,-1
BCLAF1,1
HHAT,-1
POLR1E,0
OR51D1,-1
FAM83A,-1
MMP8,-1
PAK1IP1,-1
WDR18,-1
ITGA3,-1
IL17RA,-1
RASSF2,-1
PANK4,-1
ECE2,-1
SLC5A11,-1
SEC23B,-1
TTI1,-1
RRP8,-1
ASB18,-1
NHS,-1
IGKV2-24,-1
TUBA8,-1
NOVA1,-1
COMTD1,0
ZNF652,-1
TRIB1,-1
HAUS1,-1
RALGPS1,-1
DIAPH3,-1
ZNF638,-1
ZNF445,0
GPR160,-1
DNAJC11,-1
DAPK2,-1
PPP1R14B,-1
PTPRF,-1
SOCS2,0
NDN,-1
RINT1,-1
PIWIL2,-1
PECR,-1
IL5RA,-1
SPN,-1
MSH6,1
TRIM56,-1
DNAAF1,-1
HERC5,-1
EHHADH,-1
NET1,-1
CXCR6,-1
EHMT2,-1
MMP24,0
DENND4B,-1
PMM2,-1
FBXO30,-1
CLTCL1,1
SASS6,-1
TPR,-1
TFAP2E,-1
SLC39A2,-1
CLCN7,-1
EPM2A,-1
IFNB1,-1
CEP250,0
OGDH,-1
HTR3A,0
ATP12A,-1
HEXIM1,0
KRIT1,0
AMFR,-1
ITGB4,-1
RABEP1,-1
ELP3,-1
EXTL1,-1
KDM4B,-1
TNFSF8,-1
KRT36,-1
RBBP4,0
BCOR,1
EMC1,-1
EMILIN2,0
RGS20,0
PIF1,-1
SYT8,-1
SFXN4,-1
ZNF552,0
B3GAT2,0
UNC119,-1
DDX51,-1
ZNF708,0
NCR1,-1
CDX2,1
RNF6,-1
AKAP3,0
CAND2,-1
ANAPC5,-1
OR52I2,-1
RBM7,-1
IFITM1,-1
CTDSP1,-1
TBC1D22A,-1
CLK2,-1
SLC2A2,-1
CASQ2,-1
LRRC41,-1
TM9SF2,-1
PPM1J,-1
PODXL,-1
DENND5B,-1
CSPG4,-1
PFKFB2,-1
ACSS2,-1
SSR3,-1
TCIRG1,-1
PBX2,-1
IRF3,-1
SWAP70,-1
SAMHD1,-1
CDH19,-1
LPA,-1
PLA2G4A,-1
CCL27,-1
ZXDC,-1
NEUROG2,-1
ERBB4,1
GRXCR1,-1
ZNF213,-1
TRAV8-1,-1
PLA2G6,-1
PPP1R3B,-1
SLC12A3,-1
EHD3,-1
HS3ST2,-1
ARAP3,-1
FBXW7,1
ELOVL2,-1
GDF2,-1
AAR2,-1
SERPINA9,-1
G6PD,-1
TRAV21,-1
ASH2L,-1
CAPN12,-1
MYLK,-1
ANTXR2,-1
ATF2,-1
NCOA6,-1
CXCL12,-1
ZSWIM8,-1
CDC42EP1,-1
KMT2C,1
EPAS1,1
ZNF559,0
CARD14,-1
ATXN7,-1
TECTB,-1
LIAS,-1
TYSND1,-1
ANXA13,0
ERN2,-1
PCDHGA1,-1
HTR3C,-1
PGK2,-1
BECN1,-1
RPS10,-1
NCAM1,-1
SULF1,-1
ZNF407,-1
ITGA5,-1
GLRA3,-1
CLN6,-1
SMUG1,-1
CYP24A1,-1
MYBL1,-1
DNMT3A,1
MOGS,-1
TNPO1,-1
CLEC4A,-1
RRH,-1
SLC16A2,-1
HORMAD1,-1
CATSPERB,-1
STT3B,-1
FMN2,-1
DNAH8,-1
SGCA,-1
PTGER3,-1
GTPBP10,-1
GPR19,-1
DKK4,-1
COL4A2,-1
PURG,-1
TRAF3IP1,-1
GPR34,-1
OR51B2,-1
NR4A1,-1
GUCA1A,-1
ARHGEF6,-1
NARS2,-1
GULP1,-1
DNAJA3,-1
CHRNB3,-1
AGT,-1
UGT1A7,-1
SEMA3E,-1
RPN2,-1
SYCP2,-1
ANAPC1,0
PELI3,-1
SRP72,-1
HEPACAM,-1
AMPH,-1
CHERP,0
CNTROB,-1
ADORA2B,-1
SIN3B,-1
SEMA3D,-1
ZNF283,0
USP15,-1
KCNK5,-1
SLC16A13,0
KLHL8,-1
GCHFR,-1
KIF21A,-1
TMX1,0
FBXO11,1
DENND4C,0
UBR1,-1
WWC1,-1
FERD3L,-1
ARF6,-1
FANCL,0
VNN1,-1
OR7C2,-1
HHEX,-1
GLB1L3,-1
OR8B3,-1
GPR85,-1
BRINP3,-1
RAB41,-1
OR5H2,-1
EMCN,0
KIF6,-1
ZNF436,-1
IGKV2D-29,-1
GOLGB1,-1
GIGYF1,-1
SLC8A3,0
TTI2,-1
ALDH3A1,-1
PPP2R5E,-1
CLCNKB,-1
LGALS3BP,-1
GLRA2,-1
TMOD1,0
PLD6,-1
GPT,-1
ATP13A3,-1
SDC2,-1
REPS2,-1
GBP3,-1
OR5AK2,-1
KLHL7,-1
ZNF623,0
PI4KA,-1
ERBB2,1
SCUBE1,-1
GGT5,-1
HEXB,-1
MEGF8,-1
IFNA5,-1
F9,-1
NAPB,-1
IGKV3D-11,-1
DSP,-1
AKR1A1,-1
SLC22A5,-1
SAT1,-1
MARVELD3,-1
BAZ2A,-1
PRSS36,-1
BRAP,-1
NEK8,-1
FLG2,-1
FASTKD5,-1
PAX2,-1
CLIC1,0
GAP43,-1
UGCG,-1
CDH17,1
EEF2K,-1
AKAP1,-1
SCTR,-1
YBX2,-1
SLX4,-1
NEDD4L,-1
SOX15,-1
DHX57,-1
TMPRSS7,-1
TIAM2,-1
CDYL,-1
ZBTB41,-1
AQP12B,0
PNKP,-1
PPP3CC,-1
TLE1,-1
CHAF1B,0
HECW1,-1
SFXN5,-1
IL20RB,0
POU3F2,-1
MEOX1,-1
EOMES,-1
PAX3,1
EBF3,-1
AK2,-1
NRXN2,-1
RPH3A,-1
ESAM,-1
NOXO1,-1
ZNF438,0
IGF2R,-1
ARHGAP20,-1
TMCC2,0
TRPV4,-1
ZNF668,-1
OR4C11,-1
PLK4,-1
COPS7A,-1
TBX5,-1
SMARCAL1,-1
EXOG,-1
ZKSCAN5,-1
ATP8B3,-1
KSR2,-1
PROKR1,-1
MTMR12,-1
CDK8,-1
MAP7D2,-1
HAUS3,-1
SOS2,-1
ENG,-1
ZBTB48,-1
MAGEB2,-1
LAMC3,-1
GK,-1
OR1I1,-1
ERN1,-1
WDR75,-1
ENPP3,-1
IFIT2,-1
NEU1,-1
RBM19,-1
SCNN1A,-1
LTN1,-1
FBXL16,-1
DCLK1,-1
INHBB,-1
SLAMF6,-1
LGALS8,-1
PARG,-1
CHAF1A,-1
HACL1,-1
DBH,-1
FARSA,0
CDK1,-1
FOXM1,-1
DCT,-1
RASA1,-1
OR8J1,-1
GABRR1,-1
COL26A1,0
CEP97,-1
NYAP2,-1
IFI44L,-1
TRPC7,0
IRS4,1
PTPN3,-1
ELFN2,0
CIDEA,-1
ADAM23,-1
ATP1B1,-1
MID1IP1,-1
CTNND1,1
CAPZB,-1
SRCIN1,-1
FRMD4A,-1
BMP6,-1
TAS2R1,-1
HRH2,-1
OR51V1,-1
CENPJ,-1
CRYBB1,-1
NUAK2,-1
G6PC2,-1
CHD9,-1
LARP4B,1
ZNF793,-1
HSD17B2,-1
NOS3,-1
MTCH2,-1
WDFY3,-1
YBX1,-1
GPR4,-1
AGXT,-1
PEG3,-1
CD9,-1
TOX3,-1
RALGPS2,-1
ZNF160,-1
EBF1,1
CHMP2B,-1
MEIS1,-1
MYCN,1
MPL,1
TRERF1,-1
STX8,-1
ANKRD52,-1
SLC1A2,-1
TMEM135,-1
BCAT2,-1
THEMIS,-1
MOB1B,0
DCAF13,-1
RPS6KL1,0
ZYX,-1
DDR1,0
SP100,-1
OR4P4,-1
ACTB,-1
TERT,1
KCNAB1,-1
TRAPPC10,0
ZNF257,-1
CHEK1,-1
ABCB1,-1
PRPF40A,-1
TLR3,-1
SLC19A1,-1
LUZP4,-1
INVS,-1
FANCE,1
RBL2,-1
RGPD4,-1
TUBB4A,-1
RIPPLY2,-1
SLC25A13,-1
LYAR,-1
CHST9,-1
GPS2,-1
RFXANK,-1
PTH2R,0
IFIT1,-1
FAT1,1
PTOV1,-1
ZNF711,-1
EPO,-1
ACTA1,-1
MSR1,-1
PRKCQ,-1
SEC31A,-1
ACAT1,-1
ABCA13,-1
PRLR,-1
SLC9A5,-1
GPR82,-1
KCNK2,-1
PNMA2,-1
PPP1R15A,-1
LTB4R2,-1
PDZRN3,-1
SLC17A6,-1
CHD4,1
CARD6,-1
ZNF821,0
PPP1CB,-1
MAP4,-1
SDAD1,0
AKR1B10,-1
P2RX1,-1
GUCY2F,-1
SNURF,0
SV2C,-1
CELA3B,-1
EML1,-1
MRC2,-1
YTHDF2,-1
USF1,-1
SPHK1,-1
SNUPN,0
PRNP,-1
TOP1,-1
MAN2A1,-1
PRPF4B,-1
DHRS4L2,-1
CD38,-1
YEATS2,-1
SEMA4B,-1
TMEM186,0
PIK3CG,-1
OSBPL11,-1
HAUS7,-1
LMO3,-1
FBL,-1
RAD54L,-1
NPR2,-1
EDN3,-1
FBXO9,-1
CAMKK1,0
PITX2,-1
OR52E2,-1
OR2M3,-1
ZNF512,0
OLA1,-1
ACSBG2,-1
L3MBTL1,0
UBASH3A,-1
PSG11,-1
NPPB,-1
PHRF1,-1
AKTIP,-1
PAX9,-1
NCAPD2,-1
IL2RA,-1
OR52K2,-1
LTF,-1
KRT27,-1
CHCHD6,-1
SLCO2A1,-1
CUX1,1
PDIA4,-1
ZNF675,0
VCPKMT,-1
ECI1,-1
IKZF3,-1
VCX,-1
MIS18A,-1
PIK3AP1,-1
PELP1,-1
KPNB1,-1
PAK1,-1
KRT6C,-1
MUL1,-1
OR2T2,-1
RDH5,-1
IGKV2D-28,-1
BCAR1,-1
PLOD1,-1
ABL1,1
LDHAL6A,0
FZD5,-1
DCLRE1B,-1
KDM5A,1
TRIM13,-1
RPP40,-1
ZNF597,-1
MEP1A,-1
SLC22A17,-1
LPIN2,-1
DMBT1,-1
EMC2,-1
CD22,-1
AP4M1,-1
SEC23A,-1
FGF19,-1
ZNF548,-1
PNMA1,-1
BNC2,-1
DMXL2,-1
TIMM23,-1
ZNF607,0
TNFRSF10B,-1
ZSCAN30,0
BRCA2,1
PGLYRP2,-1
ZHX1,-1
CREBL2,-1
ASB2,-1
NUDCD1,-1
DBX1,-1
GALM,-1
CCZ1B,-1
CAPZA3,-1
CAMTA1,1
LMBR1,-1
ITCH,-1
E4F1,-1
ZNF215,-1
SLC35F6,0
ZNF331,1
CSF1,-1
CCDC39,-1
TAS2R41,-1
TCF25,-1
ARHGEF19,-1
PTPRM,-1
CLCNKA,-1
NOLC1,-1
FLCN,1
SLC51B,0
PIP4K2A,-1
UGT3A2,-1
LMOD3,-1
MRPL11,-1
SIGLEC14,-1
PTGER4,-1
ING5,-1
UBASH3B,-1
MYCT1,-1
MID2,-1
MAN2B2,0
TRPC6,-1
PPP2CA,-1
ACO2,-1
INPP4A,-1
ZIC1,-1
CLK3,-1
LIMS2,-1
KRT74,-1
CTBP1,-1
GTF2H4,-1
STOML2,-1
SFMBT1,-1
ADCY1,-1
DENND3,-1
RNASE2,-1
WIPF3,-1
INPP4B,-1
ARHGAP12,-1
FBXO28,-1
AXL,-1
OR4C15,-1
PPBP,-1
MMP13,-1
DDX23,-1
DGKE,-1
FOXP1,1
KREMEN2,-1
STRN4,-1
OBSCN,-1
GEN1,-1
LEF1,1
PCDHGA2,-1
RASGRP3,0
ZBTB10,0
HOXA7,-1
HSD3B1,-1
CCNL2,-1
ARHGEF28,0
PDCD11,-1
OR5B17,-1
ART4,-1
PCDHGB1,-1
CFHR2,-1
DPPA3,-1
OPN1SW,-1
ADAMTS12,-1
NF2,1
DSN1,-1
POU2F2,-1
CSNK1E,-1
GZF1,-1
RBM6,-1
FOLR3,-1
NRIP2,0
SPTB,-1
TRAK1,-1
ALKBH8,-1
SEC61A2,-1
PAAF1,0
PSPC1,-1
PCDH20,-1
PAX8,-1
RPS6,-1
CTDP1,-1
TRIM22,-1
DDX1,-1
SNAP91,-1
CCR4,1
COL5A2,-1
HAPLN3,0
SNAI1,-1
GALR1,-1
PPM1B,-1
PPP6R2,-1
IL1B,-1
DDX10,1
TMPRSS4,-1
NFKB1,-1
CYBB,-1
COL1A2,-1
SERPINB11,-1
AGRN,-1
ATG13,-1
GLIS1,-1
B3GALT2,-1
TCF4,-1
MAP7,-1
DST,-1
WDR45,-1
EDEM1,-1
WNK4,-1
ITGA2B,-1
SDR16C5,0
CHRNB1,-1
ZNF280B,0
ZNF536,-1
RNF182,0
MAP3K1,1
GFRA1,-1
IGLV2-14,-1
OR2V2,-1
KCNA7,-1
PARP8,-1
EXTL3,-1
ARHGEF10L,1
BCAN,-1
PRCC,-1
IDH2,1
EP400,-1
MYL2,-1
PDGFRA,1
PRSS27,-1
CHML,-1
POLR2B,0
CCP110,-1
KRT73,-1
C7,-1
SS18,-1
OR52D1,-1
IFT52,-1
CCR8,-1
TRAPPC12,-1
TNN,-1
NLRP3,-1
SIM2,-1
TRIT1,-1
CHD1L,-1
RNF115,0
YIF1A,-1
BCL6,1
GDF7,-1
ALG12,-1
OR7D2,-1
NPBWR2,0
AGO2,-1
MEIG1,-1
IL1RAPL2,-1
CLNK,-1
THOC6,-1
FEZF1,-1
TADA2B,-1
MUC4,-1
FMN1,0
MCTP2,-1
F10,-1
ASH1L,-1
PARP11,-1
CARD11,1
CDYL2,0
EFNA4,-1
TADA2A,0
ACTR6,0
RPL23A,-1
SCNM1,-1
IMPDH2,-1
DDX43,-1
MVP,-1
PARP10,0
LMNB1,-1
ZNF334,0
NRIP3,-1
MRPL23,0
IKZF1,1
MYO5B,-1
HERC1,-1
OR8D4,-1
DDB1,-1
XYLT2,-1
TUBB8,-1
AIM2,-1
BARD1,1
CEP290,-1
PGD,-1
COL4A3,-1
DUSP7,-1
NOC3L,-1
EIF4ENIF1,-1
STS,-1
SERPIND1,0
HLCS,-1
AKR1B1,-1
HEY1,1
HOXA10,-1
MRPS2,-1
IFI44,-1
ZFP36,-1
IGLV2-11,-1
GGPS1,-1
RANBP3L,-1
THBS2,-1
CCDC86,-1
SOSTDC1,-1
LMX1A,-1
MAGI1,-1
PRSS54,-1
ATP6V1A,-1
TSC22D1,-1
TCEAL1,-1
TBX3,1
DLST,-1
COL19A1,-1
ABCA5,-1
PRKAG2,-1
FYN,-1
UTS2,-1
CNTN4,-1
LMO7,-1
SUPV3L1,-1
FKBPL,-1
MRPL14,-1
BTBD1,0
ETFA,-1
ZXDA,-1
ALG10,-1
HR,-1
PSG3,-1
P2RY1,-1
ARHGAP29,-1
CNTN5,-1
KIR2DL3,-1
ALPL,-1
EZH1,-1
ANAPC7,-1
PEX19,-1
OLFM2,-1
MGAT2,-1
ALG1,-1
STT3A,-1
ZNF835,0
TBXAS1,-1
USP38,-1
UGP2,-1
FIZ1,-1
FABP3,-1
CEACAM6,-1
COL6A5,-1
SALL4,1
ZMYND8,-1
ZKSCAN2,-1
TICRR,0
ART3,-1
CYSLTR1,-1
MICALL2,0
EDC3,-1
OR8B2,-1
APIP,-1
CD2,-1
ESPL1,-1
MMAA,-1
TUBB1,-1
NF1,1
SERGEF,-1
KATNAL1,-1
NKX6-1,-1
CUL3,1
CD5,-1
TRAV13-1,-1
RORC,-1
ZFAND2B,-1
VPS41,-1
DCAF4,-1
NUP62,-1
HOXC8,-1
ZNF558,-1
RNF38,-1
CCDC6,1
SMU1,-1
TFPT,-1
IL25,-1
DNMBP,-1
ATM,1
NUFIP2,-1
OR4C13,-1
MEPE,-1
CHRND,-1
ITGAM,-1
ZNF197,-1
ARHGAP8,-1
SFTPA2,-1
PIBF1,-1
TUBGCP2,-1
PCNT,-1
SPG7,0
DDX39A,0
PIGC,-1
MKNK1,-1
OMA1,-1
MIOS,-1
CTNNA2,1
PRKAG3,-1
NDE1,-1
PCDHGA8,-1
PEX2,-1
MAP3K13,1
LPIN3,-1
GPR143,-1
LRRC7,-1
F2RL2,-1
UBP1,-1
CDC20,-1
P4HB,-1
OR3A2,-1
ZNF776,-1
SLC26A5,-1
SREK1IP1,-1
NALCN,-1
YARS2,-1
ZBTB33,-1
PCDHGB6,-1
DGKH,-1
SIX4,-1
KIF13A,-1
SLC3A1,-1
MMS19,-1
ZBTB24,-1
PTPRE,-1
SPDYE3,-1
PDS5B,-1
CYTH3,-1
ZNF148,-1
MMP2,-1
CELF5,-1
CHMP4C,-1
KLRF1,-1
UBA6,-1
TERF2,-1
OR1S1,-1
PIGG,-1
APOBEC3D,-1
KDM4A,-1
FBXW9,-1
PAK2,-1
ADAMTS15,-1
NEB,-1
SIRT2,-1
ZMYM4,-1
NHLRC1,-1
NUP133,-1
CD163,-1
SIK3,-1
ADAM9,-1
P2RY10,-1
CACNA1H,-1
MAPKAPK5,-1
IGKV1-5,-1
AQP5,-1
CTNNA3,-1
GTPBP1,-1
NTNG2,0
GOLGA1,-1
KPTN,-1
OR1E1,-1
HOXD12,-1
GSTA2,-1
PCSK9,-1
THAP11,-1
FGFR1,1
KIF11,-1
MYH7,-1
TCF23,-1
APBA1,-1
SNRNP200,-1
IDS,-1
NCAPG2,-1
WDR59,-1
CDH13,-1
ACVR2B,-1
SBNO1,-1
MAEA,-1
ACSL1,-1
HESX1,-1
BRD3,1
STYK1,-1
CTC1,-1
CBFB,1
CLK4,-1
TROAP,-1
CAMSAP1,-1
GOLIM4,-1
HMGN5,0
OR4A16,-1
CCKBR,-1
ZNF335,-1
MAP2,-1
ITGBL1,-1
OR5P2,-1
FNIP1,-1
CTSK,-1
ZBTB25,-1
GYG1,-1
CAMK2B,-1
PPP3R2,-1
MORC2,-1
SCD5,0
MTX2,-1
YTHDF3,-1
CILP,-1
POLD3,0
NAB2,1
ANO10,-1
GCFC2,0
DEPDC1B,-1
REXO4,-1
TLR6,-1
RFFL,-1
DEDD,-1
ARHGAP1,-1
SUCO,0
RHOB,-1
CPSF1,0
CRTAM,-1
POMT1,-1
VPS13C,-1
KIF2C,-1
GH1,-1
SLIT3,-1
RGS21,-1
SRPK2,0
SLC30A4,-1
GPLD1,-1
TCF7L2,1
EP300,1
DHX33,-1
BLM,1
ARHGAP18,-1
VDAC3,-1
HOXA13,1
ZBTB38,-1
NOTCH4,-1
EEF1B2,-1
ATP2C1,-1
SYNPO2L,0
GBF1,-1
ADAM21,-1
TTC21B,-1
MUC6,-1
SLC6A15,-1
STAM,-1
NLRP10,-1
DEPDC5,-1
ACVR1C,-1
CIAO1,-1
OR5H6,-1
GAB2,-1
LILRB2,-1
AMPD3,-1
MGAT4B,-1
ZNF773,0
PPIG,-1
OAS1,-1
ELAVL4,-1
KCNJ14,-1
KIF15,-1
NUAK1,-1
GOLGA7,0
CALHM1,-1
ANK2,-1
CEP135,-1
FOXC2,-1
GNLY,-1
AR,1
ATPAF2,-1
ADRA2A,-1
TSPAN33,-1
SZT2,-1
ABCB10,-1
DPEP2,-1
PXDN,-1
DCHS1,-1
GALNT7,-1
BBS5,-1
GNB4,-1
NGLY1,-1
TBCE,-1
UTP14A,-1
TAS2R8,-1
MEIS2,-1
GZMH,-1
PRSS1,-1
CPA6,-1
NTRK3,1
PIGV,-1
AIFM1,-1
ELN,-1
FCGR1A,-1
RSC1A1,-1
ZKSCAN7,0
FCRL4,1
CPEB1,-1
SAFB,-1
PCDHA5,-1
ACTR3B,0
TBPL2,0
AHSP,0
COPS5,-1
CABIN1,-1
PPOX,-1
COL6A3,-1
AATF,-1
SHC1,-1
TCP1,-1
STRC,-1
SH3BP5,-1
PCDHGC5,-1
PDE12,-1
UGT2B11,-1
USP49,0
ALG2,-1
COL4A6,-1
SSH3,-1
NELFE,0
XCL2,-1
EFS,-1
MYT1,-1
PROC,-1
PAFAH1B1,-1
TACC1,-1
LGALS9C,-1
AIPL1,-1
MID1,-1
LDHAL6B,0
IQCB1,-1
NSD1,-1
SLC26A6,-1
PARP16,0
SGK2,-1
MCF2L,-1
KRT32,-1
SERPINA10,-1
LAMTOR5,-1
SLC12A7,-1
PRMT8,-1
RPS8,-1
PRKAR1B,-1
SCML2,-1
ORAI3,-1
SLC30A8,-1
AQP6,-1
ARRDC1,-1
RHOD,-1
CYLC1,-1
GLI2,-1
SKA3,0
SERPINB3,-1
TRIM39,-1
SSBP1,-1
ARL5B,-1
PDCD1,-1
UBE2G2,-1
ZNF181,-1
FBXO4,-1
ADAM15,-1
CNGA1,-1
NEK10,-1
USP40,-1
MYL6,-1
C1QTNF1,-1
TRIP10,-1
PLXNA2,-1
BTRC,-1
PDYN,-1
UCK2,-1
FGF2,-1
TRAF4,-1
GPNMB,-1
ZBTB37,-1
MRPL44,-1
BDP1,-1
CHD6,-1
OR10X1,-1
DGKD,-1
PEX11A,-1
MAP1LC3C,0
LSR,-1
ME3,-1
CKM,-1
UBTF,-1
ASAP1,-1
CTNND2,1
ZFP41,0
P4HA1,-1
RAD23A,-1
PRPSAP2,-1
STRN,-1
CRTC3,-1
PPM1G,-1
ALS2,-1
SLC25A3,-1
SLC28A2,-1
HSD3B2,-1
FOXA2,-1
DLG3,-1
B3GNT4,-1
ATG4C,-1
RPS6KB2,0
ADARB2,-1
SOAT2,-1
SAV1,-1
GALNT8,-1
NFYC,-1
NOX4,-1
CNOT10,0
SMARCA2,-1
STRN3,-1
OR52N4,-1
ZNF324B,0
TNPO3,-1
UBD,-1
ATAD2B,-1
KIR3DL2,-1
ITSN2,-1
ZNF710,0
NDUFB7,-1
ZNF792,0
OSBP2,-1
MYO18A,-1
SKA1,-1
IL22RA1,0
OR51A4,-1
GINS1,-1
LRSAM1,-1
RHOBTB3,-1
ESR2,-1
MED12,1
INPP5F,-1
FEZ1,-1
ZC4H2,-1
HAVCR1,-1
VTI1A,-1
IPO13,-1
DCTN1,-1
ZNF329,0
NDST4,-1
MAGEA1,-1
DDX5,1
EYA1,-1
OR8B12,-1
GABRB1,-1
ABCA4,-1
WAC,-1
NYNRIN,-1
CEACAM21,-1
PHF8,-1
GTF3C5,-1
TGFBRAP1,-1
ARHGAP9,-1
PPFIBP1,-1
IMPA2,-1
CRYBA4,-1
DHDDS,-1
CACNB4,-1
GRIK4,-1
CDH15,-1
GALNT16,-1
RBM23,0
SLC16A10,-1
CNTFR,-1
NPSR1,-1
IFI16,-1
ATRAID,-1
BRD4,1
SORL1,-1
UNC5A,-1
LIMK1,-1
ZNF878,0
CTIF,-1
NAV2,-1
COPS3,-1
PCDHGB4,-1
KIF5A,-1
STON2,-1
SLC17A4,-1
APOBEC3G,-1
GSK3A,-1
ZNF200,-1
IPCEF1,0
TTC30B,0
DEK,1
PTGDS,-1
IL4R,-1
TDP2,-1
EPB41L4A,-1
GBP1,-1
KRT84,-1
RTKN,-1
DNAJA4,0
PNKD,-1
ATP2B2,-1
NRG2,-1
ZNF461,-1
GFI1,-1
EYA3,-1
TBC1D2,-1
PTPRS,-1
FBXO15,-1
PTPRH,-1
HSD17B8,-1
SERPINB13,-1
CPLX2,-1
ARHGAP30,-1
NCK2,-1
KRT6A,-1
PTPRK,1
TEX11,-1
LAMC1,-1
TRAF6,-1
OR2T6,-1
ACIN1,-1
COL9A2,-1
MAG,-1
KANSL2,-1
PARP2,-1
CAP1,-1
RAB14,-1
COMMD7,-1
PRPF38A,-1
NOP56,-1
NCOA3,-1
PTPRN,-1
OAZ3,-1
RPL10,1
ERGIC1,-1
ARAF,1
MED23,-1
NCOA4,1
PPP2R1B,-1
HNRNPA1,-1
PRPF4,-1
MYO19,-1
VPS18,-1
CUL4A,-1
EXOC3,-1
CUL9,-1
TPK1,-1
DCLK3,-1
ZNF627,-1
SHCBP1,-1
NUSAP1,-1
TRMT1,-1
IGFBP1,-1
MDGA2,-1
PAPSS2,-1
MICB,-1
AP3B1,-1
BST1,-1
CASP8,1
SULT1E1,0
TNFRSF12A,-1
BABAM1,-1
MICU1,-1
SPIDR,-1
LAIR1,-1
HTR4,-1
TJP2,-1
ICAM3,-1
USP36,-1
NES,-1
PHACTR4,-1
PCDHGB3,-1
PCLO,-1
SHC4,-1
AUTS2,-1
FCHSD2,-1
FBN1,-1
NPHP1,-1
CASS4,0
DOCK3,-1
BOLL,-1
OR10R2,-1
TRAT1,-1
WDR4,-1
DPP3,-1
ITGA4,-1
AZIN1,-1
KCNS2,-1
DCC,1
KLF3,-1
SHQ1,-1
OR10K2,-1
AARS2,-1
ACVRL1,-1
OR2B3,-1
ANO4,-1
RET,1
TMPRSS11B,0
ZNF844,-1
TBL3,-1
ZFP1,-1
MYC,1
NR2F1,-1
ZNF846,-1
OR5B3,-1
TAF1B,0
IL1A,-1
CHID1,-1
RPAP3,-1
CREB3L1,1
ADCYAP1R1,-1
ZNF502,0
GCNT4,-1
SERPINC1,-1
TSSK3,-1
TLE4,-1
CLCC1,-1
SH3RF2,-1
TRIP11,-1
FGFR2,1
PRDM15,-1
BOD1L1,-1
HOXC11,1
HCAR3,-1
OR1F1,-1
SCN5A,-1
TCP11,-1
SLC34A2,1
SYT2,-1
FANCM,-1
GBX2,-1
CWC25,-1
DNTTIP2,-1
TUBGCP6,-1
ZNF785,0
FOS,-1
PGLYRP4,0
WNT3,-1
NR2C1,-1
BRSK2,-1
SPRY4,-1
ZNF426,0
BRDT,-1
TCFL5,0
RAB23,-1
DFFB,-1
IBA57,-1
CNGA4,-1
ABLIM2,-1
SATB1,-1
OR52E8,-1
OR5D13,-1
ESX1,-1
SLC5A7,-1
BRWD3,-1
CLPX,-1
GEMIN7,-1
LZTS1,-1
RELA,-1
NR1H3,-1
TFR2,-1
CSNK2A1,-1
FGF10,-1
ZBTB11,-1
TPTE,-1
OR2A4,-1
MAGEA11,-1
FAM98B,-1
PCDHGA7,-1
KCNC2,-1
SIGLEC12,-1
NTM,-1
OPHN1,-1
HAT1,-1
DEF6,-1
IGKV3D-20,-1
ARHGAP17,-1
PIK3R2,1
SRRM2,-1
CDC42BPB,-1
DTX1,-1
ARCN1,-1
SSX2IP,0
DNAJC9,-1
SH2D3C,-1
ST14,-1
OR1J1,-1
OR2G3,-1
ZNF687,-1
SH2B2,0
TAF1,-1
SGMS1,-1
SLC9B1,-1
DPY19L3,-1
GSDMB,-1
NCL,-1
PCGF6,-1
PENK,-1
ASB16,-1
GABRQ,-1
ARHGEF10,1
PRDM13,-1
NMRAL1,0
ZMPSTE24,-1
SPEN,1
LPAR5,-1
OR1L4,-1
ABCC12,-1
TADA1,0
DRAM2,-1
TESPA1,-1
ARSF,-1
REST,-1
ODF4,-1
HCK,-1
BCAS3,0
HUWE1,-1
IL23R,-1
BEST4,-1
YWHAG,-1
PPIL2,-1
MOGAT2,-1
ATP4A,-1
PIGZ,-1
ATAD5,-1
HOXA9,1
ZNF665,0
CLDN18,0
FAF2,-1
NCKAP1L,0
EYA2,-1
OR10G8,-1
RASSF9,-1
FREM2,-1
MTHFD2,0
SETDB2,-1
NRF1,-1
YIF1B,0
IGKV1D-8,-1
CD47,-1
RP1L1,-1
ALMS1,-1
DBN1,-1
POLR3E,-1
CYP2A7,-1
WNT16,-1
MTRF1,-1
GALNT5,-1
NAB1,-1
BIRC2,-1
SEMA3F,-1
GRB2,-1
FASTKD3,-1
CCDC93,-1
DUSP9,-1
B4GALT7,-1
MASP2,-1
SCRIB,-1
YAP1,-1
ARL6IP5,-1
HIVEP2,-1
TGM2,-1
RPL12,-1
RFX4,-1
TUBA1B,-1
INTS9,-1
SPRY2,-1
SERPINA4,-1
RUNX3,-1
MGST1,-1
ZNF441,0
TRIP6,-1
IGHV3-21,-1
DDX17,-1
CD72,-1
FBXL5,-1
MAP4K1,-1
RAET1L,-1
WNK3,-1
OR6Y1,-1
FOXN3,-1
SIRT4,-1
HERC3,-1
VIM,-1
PLOD2,-1
PHF20,-1
SMCR8,-1
NEIL1,-1
SREBF1,-1
LILRA5,-1
STAT5A,-1
OVOL2,-1
ABCC9,-1
STX6,-1
RAB3GAP1,-1
CDC42BPG,-1
EXOC3L1,-1
FKBP8,-1
FAM83B,-1
SPTAN1,-1
LCE2C,-1
EPN2,-1
MTHFD1L,-1
IFI35,-1
POU5F2,0
MCRS1,-1
PCSK5,-1
GAL,-1
HLA-DMA,-1
ZBTB20,-1
RGL4,-1
LMF1,-1
STAT4,-1
DPF2,-1
FAM83D,0
PRKACG,-1
TEAD1,-1
COG4,-1
FNTA,-1
COL12A1,-1
CD96,-1
TTN,-1
FBXO21,-1
POMGNT2,-1
SCAI,0
SS18L1,-1
CAMSAP2,0
TRBV20-1,-1
CXCR3,-1
APLF,0
DNAH14,-1
ZIM3,0
OR5T3,-1
TLE3,-1
RPS9,-1
SCN1B,-1
GNS,-1
C2,-1
PLEKHM2,-1
PRDM5,-1
BZW2,-1
NUP50,-1
RABEP2,-1
KRT6B,-1
NOP2,0
TGM1,-1
SMG1,-1
ZNF584,-1
NSRP1,-1
CATSPER2,-1
GIPC1,0
PEX6,-1
FGF5,-1
PARD6A,0
OR8K3,-1
TBX6,-1
TMEM63C,-1
FLT3,1
RPUSD3,-1
RBM12,-1
ZNF354B,-1
UQCR10,0
MSL1,-1
TNIP1,-1
WIPI2,-1
CDK2,-1
NBEA,1
TRIM17,0
ETS1,-1
PHF19,-1
ATP8B1,-1
CDON,-1
ZNF695,-1
TOR1AIP1,-1
PLAG1,1
PEX10,-1
ABCD2,-1
GABRG1,-1
SPCS2,0
BEND6,-1
CELF6,-1
DDO,-1
TNS1,-1
ZFP82,0
NOL6,-1
MUC15,0
SF3B3,-1
MYO10,-1
ESYT1,-1
CST3,-1
CNGA3,-1
SLC35A3,-1
BNIP2,-1
LUC7L,-1
HMGCS1,-1
ACTR8,0
SBF1,-1
ATAD2,-1
ATXN2L,-1
OR14C36,-1
DAPK3,-1
PPP1R13B,-1
SPRR1B,-1
ASCC2,-1
WNK2,1
APOO,-1
ANKRD49,0
PTPRT,1
UPF1,-1
NAF1,-1
ADAM19,-1
PAK4,-1
TCHH,-1
SIM1,-1
MMP10,-1
ARHGEF12,1
TOX2,-1
SLC4A1,-1
DNAJB5,-1
SORCS2,-1
ATG2A,-1
SLC25A31,-1
ZNF496,-1
MEF2D,-1
OR5A2,-1
VPS52,-1
NECAB2,-1
GBA2,-1
CD1A,-1
RTN4,-1
CYP2E1,-1
OR11H4,-1
CNNM1,-1
IGF2BP1,-1
WTIP,-1
PTGDR,-1
RUNX2,-1
IGHG2,-1
TDRD1,-1
ZNF33A,-1
SDHB,1
NACC2,-1
DMD,-1
NRAS,1
POU4F3,-1
SLC26A3,-1
GPR61,-1
RHBDF2,-1
S100A9,-1
PLCB3,-1
CD180,-1
TUBB4B,-1
SSH2,-1
ZNF28,-1
AHCTF1,-1
TARS2,-1
NR2C2AP,-1
ERGIC2,-1
CPSF2,0
SIGLEC10,-1
PMVK,-1
RLN3,-1
TP53I3,-1
TOP3A,-1
KIRREL3,-1
CD1C,-1
HIC2,-1
FOLH1,-1
PURA,-1
MYBBP1A,-1
SYTL1,-1
CD3G,-1
SPATA13,-1
OR2T1,-1
MPG,-1
COLEC10,-1
PLA2G2D,-1
NABP1,0
PSMB6,-1
NIP7,0
ZNF354C,0
SYNJ2BP,-1
ICAM5,-1
RTCB,-1
KNG1,-1
AGAP4,-1
SCRN1,-1
POLR1C,-1
CAB39,-1
FBLN5,-1
SUN1,0
PCNA,-1
RHOJ,-1
SLC12A2,-1
VAV2,-1
PLXNA3,-1
ZNF614,0
KPNA4,-1
DPH7,-1
LTBP3,-1
STMN4,0
PPP3R1,-1
NMU,0
SLC6A4,-1
PRELP,-1
SELENBP1,-1
WEE2,-1
FFAR4,-1
TAF4,-1
PC,-1
SYNGR2,-1
SLC12A4,-1
SLC14A2,-1
HTR2A,-1
SCAF1,-1
ZNF223,0
MAP3K5,-1
PNO1,0
ST3GAL6,-1
ENO1,-1
ATL2,0
MYO18B,-1
WIPF2,-1
PIGO,-1
BST2,-1
ZNF232,-1
GDI1,-1
ITGAE,-1
ACE2,-1
ROBO4,-1
TTC30A,0
MC5R,-1
IFNAR2,-1
TAMM41,-1
ILF2,0
TYK2,-1
SLC2A9,-1
IPO9,0
WNT8A,-1
LAMP2,-1
TRIB3,-1
LONRF2,-1
CCNG2,-1
KANSL3,-1
MYOC,-1
KIAA0226,-1
OSMR,-1
LAT2,-1
MYB,1
PARD3,-1
ZNFX1,-1
CLVS1,-1
FER,-1
SHARPIN,-1
ZNF71,-1
ITGA2,-1
ST3GAL2,0
ANO5,-1
ADORA1,-1
USP5,-1
HOXB1,-1
TLK1,0
OR11L1,-1
SLC6A17,-1
SERTAD2,-1
RMND1,-1
ZNF699,-1
SLC30A9,-1
IARS2,-1
MMGT1,0
FANCI,-1
ZFHX3,1
ATF6,-1
SLC44A1,-1
WIPF1,-1
ABCA10,-1
OR1D5,-1
ZNF254,-1
CHGB,-1
ELAVL2,-1
TSNARE1,0
FANCC,1
NKIRAS1,-1
KDM3A,-1
B3GAT3,-1
NDUFS1,-1
ZCRB1,-1
LAMB3,-1
MITF,1
NUP205,-1
ZIC4,-1
IKZF5,0
ZNF454,0
THAP3,-1
WDTC1,-1
CELA2A,-1
TRPV2,-1
CAPN5,-1
KCNH8,-1
UTP20,-1
KANK2,-1
SNAI2,-1
GGT7,-1
TRBV9,-1
ALDH1A3,-1
VGLL3,-1
KLF7,-1
EBF4,-1
POLL,-1
KIF27,-1
PCMTD2,0
IRAK2,-1
FOXO1,1
BBS2,-1
ZNF274,-1
ZNF285,-1
LRP4,-1
DNAH11,-1
TAF6,-1
RLN2,-1
ZNF322,0
CHUK,-1
FPR1,-1
HEPH,-1
MITD1,0
SF1,-1
OMG,-1
SUMF1,-1
TECR,-1
LHX3,-1
BGN,-1
SENP1,-1
PSD2,-1
ESF1,0
TSR1,-1
COPB2,-1
COL10A1,-1
NUP188,-1
ZNF610,-1
CARD9,-1
TBC1D9B,-1
TUBA1C,0
OR5K3,-1
SPAG9,-1
E2F2,-1
HMGCL,-1
NDUFV3,-1
FERMT3,-1
BPTF,-1
LIMCH1,-1
ISCU,-1
APEX2,-1
ST3GAL1,0
KCNN1,0
CTCF,1
EXOC7,0
TGM3,-1
OR5D18,-1
GPD2,-1
AKR1C4,-1
METAP2,-1
CHRM4,-1
MGST2,-1
PPP1R9A,-1
VPS13B,-1
OR10W1,-1
FOXD4,-1
GABRG3,-1
CNN1,-1
ULK2,-1
STK31,-1
CEP72,-1
HDAC3,-1
KCNV2,-1
PTPN4,-1
DDX24,-1
ZNF667,-1
UROD,-1
RND2,-1
NCKIPSD,-1
SENP7,-1
ATIC,-1
PCM1,-1
SIRT3,-1
HBQ1,-1
KLF2,-1
TAS2R46,-1
CD200R1,-1
DSG1,-1
HOXA11,1
ITGA1,-1
FAT4,1
ZNF366,-1
NLRP6,0
QSOX2,-1
CYP2D6,-1
OR5I1,-1
MTMR8,-1
IGHM,-1
NME8,-1
UGT2B15,-1
SLC13A1,-1
EHD1,-1
BEX2,-1
DNAI2,-1
KLK6,-1
CTTNBP2NL,-1
HNF4G,-1
LHCGR,-1
PTPRB,1
PLEKHH3,0
PIWIL3,-1
ABCA6,-1
MRPL53,-1
ETV6,1
SLC11A1,-1
ZNF79,-1
POLQ,1
CATSPER3,-1
PIAS2,-1
NEFH,-1
FBXL2,-1
CERS4,-1
ICAM4,-1
RAB1B,-1
KLF12,-1
MR1,-1
OR2K2,-1
KIF17,-1
ZNF155,-1
ATP6V0A2,-1
SYT12,-1
GRIA2,-1
SLC16A4,-1
SYT17,0
GTF3C1,-1
UCP3,-1
TBX15,-1
PRPF19,-1
BPIFA1,-1
CYP1B1,-1
NEU3,-1
TLR9,-1
SPRY1,-1
ZMIZ2,-1
FRAS1,-1
TBC1D4,-1
LIG4,-1
TRAPPC9,-1
UBE2K,0
IL22RA2,0
PFKP,-1
ART1,-1
SNX18,0
PRTFDC1,-1
AFF1,-1
ZNF429,1
TRIM29,-1
DUSP4,-1
HYOU1,-1
FOXC1,-1
NPM2,-1
IL18R1,-1
EIF2B5,-1
CELA3A,-1
PLS3,-1
HIPK3,-1
KLHL6,-1
TMPRSS5,-1
MGAT3,-1
ARHGAP31,-1
LAMA4,-1
OR5T1,-1
GRPEL2,0
FMO2,-1
ZNF135,-1
PIGB,-1
SP140,0
PDE6A,-1
GABARAPL3,-1
UGGT1,-1
OASL,-1
CYP27A1,-1
ACADVL,-1
TRBC2,-1
IQCE,-1
DEFB127,-1
IL2RB,-1
HIP1,1
VAC14,-1
KLB,-1
DUOX1,-1
PIK3R3,-1
TOMM40L,0
LMNA,-1
FADD,-1
FOXP3,-1
OR5AS1,-1
DRD3,-1
GPR50,-1
KIF1A,-1
ZNF658,-1
TF,-1
CLCN5,-1
PCDHA3,-1
ANKS4B,-1
ZNF169,-1
SLITRK5,-1
QSOX1,-1
HBD,-1
DOCK2,-1
ITGB1BP2,-1
TEF,-1
NUDCD2,-1
JAK2,1
HABP4,-1
RFX5,-1
ARHGEF26,-1
CD101,0
RGS9,-1
FMR1,-1
MTNR1B,-1
PSMC3,-1
TAL2,1
MTMR1,-1
RIMKLB,-1
POLA2,0
ADAM20,-1
ASB12,-1
MYH1,-1
ATP9B,-1
ZBTB44,0
MAGT1,-1
HEATR1,0
RPL22,1
SFTPD,-1
TGIF2,-1
OR8K5,-1
CACNG4,-1
OR2L3,-1
TYMP,-1
BCAM,0
VASH1,0
OR4A47,-1
USP20,-1
KDM5B,-1
ARPC2,-1
SERPINB5,0
CREB3L3,-1
PDPR,-1
SYNGR1,-1
RMND5A,-1
CHST6,-1
TLR4,-1
EIF5AL1,0
ZNF569,-1
OR8H2,-1
PCDH12,-1
PDK2,-1
ZNF521,1
MIF4GD,-1
ZKSCAN8,0
ZNF7,-1
HLA-DQB2,-1
TUBGCP5,-1
GPR174,-1
RFX1,-1
BCR,-1
LLGL1,-1
KRBA2,-1
SLA,-1
OR9Q2,-1
PRKCD,-1
ACAA2,-1
IL20RA,-1
OR8S1,-1
SPOCK3,-1
SPP1,-1
NLRP2,0
F13B,-1
CPA3,-1
POP1,-1
MMP16,-1
CAMTA2,-1
CHL1,-1
WNK1,-1
DLGAP1,-1
PSMD1,-1
ZNF235,0
RPS16,-1
FBXL20,-1
CC2D1B,0
TBC1D10A,-1
MAT2A,-1
IPO7,-1
LRPPRC,-1
EPHA1,-1
GLE1,-1
MED11,-1
TCN2,-1
DAGLA,-1
RARB,-1
SPSB2,-1
ZNF2,-1
GATA6,-1
TEFM,-1
FAM131B,-1
COX10,-1
CELSR1,-1
SGK1,1
ATP6V1B2,-1
ELMO2,-1
ING4,-1
ZFP69B,0
ITPKC,-1
SDC1,-1
SIRT1,-1
PDE7B,-1
WDR81,-1
DYSF,-1
PEX16,-1
AGPS,-1
ZNF669,0
SERBP1,-1
GRIN2B,-1
CXXC1,0
KRT33B,-1
KIF21B,-1
NGFR,-1
OR5M9,-1
SMPD3,0
ERC1,-1
IFT57,-1
HOXC5,-1
ROS1,1
GFM1,-1
MBNL2,0
FGD6,-1
SFI1,-1
KRTAP6-2,0
ITGB2,-1
KDM7A,-1
NT5E,-1
DGKI,-1
MORF4L1,-1
HAUS2,-1
ZNF543,-1
PDE1B,0
RHBDL3,0
PTPRG,-1
DGAT1,-1
VPS11,-1
RNF144A,0
SRSF5,-1
USP28,-1
PLCH1,-1
CHD1,-1
GPR55,-1
TAF6L,0
SLIT1,-1
ACBD4,-1
GBP6,-1
SPAG4,-1
PAPSS1,-1
GMPS,-1
NEK3,-1
TUBA3C,-1
EIF4B,-1
KLHL21,-1
ABCG4,-1
CDK19,-1
MAN1A1,-1
KLHL5,-1
NR2E1,-1
RUNX1T1,1
UGT1A8,-1
GNAS,1
CHRDL1,-1
SNTB1,0
SMO,1
SLC2A4,-1
SLC38A8,-1
PAFAH1B3,-1
SULT1B1,-1
PDK4,-1
KIF4B,-1
RFPL3,-1
TGFBR3,-1
PRKD3,0
SIRT5,-1
F2,-1
SPR,-1
TMED3,0
ABCB7,-1
RHEB,-1
ZSCAN5A,0
CC2D2A,-1
SLC6A13,-1
SLC6A12,-1
KLHL9,-1
TAS2R31,-1
BICD1,-1
WWC2,-1
TARDBP,-1
PTBP1,-1
VCP,-1
TRPA1,-1
MYLK2,-1
USP7,-1
KAT7,1
RGP1,-1
ENAH,-1
ARRDC3,-1
BCORL1,1
STAMBPL1,-1
ZNF606,-1
CNGB1,-1
NELL2,-1
FBXW12,-1
PACSIN3,-1
CDKN2D,-1
KCNN3,-1
ZFP30,-1
IGKV1D-17,-1
RIPK4,-1
BAG4,-1
CYP7A1,-1
FAM220A,-1
STK32B,-1
PER1,1
SERPINE1,0
ALPK3,-1
DRD2,-1
PSKH1,-1
OR52B2,-1
OR52B6,-1
BANP,-1
CGNL1,-1
CD84,-1
CENPO,-1
IL12RB2,-1
ASIC1,0
GHR,-1
RAB36,-1
AFF3,1
OR5M1,-1
ALDOC,-1
B3GAT1,-1
GABRA3,-1
HNRNPH2,-1
IDI2,-1
CR1,-1
RAB11FIP1,-1
OR52K1,-1
EFNB1,-1
NBAS,-1
MYO1B,-1
DIS3L2,-1
TRAF5,-1
EXOC2,-1
DTNA,-1
CNN3,-1
PIGK,-1
PIGP,-1
MZT2A,0
SLC20A1,-1
DAPP1,-1
RTN4R,-1
BAG6,-1
TBX2,-1
KCNA2,-1
PDPN,-1
E2F4,-1
PRDM4,-1
CYFIP2,-1
RAP1GAP2,0
SIGLEC8,-1
L3MBTL3,0
PRDM1,1
COX7A2L,-1
PCDHGC4,-1
MYO5A,-1
SLC4A7,-1
UNC79,-1
CRHR1,-1
NID2,-1
TRIM4,0
TBC1D14,-1
CST7,-1
COPS2,0
LGALS14,0
ARHGAP15,-1
TAF1L,-1
ZFP91,-1
KDM1A,-1
WFDC5,-1
NFATC4,-1
KCNMB2,-1
ZNF618,-1
SCN4A,-1
KIFC3,-1
PLXNA1,-1
ACADS,-1
OR5F1,-1
CSTA,-1
GBP5,-1
REN,-1
PTCH2,-1
CAMK1G,-1
RBM15B,-1
ADRM1,-1
CHRNG,-1
TRIM2,-1
ADSL,-1
GRAMD1B,-1
ATN1,-1
LAG3,-1
ZNF460,0
RPL10A,-1
KLHL10,-1
NPHS2,0
USP4,-1
ADAMTS5,-1
RAG2,-1
VLDLR,-1
POLE,1
SLC10A1,-1
OR5A1,-1
UFC1,-1
OAS2,-1
NR1I3,-1
SEMA5A,-1
RALGAPB,0
KIR3DL3,0
CDK12,1
DDX54,-1
FKBP2,-1
POMGNT1,-1
ANXA3,-1
FZD2,-1
ALB,-1
NDUFV1,-1
NOC4L,-1
SHANK2,-1
N4BP1,-1
MT1M,0
KRT35,-1
ARFGEF2,-1
ABLIM3,-1
FGD1,-1
RGS8,0
CDHR1,-1
BANK1,-1
DRP2,-1
DCTN6,-1
KMT2A,1
VPS39,-1
LARP1,-1
ROR2,-1
STC2,-1
STX10,-1
MAGEA3,-1
ZNF831,-1
ITPR3,-1
IL1RN,-1
NCS1,0
MYLK4,-1
HK3,-1
SPAST,-1
MRPS23,-1
CELF1,-1
CD2AP,-1
PIGU,-1
BFSP2,-1
ISCA2,-1
ZNF585B,0
DNAH2,-1
TRAPPC8,-1
ROM1,-1
ZNF48,0
SART3,-1
ATP1A3,-1
PDGFC,-1
MRPL39,-1
SLC1A6,-1
REPIN1,0
OR11H1,-1
POU6F2,-1
OPN4,-1
CXCR2,-1
PLXND1,-1
KLK11,-1
CD2BP2,-1
OR6V1,-1
ALG9,-1
KIF3C,-1
MUC20,-1
PCDHGA10,-1
TLK2,-1
ARC,-1
CACNG1,-1
PHC1,-1
KATNAL2,-1
ZNF77,-1
MAP2K6,-1
POLR1B,-1
USP44,1
ARHGEF18,-1
PGM5,-1
JUN,1
PAPOLB,-1
MME,-1
NOXRED1,-1
CDC42BPA,-1
SH3GL3,-1
WDFY4,-1
ZNF676,0
TBK1,-1
SMYD2,-1
KDM2A,-1
CHD8,-1
TTLL11,0
APH1A,-1
RAVER1,-1
HLX,0
ZNF780B,-1
CAMKV,-1
GHRH,-1
WNT2B,-1
PARD3B,0
MASTL,-1
ING3,-1
STAB2,0
SORCS1,-1
ARHGAP26,1
QRICH1,-1
XIAP,-1
AKR1B15,-1
IGKV1-17,-1
ITGA11,-1
CSTF2,0
IRAK4,-1
ATF7,-1
SEMA4C,-1
MCFD2,-1
CDH26,-1
LYPD6B,-1
CHRNA10,-1
ARID3B,-1
CTSL,-1
TSHZ3,-1
CD1D,-1
APBB1IP,0
SLC7A3,-1
ERCC5,1
MYO3B,-1
PAIP1,-1
SUGP1,-1
GTF2IRD1,-1
DTNBP1,-1
PABPN1,-1
IGHG3,-1
MRPS22,-1
RAP2B,-1
WDR5B,-1
NAALAD2,-1
NLGN1,-1
GPCPD1,-1
CCR2,-1
TTLL7,0
MLLT6,-1
VWF,-1
PAK6,-1
ITGA10,-1
PPP6R3,0
CD300E,-1
DNAJC7,0
GMEB1,-1
ZNF527,-1
ANKRD2,-1
KIF18A,-1
B4GALNT1,-1
MIS18BP1,0
RNF220,-1
CTNNAL1,-1
NEUROD6,-1
DPH2,-1
PSMG2,-1
NACA2,0
TFDP2,-1
FOXD4L3,-1
STK38,-1
SMG6,-1
TBC1D25,-1
CSHL1,-1
MRPL40,-1
FZD4,-1
PSD3,-1
DCPS,-1
KRT71,-1
MED13,-1
ZNF613,0
RPS5,-1
COG5,-1
SIT1,0
RFX3,-1
HAO1,-1
HPS3,-1
SEMA4D,-1
ZNF287,-1
FBXL19,-1
SOX7,-1
FARP2,-1
TNNT2,-1
IGHG4,-1
KPNA2,-1
CEP70,-1
COL15A1,-1
DSG3,-1
GALNT2,-1
MTHFD1,-1
IREB2,-1
ZNF468,-1
SNRPA,-1
HGS,-1
PPM1L,-1
TULP3,-1
BMP8A,-1
SCRN2,-1
ESR1,1
SH3BP4,-1
HSD17B4,-1
LAMA5,-1
APOA2,-1
BBS12,-1
PTPN6,1
SLCO1C1,-1
TRAF3,-1
GABRB3,-1
MTMR10,-1
ACTN1,-1
SCGB3A2,-1
BRD8,-1
CREB3L2,1
ARPC1A,-1
SLITRK6,-1
EIF6,-1
USP2,0
FKBP3,-1
MTF2,-1
ADAM10,-1
TCN1,-1
FLNB,-1
PDP1,-1
HPS5,-1
UBE4B,-1
HEMGN,-1
CD200,-1
MT1B,-1
TCL1A,1
GPR45,-1
DPRX,-1
MAOB,-1
ZBTB4,-1
DUOX2,-1
DHX16,-1
EEF1G,-1
SHF,-1
NMBR,-1
PILRB,-1
RASSF4,-1
DDX49,-1
SRP54,-1
COL6A6,-1
PDCD5,-1
LARP7,-1
ATP13A2,-1
SLC4A3,0
HTATSF1,-1
TADA3,-1
STX3,-1
STK25,-1
ADAM11,-1
GIT2,0
ADRA2B,-1
SULT6B1,-1
PPL,-1
JAGN1,-1
POU3F3,-1
PITX1,-1
CYP2B6,-1
ARFGEF1,-1
ZNF214,-1
ANK3,-1
ZBTB21,-1
CDX1,-1
PICALM,-1
PAEP,-1
MAGEF1,-1
DLX5,-1
STAG3,-1
SNCAIP,-1
RPP21,-1
BRINP2,0
PTPRO,-1
FGD3,-1
BDKRB2,-1
SLC13A4,-1
ZNF716,0
KANSL1,-1
FRMD4B,-1
SPTBN4,-1
FBN2,-1
CDH2,-1
STAR,-1
PLAU,-1
LSAMP,-1
GLI3,-1
ING2,-1
GDF6,-1
DCAF11,-1
CDC73,1
CCDC12,-1
OR7G3,0
SLIT2,-1
SPATA20,-1
YWHAB,-1
DCK,-1
SAE1,-1
COL28A1,-1
CD34,-1
UBA52,-1
CIC,1
BCL2A1,-1
ZNF227,-1
PPARGC1A,-1
B9D2,-1
MSMB,-1
PER3,-1
KRT85,-1
OR9K2,-1
OR10K1,-1
KRT19,-1
PNPLA4,-1
MYCL,1
MYL3,-1
MAP3K9,-1
SALL3,-1
SNRNP70,0
REC8,0
BBX,0
OR6P1,-1
HSPD1,-1
PCDHAC2,-1
HIVEP1,-1
CTSG,-1
RNF213,-1
PPFIA3,-1
PARS2,-1
API5,-1
IGHV1-3,-1
ARHGAP36,-1
AFP,-1
DHRS4,-1
ZNF671,0
MAPK6,0
SLC7A13,-1
ABCG8,-1
KRT40,-1
MKKS,-1
EDRF1,0
KLHL22,-1
PCDHA11,-1
OR52W1,-1
PPA2,-1
FSD1,-1
OR2F2,0
PROZ,-1
TTC5,0
NLRX1,-1
HOXA1,-1
PRF1,1
SMC1B,-1
RPS6KA5,-1
MED20,-1
GPR20,-1
ZWILCH,-1
NOS2,-1
FGA,-1
RSPO2,1
MRPL37,-1
OR6N2,-1
TJP1,-1
ZNF639,0
OR7G1,-1
AGK,-1
PSKH2,-1
ZFAT,0
ATP6V0B,-1
CCR6,-1
CACNA1I,-1
GUCY2D,-1
ZNF674,-1
ABCC6,-1
FREM1,-1
PRRC2B,-1
NPR1,-1
RPGRIP1,-1
MYOM2,-1
PKP2,-1
ZNF75D,-1
HPS1,-1
STAT6,1
CHRM3,-1
PGLYRP3,0
CRY2,-1
FASTKD1,-1
DMP1,-1
MAP3K10,-1
BFAR,0
ACTN2,-1
MRPS18B,-1
NLRP5,-1
AOX1,-1
VEZF1,-1
CDCA7,-1
SEMG2,-1
GHITM,0
IKBKB,1
ITGB8,-1
RHOC,-1
ANTXR1,-1
ACSL5,-1
FGF23,-1
MDH2,-1
NPY5R,-1
FEM1B,-1
ASAP2,0
ZNF493,0
EPHB6,-1
DNTTIP1,-1
KCNMB1,-1
LIPE,-1
POU5F1B,-1
COL7A1,-1
MYLK3,-1
ATXN2,-1
GLRB,-1
CLU,-1
ARL14,-1
UNC45A,-1
BTG2,-1
ZMAT2,0
R3HDML,0
HELZ2,-1
NKX2-4,-1
FEM1C,0
KRTAP5-9,-1
CD74,1
APOL3,-1
MIA2,-1
FOXF2,-1
LMOD2,-1
MAP1A,-1
WFDC12,-1
PSD4,-1
HEXIM2,-1
TTK,-1
GRM7,-1
TTBK2,-1
RFPL1,-1
ZNF485,0
STARD3,-1
ZNF513,-1
DSC3,-1
VIPR2,-1
RORB,-1
MTNR1A,-1
VPS37D,-1
RB1CC1,-1
MEAF6,-1
ZBTB14,0
ZNF786,0
TAS2R50,-1
MGRN1,-1
ZBTB7A,-1
ADAM12,-1
COL16A1,-1
RANBP6,-1
MRPS33,-1
RNF31,-1
MMP15,-1
ZNF501,0
DMRT3,-1
NAPG,-1
R3HDM2,0
RNF128,-1
DGKB,-1
PUM2,-1
HTR2C,-1
UBN2,-1
TRPM7,-1
PSMD4,-1
CHAD,-1
RPRD1A,-1
HCFC2,-1
LPCAT3,-1
GP5,-1
BMP7,-1
NUS1,-1
NUP210,-1
OR10H3,0
LCOR,-1
GRIA3,-1
MAPK8IP2,-1
PAPOLA,-1
RARS2,-1
IQGAP3,0
DSE,-1
RCHY1,-1
ZNF225,0
MAGI2,-1
LRRC8A,-1
OR4M1,-1
DMRT2,-1
CHCHD3,-1
ABCF2,-1
IGLV3-21,-1
ZNF112,-1
GLP1R,-1
ZNF805,0
TBC1D16,-1
RASA3,-1
CHORDC1,-1
CCDC91,-1
SLC27A4,-1
SERPINI1,-1
LIMK2,-1
NFE2L1,-1
RAPGEF4,0
OTOGL,-1
ZNF679,0
CTNNBL1,-1
RAPGEFL1,-1
SYTL3,0
MYF5,-1
MCMDC2,-1
RXRB,-1
ITGA7,-1
ZNF30,0
PMS1,1
EPB41,-1
HIPK1,0
FAXDC2,0
SPTBN5,-1
ARAP1,-1
ZNF470,-1
NPTX1,-1
RNF111,-1
KREMEN1,-1
ZNF774,0
RHOA,1
HAND1,-1
ODC1,-1
BBS9,0
MAP7D3,-1
TXNIP,-1
CLCA4,-1
USP18,-1
GPD1L,-1
MAN1C1,-1
NEUROG1,-1
PSG8,-1
PROKR2,-1
TEP1,-1
RTF1,-1
SBF2,-1
NSL1,-1
APLP1,-1
HNRNPR,0
DAPK1,-1
RING1,-1
CSF2RB,-1
DENND2A,-1
MYH6,-1
LAMA3,-1
CLDN8,-1
ADNP2,-1
SOCS7,-1
NLRC4,-1
ZNF582,-1
ANXA1,-1
EMG1,-1
HYDIN,-1
INTS6,-1
GPM6A,-1
CYP4F2,-1
HIPK4,-1
CDK17,-1
ALK,1
CYLC2,-1
SV2B,-1
ZNF572,-1
BIRC3,1
SENP2,-1
THRAP3,-1
WRN,1
ZDHHC3,-1
ADCY6,-1
FH,1
MLST8,-1
COPZ1,-1
OR5K2,-1
PRDM16,1
EIF4A2,-1
AKAP4,-1
E2F7,-1
ZNF22,-1
TRIM62,-1
OR4C12,-1
C3,-1
SLC51A,0
RABGGTA,-1
NFKBIZ,-1
B4GALT5,-1
FBXL18,-1
NCAPH2,-1
NR6A1,0
GUCY2C,-1
TSNAXIP1,-1
IL36B,-1
BSND,-1
ZNF473,-1
KAT6A,1
NPFFR2,0
ICOS,-1
UST,-1
MRPL42,-1
RAB9A,0
SEC62,-1
CHRM5,-1
NOS1,-1
ZNF451,-1
MFSD2A,-1
FUZ,-1
NAE1,-1
ZNF486,-1
PSG4,-1
IKZF4,-1
ZAP70,-1
KRAS,1
BCL7B,-1
ACE,-1
BCHE,-1
ZSCAN20,-1
KCNC4,-1
SLC16A3,-1
GANAB,-1
DUSP19,0
CCL8,-1
PUS3,-1
ATP2B4,-1
IL17RD,-1
ZSCAN2,0
GNA14,-1
ZNHIT1,-1
ASB4,-1
APAF1,-1
USP9X,-1
MSH3,-1
ADAM2,-1
ZFYVE27,-1
CCT7,-1
MFN1,0
NFRKB,-1
PARP4,-1
STRA6,-1
RPS3,-1
SMG8,-1
WDR1,-1
HLA-A,-1
KIDINS220,-1
TRAV2,-1
POLD1,1
SUCLG2,-1
GBP2,-1
NEGR1,-1
TPCN1,-1
DROSHA,1
ARG1,-1
KLHL25,0
RBM42,-1
NLGN4X,0
PPARG,1
RPIA,-1
SMC2,-1
SYT11,0
WDR91,-1
LONP2,-1
TBC1D10B,-1
PCDHA13,-1
RNASE1,-1
HMGCS2,-1
ACKR3,1
ZNF385A,-1
NCAPD3,-1
TBX18,-1
MYBPC2,-1
IL2RG,-1
KCND1,-1
FNTB,-1
DPP10,-1
SRSF1,-1
MLF2,-1
FADS3,-1
RFX6,-1
MFAP3,-1
FOXJ2,0
SYT3,-1
MTMR2,-1
MAGEA4,-1
PDLIM3,0
ZNF229,-1
ZNF233,-1
KCNN4,-1
MYO1H,-1
NOTCH3,-1
DXO,-1
GPC5,1
CHST4,0
HERC6,0
CPA2,-1
ARHGEF4,-1
OR10H4,-1
FCN1,-1
GNA12,-1
MZF1,0
GPR183,-1
CYP26A1,-1
SLC6A8,-1
XAB2,-1
ZNF549,0
STK35,-1
CD300LD,-1
POLR3A,-1
CORO1B,-1
PPAT,-1
FST,-1
MAML3,-1
WIPI1,0
BRD2,-1
CDC5L,-1
HPCA,-1
MOV10L1,-1
ITPR2,-1
TTC4,-1
GABPB1,0
DDX52,-1
MRPL46,-1
GRIA1,-1
ZNF165,-1
ZGPAT,0
NBN,1
AGAP2,-1
KLHL24,-1
PLCB2,-1
DAXX,1
ECT2,-1
WNT9A,-1
AKR1C3,-1
CHN1,-1
SIX2,1
SF3A1,-1
HERC2,-1
FKBP1B,-1
TSPAN15,-1
PSMB5,-1
OSBPL9,-1
OR14J1,-1
ZNF182,-1
EXOC1,-1
STK38L,-1
ZNF596,0
ZNF222,-1
NAA10,-1
DDX60L,-1
CST9L,-1
RGS4,-1
CCDC103,-1
PPIB,-1
NAA11,0
WBP11,-1
CNTN2,-1
VPS45,-1
ZNF304,-1
CYP2A13,-1
ZFX,-1
OR10H1,-1
CRX,-1
SYT9,-1
LGR5,-1
EIF4A1,-1
FAM161A,-1
ECE1,-1
AHCYL1,-1
ECH1,-1
PRSS58,-1
PABPC5,-1
PDLIM5,0
CA9,-1
GPX1,-1
PIGF,-1
FCHSD1,-1
ZNF251,0
SDCBP2,-1
PBX4,-1
SF3A3,-1
FRMD6,-1
SLC19A2,-1
DNM3,-1
RAB20,-1
ZNF217,-1
BTN3A3,-1
SLC6A9,-1
NOP16,0
MEF2A,-1
GOLGA2,-1
MED26,-1
IGHV3-72,-1
BIN1,-1
MYH15,-1
CASP2,-1
FERMT1,-1
RNPS1,-1
CSGALNACT2,-1
ANO6,-1
SUCLA2,-1
POM121,-1
PRRG1,-1
JPH1,-1
RPL15,-1
CENPN,-1
PDE4D,-1
IGKV1-6,-1
GLB1L2,0
ZNF608,-1
EBP,-1
RUSC1,-1
GATA5,-1
SIL1,-1
ARHGEF5,-1
HTT,-1
CTNNA1,-1
OTC,-1
CD244,-1
PDHA1,-1
RFC5,-1
CDH4,-1
PPP1R12B,-1
TSSK6,-1
PLA2G7,-1
CEP170,-1
DDX50,-1
PROS1,-1
OTX2,-1
TP53,1
SLC6A14,-1
CNTNAP2,-1
CD1E,-1
OR2T34,-1
PRSS23,0
KALRN,-1
CPSF3,0
CCNA1,-1
TECPR1,-1
BTBD2,0
ZNF280D,0
YY1AP1,-1
CYP11B2,-1
OR8A1,-1
IFNA14,-1
RTN2,-1
CCT8L2,-1
PACS1,-1
OR56B1,-1
ZNF630,-1
EIF2B4,-1
PDE3A,-1
SLCO3A1,-1
SELP,-1
PTPN18,-1
ADTRP,0
MYOZ1,-1
RC3H2,-1
HMGB1,-1
SCG2,-1
AOC3,-1
CTCFL,-1
PCDHB1,-1
PLA2G4E,-1
SKIL,-1
CALCR,-1
IGHV1-24,-1
UHMK1,0
PPP1R3A,-1
WASF3,-1
RBM28,-1
ARHGAP27,-1
MICA,-1
TYW1,-1
WDR82,-1
MATN2,-1
STRADA,-1
HOMER1,-1
CPN2,-1
WWC3,-1
MCM5,-1
SFTPB,-1
ANGPT4,-1
PLCD1,-1
RASGRF2,-1
SERINC5,-1
UBE2Q2,-1
LMBR1L,-1
KCNK18,-1
DCSTAMP,-1
PCDH18,-1
CCDC40,-1
MYO1F,-1
TK1,-1
NUDT7,0
XYLB,-1
DIDO1,0
UTP6,0
LAT,-1
ALDH6A1,-1
CACNA1E,-1
ASB6,-1
ZNF90,-1
ANXA5,-1
CNOT2,-1
KPNA3,-1
GPR135,-1
TUBD1,-1
EGLN1,-1
ZNF57,0
CCL15,-1
CPLX4,0
TAS2R7,0
SGSM2,-1
CD82,-1
GPN2,-1
AGPAT1,-1
GRXCR2,-1
FSHR,-1
HK2,-1
CBLL1,-1
PIP,-1
EXT2,1
PPARD,-1
CDK13,-1
ZIC3,-1
POLM,-1
EIF4EBP1,-1
BUD13,0
PWP2,0
CSF3R,1
SLC16A14,0
SLC25A40,-1
AGAP6,-1
EIF3K,-1
URM1,-1
ADAMTS8,-1
ZNF561,0
ASXL1,1
PIK3C2B,-1
RYR2,-1
DLK1,-1
MTA1,-1
HTR5A,-1
RPA2,-1
TRAF3IP3,-1
PEX5L,-1
AAMP,-1
PTPRZ1,-1
MAN2C1,-1
OR3A3,-1
PPP2R3A,0
SCYL1,-1
NKIRAS2,-1
ODF1,-1
EXPH5,-1
IGHV3-11,-1
HSPB8,-1
FUBP3,-1
EPOR,-1
DENND6A,-1
FANCF,1
AIF1,-1
GABRB2,-1
DSEL,-1
GTF2F1,-1
ACOT8,-1
COL5A3,-1
PCDHA4,-1
ZNF546,-1
INSIG2,-1
CACNA1G,-1
AICDA,-1
CHRNA3,-1
SPATA5L1,0
NUMA1,-1
ZNF791,0
CNOT1,-1
SRPK3,-1
ATP1A2,-1
GABBR1,-1
GGA1,-1
OR12D3,-1
POLE2,-1
PIWIL1,-1
PDE4B,-1
TXNRD2,-1
MCAT,-1
SLC5A1,-1
IFT74,-1
MAD1L1,-1
ACTG1,-1
MYO1E,-1
ZXDB,-1
PHLPP1,-1
MTF1,-1
SCG3,-1
SDCCAG8,-1
SULT2B1,-1
OR52M1,-1
NEURL1,-1
SPIB,-1
OR10J3,-1
CEP63,-1
SUDS3,0
SCARB1,-1
TUBB,-1
GOLPH3L,-1
FAM13A,-1
INA,0
ADAMTS7,-1
ATP10B,-1
AP1B1,-1
TBC1D12,-1
ZNF419,-1
RAD18,-1
UGT3A1,-1
MPDU1,-1
ZNF823,-1
OR56A1,-1
RPTOR,-1
PDE11A,-1
HOXA3,-1
ABCC8,-1
NOP58,-1
PCDHAC1,-1
TAAR1,-1
PCCA,-1
COPB1,-1
FASTKD2,-1
KCNG1,-1
LGR4,-1
CHPF,-1
PFKFB3,-1
ZBTB12,-1
TMEM231,-1
PSG1,-1
TRMT10C,-1
SCAF11,-1
ZEB1,1
CPB2,-1
SOX6,-1
ABCA3,-1
TIRAP,-1
NXF3,-1
GUCA1B,-1
LMBRD1,-1
HSP90AB1,-1
PNISR,-1
RASAL1,-1
NIN,-1
PPP2R5A,-1
OR2A7,-1
MSL3,0
HEXA,-1
LILRB5,-1
PITPNA,-1
CDHR2,-1
MAP2K4,1
ZNF138,-1
JPH4,0
HDAC6,-1
ADRB3,-1
BZW1,0
CALML3,-1
RAB3B,-1
TMEM63A,0
FAM120B,-1
CTSF,-1
DERL2,-1
CCDC13,-1
SUGP2,-1
MTSS1,-1
CMSS1,-1
MAPK3,-1
APOBEC1,-1
CACNG2,-1
AKIRIN2,-1
ARHGAP33,-1
PCDHB6,-1
ELP4,-1
OR10Q1,-1
FEN1,1
IGKC,-1
VASP,-1
PSME4,-1
NDFIP2,-1
RAP1GDS1,1
TMEM91,-1
HS3ST3A1,-1
POLR1D,-1
ALDH1A2,-1
MBP,-1
UBR3,-1
LRFN2,-1
ATP11C,-1
USP42,-1
KIN,-1
CDH3,-1
KLF9,0
EBAG9,-1
ODF2,-1
PPARA,-1
FTSJ3,0
CAPN6,-1
RRBP1,-1
NASP,-1
TAF5,-1
EXOSC2,-1
PTPN23,-1
APOBR,-1
NOM1,-1
FUT9,-1
ZNF311,0
DNAH9,-1
CPEB4,-1
IL33,-1
SSB,-1
CNTN3,-1
TSC22D2,-1
CASKIN1,-1
ARF5,-1
MAML1,-1
BEST1,-1
STK36,-1
MMP17,-1
NEK11,-1
CDCA8,-1
C1S,-1
ANO7,-1
GAL3ST4,-1
PPP6R1,0
FLI1,1
TESK2,-1
LUC7L3,-1
SNRK,-1
NEK1,-1
TSPYL5,-1
ACLY,-1
DOCK4,-1
ASXL3,-1
SLCO1B3,-1
DCAF16,0
PCF11,-1
EGR2,-1
IL13,-1
TLR5,-1
RRAS2,-1
ZNF404,0
OR2AG1,0
CENPL,-1
UBAP2L,-1
RECQL,-1
SALL1,-1
GRIK2,-1
IQSEC1,-1
EPHX2,-1
VDR,-1
MYO5C,-1
ZNF276,0
S100B,-1
PRPF6,-1
CORIN,-1
MTIF3,0
BMPER,-1
TMEM119,-1
HLA-DOB,-1
PPP1R7,-1
DKK1,-1
CEP89,-1
SDHAF2,1
STK32A,-1
ZC3H11A,-1
TXNL4B,-1
NEK2,-1
VCL,-1
ZNF778,-1
POT1,1
CACNA1S,-1
TGM5,-1
MS4A2,-1
ENPP1,-1
TJP3,-1
SEMA6C,-1
KLRC1,-1
PRMT7,-1
CHN2,-1
KLC2,-1
DDR2,1
PLA2G4F,0
PROK2,-1
OR6C1,-1
SLITRK2,-1
KLK14,-1
PREPL,-1
IRX6,-1
OCRL,-1
PLCG2,-1
PAX6,-1
IFT81,-1
WDR6,-1
CYFIP1,-1
PALB2,1
HAUS6,-1
SLC32A1,-1
OPRD1,-1
UGT2B7,-1
CDK7,-1
CDC37,-1
NCAN,0
ZNF345,0
CACNA1B,-1
ORM1,-1
ZNF799,-1
TOMM7,-1
POLDIP2,-1
XPC,1
POC1B,-1
COMP,-1
PIK3CB,1
DPF1,-1
FHOD3,-1
MEFV,-1
ADAM30,-1
MED16,-1
MYT1L,-1
NUP153,-1
GAD2,-1
XYLT1,-1
STUB1,-1
C4BPB,-1
ATR,1
GP6,-1
BACE1,-1
ANAPC4,-1
MNAT1,-1
ZNF33B,-1
SLCO6A1,-1
BAZ1A,1
CMTM1,-1
SNAI3,-1
PRSS21,-1
PAX5,1
ZNF133,-1
DSG4,-1
TAP1,-1
PRKAR2B,-1
RNF216,-1
SCRT2,-1
UBXN7,-1
KBTBD7,-1
EVI5,-1
ZNF98,-1
CASC3,0
PSMC1,-1
SLC37A2,-1
OR4F5,-1
ARIH1,-1
SCIN,-1
DCTN2,-1
TNKS2,0
HJURP,-1
MAP3K4,-1
RTN4IP1,-1
HNRNPCL1,0
SEC13,0
UBAP1,-1
TSHZ2,-1
RRP12,-1
OR2L8,-1
STXBP5L,-1
ZNF560,-1
ZNF644,-1
TNFSF10,-1
TNFRSF1B,-1
TRIP4,-1
CNOT3,1
MAP3K6,-1
GNL3L,-1
GCC2,-1
RAET1G,0
BUB3,-1
NPPA,-1
IL36A,-1
FOXO3,1
GRIK5,-1
CTPS2,-1
POLD2,-1
ASIC5,-1
DNAH7,-1
MED13L,-1
PWP1,0
RIN2,-1
OR4K15,-1
EN2,-1
CLOCK,-1
ARHGEF9,-1
NSFL1C,0
RANBP17,-1
NEDD9,-1
ITGB6,-1
TCOF1,-1
GDNF,-1
TDRD3,-1
RPLP1,-1
RIOK3,-1
SOX13,-1
RINL,-1
DCX,-1
KLF1,-1
OR2B2,-1
PASK,-1
NPC2,-1
OR5B2,-1
ACOT7,-1
CUBN,-1
KCNE4,-1
KAT8,-1
ATF7IP,-1
CHRAC1,0
COL18A1,-1
FOXRED2,-1
OR8D1,-1
ADH5,-1
BMPR2,-1
YY2,-1
CDC42,-1
OR8G5,-1
PARP1,-1
KCND3,-1
IRS1,-1
KIF5C,-1
SLC2A1,-1
CST4,-1
CDH9,-1
ZNF814,-1
STAG2,1
CAMK2A,-1
ADAMTS3,-1
LENEP,-1
BCL9L,1
OR5D14,-1
ZNF41,-1
CASP1,-1
DUSP2,-1
ABR,-1
ERG,1
PDE4C,-1
PLCD4,0
BMPR1B,-1
ACTL9,-1
CACNA2D1,-1
CDH8,-1
NLRP4,-1
AK3,-1
ADAR,-1
DTL,-1
PNP,-1
KLRK1,-1
PYGL,-1
HS2ST1,-1
MVK,-1
ITFG2,-1
CAPN10,-1
VPS4B,-1
ZNF680,-1
SLC13A3,-1
IFT20,-1
WDR55,-1
TBX19,-1
NRXN3,-1
PCDH9,-1
WRAP53,-1
GPR152,0
SLC16A11,-1
SLC22A15,-1
SCAP,-1
IBTK,-1
PIGA,-1
IGFBP5,-1
ADCK1,-1
YTHDF1,-1
NOTCH2,1
CACNA2D2,-1
EPB41L2,-1
LRRC8C,-1
MSRB3,-1
KRT4,-1
UTP14C,0
ZC3H12C,-1
CLDN22,0
ATG16L2,0
PRSS53,-1
SKOR1,-1
PCDHGA4,-1
ADAMTS17,-1
PHGDH,-1
NFAT5,-1
GABRA4,-1
UTP18,-1
ZFP69,-1
EVC2,-1
CST2,-1
AXIN1,1
CSF1R,1
RALGAPA2,0
RPRD2,-1
EPHA2,-1
EFR3A,-1
RARA,1
NXF1,-1
MGMT,1
MET,1
NAP1L4,-1
SEC24C,-1
BIRC6,1
NIPA1,-1
TNNC2,-1
YBX3,0
TRGC2,-1
LRIF1,-1
RHCG,-1
PSMD3,-1
REG4,-1
DOCK8,-1
CLP1,-1
LAMB2,-1
PEX5,-1
HNF1B,-1
OR56B4,-1
WDR3,-1
SERPINB7,-1
ASNS,-1
PPP1R12A,-1
MFGE8,-1
ELOVL1,-1
PCDHGB7,-1
IKZF2,-1
PPFIA2,-1
KCNF1,-1
GLCE,-1
GAD1,-1
KRT72,-1
MYBPC1,-1
LIPN,-1
HTRA4,-1
PYGO2,-1
FUT8,-1
SPINT1,0
TYRO3,-1
SYT7,-1
CSRNP2,0
MLXIP,-1
NEK4,-1
ZNF425,-1
EPS15,1
POU2F3,-1
BHMT,-1
VRK2,-1
EPHA3,1
PTGS2,-1
CELF2,-1
CBLN1,0
OR12D2,-1
GRIA4,-1
SNTG1,-1
DLAT,-1
CHST5,-1
GCNT3,-1
OTUD5,-1
STAMBP,-1
HLA-DRA,-1
BIRC8,0
FRS3,0
ZNF43,-1
ZIC5,-1
IL1RL1,-1
ACACB,-1
CCL4,-1
RAD52,-1
OLR1,-1
HHIP,-1
MAP3K12,-1
ZNF410,0
TBL1XR1,1
NUP98,1
CYB5R1,0
PPP1R17,0
BAZ2B,-1
MRRF,0
CXCL9,-1
TNKS,-1
CLIP1,-1
KBTBD8,-1
SLC39A9,0
TRIM54,-1
SHMT2,-1
INTS4,-1
SRP68,-1
TMEM67,-1
TCEA3,-1
ZNF292,-1
MATN4,-1
UNC119B,0
HRNR,-1
GSTA4,-1
SMARCC2,-1
CHMP5,-1
GCM1,-1
SLC6A20,-1
RPGRIP1L,-1
NUP43,-1
MXD1,0
TRHR,-1
TRIM41,-1
OR1J2,-1
NTSR1,-1
MAP3K11,-1
TNR,-1
VCAM1,-1
BTF3L4,-1
APOB,-1
MAP3K15,-1
TMEM30A,-1
APPBP2,-1
ETFDH,-1
SENP8,-1
PKP1,-1
PAQR3,-1
RASIP1,-1
CCNT2,-1
KRT9,-1
LAMP3,0
KLF6,1
SHROOM2,-1
PRMT2,0
SLC30A1,-1
AP4B1,-1
HTR3D,-1
APOOL,-1
UGT1A4,-1
DDX27,-1
ETV4,1
ZNF479,1
APPL2,-1
ZKSCAN4,-1
ASCC1,-1
ATP2B3,1
EDNRB,-1
TAP2,-1
KLF15,-1
VN1R2,-1
CDH23,-1
ATP6AP1,-1
UBC,-1
CPT2,-1
CP,-1
GNPAT,-1
TBC1D8,-1
HUNK,-1
IL13RA2,-1
IMPA1,-1
SEL1L,-1
MACF1,-1
SLC4A9,-1
POLDIP3,-1
ME1,-1
PIK3C2G,-1
TAF3,-1
ACVR1B,1
RPUSD2,-1
SLC7A7,-1
KCNQ2,-1
MAN1B1,-1
LLGL2,0
SLC26A8,-1
KCNJ10,-1
CCZ1,0
FNIP2,-1
XRN2,-1
ETV5,1
CCNO,-1
CDKL2,-1
TLR1,-1
BAP1,1
ZNF763,0
ADAMTS16,-1
DHPS,-1
PERP,-1
MUC2,-1
RNASE6,-1
UHRF1,-1
ATP1A4,-1
KEL,-1
NOX1,-1
NEDD4,-1
CCR9,-1
ERCC8,-1
PLCZ1,-1
ENGASE,0
RGS22,-1
TACC3,-1
CBLC,1
FKBP10,-1
CDHR3,-1
MLH3,-1
BSCL2,-1
RELB,-1
AOC2,-1
STXBP2,-1
LIFR,-1
EVPL,-1
SLC2A8,-1
RHOT1,-1
RTEL1,-1
CRTC1,1
SCAMP2,-1
IL31RA,-1
DYNC1I2,-1
ZDHHC17,-1
EIF2S2,-1
MEPCE,-1
DPAGT1,-1
MYL4,-1
SEMA6B,-1
GNAI3,-1
GNG8,0
ASB10,-1
UGT1A5,-1
ITPK1,-1
FHL5,-1
OLFM4,-1
MBNL1,-1
CCT2,-1
LAS1L,-1
CDC14B,-1
ASCC3,-1
MYH13,-1
CHMP4B,-1
ABCC10,-1
ZC3H4,-1
DPYSL4,-1
MRPL15,-1
SFXN2,-1
PTK2B,-1
FCRL6,-1
CD6,-1
CHST2,-1
ZMAT3,0
BTG1,1
ADAM32,0
LCE5A,-1
DNAJB4,-1
CGN,0
SRPRB,-1
PYGM,-1
CLPB,-1
ANGPTL6,-1
REV3L,-1
CACNA1C,-1
NGEF,-1
ADAMTSL4,-1
POLA1,-1
PDE2A,-1
GPT2,-1
TBC1D1,-1
SNAP23,-1
GLO1,-1
ALAS2,-1
THAP7,0
DPP4,-1
HSPG2,-1
ARID4B,-1
HAS3,-1
NCF4,-1
OR7G2,-1
SGCE,-1
ZNF841,-1
MAK,-1
FAF1,-1
CCDC124,-1
NPAS4,-1
NPAS3,-1
CEACAM8,-1
CAMK1D,-1
RNPEP,-1
NME9,-1
AP1M1,-1
APLP2,-1
WTAP,-1
TOP2A,-1
PBK,-1
NAP1L3,-1
TFE3,1
UPF3A,-1
PEX12,-1
ASS1,-1
RADIL,-1
STAT5B,1
ANGPT2,-1
ODAM,-1
RAPGEF6,-1
LGALS1,-1
FASN,-1
SHKBP1,-1
CORO7,-1
CLEC4D,-1
LBR,-1
MLPH,-1
OR7A17,-1
SPTBN2,-1
TRDN,-1
BMS1,-1
PINX1,-1
AZU1,-1
TTC7B,-1
PELI1,-1
ACSL3,-1
FAM72B,-1
CROT,-1
RPL32,0
RMND5B,-1
TCF21,-1
RND1,-1
EGF,-1
FOXK1,-1
AGER,-1
MSH2,1
ENAM,-1
ZNF91,-1
POU6F1,-1
OR2T27,-1
RCC2,0
RERE,-1
GRAMD1C,-1
MED25,-1
SSX3,-1
UAP1,-1
MGP,-1
STIM2,-1
PTGS1,-1
LY6G6C,-1
MVB12A,0
EXOC5,-1
CLEC4M,-1
GJB3,-1
EIF3B,-1
ZNF264,-1
COL5A1,-1
PAOX,-1
DIXDC1,-1
COPS4,-1
NOD2,-1
TAB2,-1
TDG,-1
FAR1,-1
EPHA7,1
IGHV3-74,-1
DIAPH1,-1
SNAPC3,-1
TAF2,-1
TDRD5,-1
GDF3,-1
RBAK,-1
PREX2,1
ZNF534,-1
BRPF1,-1
USP19,-1
SYTL4,-1
UBE3B,-1
IRF9,0
CAST,-1
CCDC141,-1
OR4C3,-1
MARCKSL1,-1
INTS3,-1
GNL2,-1
LIMS1,0
HDAC11,0
FAHD2B,-1
SAP130,-1
KLF16,-1
COG7,-1
SSTR4,-1
OR7D4,-1
RAG1,-1
OR13H1,-1
RAB4A,-1
CAPN1,-1
BMP15,-1
TRIM33,1
MMRN1,-1
THBS3,-1
OR1N2,-1
EIF2AK3,-1
OR52N5,-1
DMRT1,-1
DOCK1,-1
OSBPL3,-1
COL24A1,-1
SFXN3,-1
MASP1,-1
AASDHPPT,-1
NLK,0
DRD1,-1
SAP30L,-1
POLI,-1
TMC1,-1
IDH1,1
MYOCD,-1
CCR3,-1
ATG3,0
EPHA8,-1
MIER3,-1
EPS8,-1
ZNF420,-1
AP5S1,-1
DLX4,-1
JPH2,-1
EVX2,-1
KLF8,-1
ZNF625,0
FRYL,-1
IL21R,-1
CCDC18,-1
BTAF1,-1
IK,-1
AGBL5,-1
ZBTB22,-1
GPSM1,0
CETN1,-1
INHA,-1
FCHO1,-1
NDUFB5,-1
TRPV6,-1
COPS8,-1
FIGNL1,-1
GGN,-1
TYR,-1
STK3,-1
EDARADD,-1
CAPRIN2,-1
DDX6,1
CHRD,-1
BRPF3,-1
DYNC1H1,-1
ERP44,0
GOSR2,-1
CLDN19,-1
NDC1,0
GRM6,-1
ADCY7,-1
PTPRN2,-1
CORO2A,-1
KCNQ3,-1
SLC5A2,-1
MBD4,-1
PA2G4,-1
A4GNT,-1
RIMKLA,0
DYNC2H1,-1
ILKAP,0
NUF2,-1
KEAP1,1
DUSP16,-1
PEBP1,-1
SMAD4,1
PRKD1,-1
HCRTR1,-1
ESYT2,-1
CKAP2,-1
PAXBP1,-1
TIMM21,-1
CACNA1F,-1
SEMA5B,-1
TLR2,-1
OR52I1,-1
DIAPH2,-1
ZNF226,-1
PRKCB,1
RASA2,-1
NOL11,-1
GRIN2D,-1
IL17RB,-1
LARS2,-1
CPB1,-1
CD86,-1
CIT,-1
SERPINE3,-1
OGT,-1
TNFAIP8,-1
CEBPE,-1
ADAMTS13,-1
CLCN3,-1
FCRL1,-1
NOL10,-1
KIF20A,-1
ADCY2,-1
NUCKS1,-1
ZNF202,-1
IFNW1,-1
DCLK2,-1
SELE,-1
IFT172,-1
PCDHB3,-1
SBNO2,-1
ATP7B,-1
IGF1R,-1
ZNF24,-1
AKAP13,-1
CR1L,-1
WNT4,-1
PGM1,-1
MCM10,-1
MLH1,1
MC2R,-1
DHCR7,-1
CFHR5,-1
CCNT1,-1
ZNF423,-1
TFCP2,-1
AVPR1B,-1
SCAMP3,-1
SFN,-1
CD8B,0
GYPC,-1
SNTA1,-1
RBMXL1,0
DGAT2,-1
APEH,-1
CPN1,-1
CUX2,-1
CERS3,-1
SV2A,-1
ZNF236,-1
ADAM17,-1
DNAJB11,-1
PRRC2C,-1
JARID2,0
BAIAP2L1,-1
ZNF208,-1
SSH1,-1
GPR32,-1
CCDC51,0
FUT3,-1
MST1R,-1
THRSP,-1
CSTF2T,-1
PLK1,-1
STK11IP,-1
MTO1,-1
CIITA,1
PSMB4,-1
KIF2A,-1
AHRR,-1
SMG5,-1
SFRP5,-1
RHPN1,-1
LGMN,-1
MRGPRX4,-1
RRP7A,-1
CASZ1,-1
INPP5B,-1
ZSCAN31,0
DIRAS1,-1
PDPK1,-1
TRIM25,-1
OR7A5,-1
OR1D2,-1
PPP1R10,-1
MMP19,-1
MYH11,-1
L1CAM,-1
SLCO1A2,0
YME1L1,-1
PHKB,-1
GRIK1,-1
UNC5C,-1
HS6ST2,-1
ZNF780A,0
LPAR1,-1
ARHGEF15,0
CUL1,-1
ABI2,-1
VPS33A,-1
ZNF727,-1
SNED1,-1
KCNJ15,-1
AGL,-1
BUB1,-1
ZNF682,-1
NOTUM,-1
OR9G4,-1
FCN2,-1
BTN2A1,-1
DHX37,-1
DAO,-1
ARID1A,1
DHX8,-1
MSGN1,-1
SERPINE2,0
MALT1,1
RDH11,-1
GATAD2B,-1
SYN1,-1
VPS54,-1
WDR35,-1
CHRNA5,-1
PCDHB4,-1
ZNF701,0
SPRR3,-1
STK16,0
OR2AT4,-1
TCF7L1,-1
RAP1GAP,0
MCM9,-1
ADCY9,-1
ATAD3A,-1
NIPBL,-1
MBL2,-1
OR4S2,0
TNRC6B,-1
SALL2,-1
LCE3D,-1
CCAR2,-1
CLASRP,0
MAML2,1
DYRK1B,-1
NIFK,-1
ARNT,1
MSH4,-1
IL18RAP,-1
AGAP3,-1
GFRA3,-1
PPARGC1B,-1
RFXAP,-1
GRID1,-1
TSPYL1,-1
OR4L1,-1
PMS2,1
CNN2,-1
TBKBP1,-1
ACOT2,-1
RXFP1,-1
STAP1,-1
SIVA1,0
UNC80,-1
OR8K1,-1
TMC2,-1
TP53BP1,-1
FASTK,-1
PHLPP2,0
CDKN2C,1
CACNB1,-1
LTBP2,-1
PLXNB1,-1
ZNF234,-1
PYY,-1
NAA30,-1
CX3CR1,-1
TGFB2,-1
MECR,-1
CYB561,-1
HIVEP3,-1
CX3CL1,-1
NAA20,0
KIR2DS4,-1
KRT31,-1
ATP6V1E2,-1
SLC39A11,-1
JAK3,1
CLSTN2,-1
CLSTN3,-1
TMPRSS2,-1
TOMM20,-1
NLGN3,-1
CNDP2,0
DDX4,-1
NINL,0
TAX1BP1,-1
CAMSAP3,-1
BTF3,0
CHD7,-1
COQ2,-1
POSTN,-1
KLK8,-1
NEK5,-1
MT1H,-1
GDI2,-1
PPP1R13L,-1
ADAMTSL1,-1
SYT13,-1
OR2J2,-1
RIMS4,-1
GATAD2A,-1
STK10,-1
SBDS,1
BACE2,-1
UBXN2B,-1
IGHV4-4,-1
SLC18A2,-1
SMARCA1,-1
PKDREJ,-1
RHBDL2,0
UGT2A1,-1
FARS2,-1
TXLNA,0
KHDRBS2,-1
EPB42,-1
OR4K2,-1
GIPR,-1
FLT4,1
CD68,-1
GREB1,-1
AMY2B,-1
LRIG3,1
SEMA6A,-1
ABCC11,-1
SEMG1,-1
TNFRSF8,-1
COX18,-1
AP2M1,-1
MAGEE1,-1
FCRL3,0
GSTM1,-1
RALGDS,-1
CDK11A,-1
CALML5,0
LHX9,-1
ZFYVE9,-1
SATB2,-1
SLC27A1,-1
RNF13,0
GRM4,-1
KANK1,-1
SIPA1L3,-1
BTG4,-1
TNS4,-1
ZNF670,0
ATP13A1,-1
DCUN1D2,-1
ZNF541,-1
KRT1,-1
ACADM,-1
UBE4A,-1
KLK7,0
EPB41L4B,-1
PCDHB5,-1
TINAG,-1
ATOH8,0
PKN2,-1
ZNF816,0
CELA2B,-1
RFPL2,-1
RPS6KA6,-1
LGI1,-1
LDHB,-1
RNF41,0
FRZB,-1
WNT6,-1
NUDC,-1
MTOR,1
PGM3,-1
LRRK2,-1
C9,-1
HS3ST1,-1
TUBG1,-1
HMGB3,-1
OGDHL,-1
ZNF648,0
GRID2,-1
F12,-1
EIF2A,-1
ABCD3,-1
UBA5,-1
HABP2,-1
CNTN6,-1
CATSPERG,-1
ZBTB46,-1
AHNAK,-1
PSMA7,-1
CCNA2,0
DPPA4,-1
CUL7,-1
ZNF416,0
OR4F6,-1
PKNOX2,-1
TGFBR2,1
SP4,-1
PRKAB2,-1
PSMC2,-1
ISLR,-1
CALB2,-1
CD70,-1
CBLN4,-1
CACNG6,-1
OR13F1,-1
ZC3H12A,-1
PDLIM4,-1
EEF2,-1
MBTPS1,-1
PDZD7,-1
LCE1D,-1
PTBP3,0
P2RX7,-1
OR13A1,-1
TFCP2L1,-1
SEPHS2,-1
TNFAIP6,-1
TPH2,-1
CHP1,0
MOGAT3,-1
HCLS1,-1
ITPR1,-1
FILIP1,-1
OR2AE1,-1
SCN3B,-1
TALDO1,-1
ANO1,-1
ITIH3,-1
CABP4,-1
CCNE1,1
CS,-1
SMG7,-1
FZD7,-1
OSBP,-1
ZNF205,-1
GRIP1,-1
OR8H1,-1
SCN4B,-1
MRPL17,-1
KRT78,-1
BBS1,-1
PKP4,-1
TOPORS,-1
FTMT,-1
PCK2,-1
NCOR2,1
RIC8A,-1
PFN4,-1
ADORA3,-1
SLC25A20,-1
LRP5,-1
CDC42EP3,-1
OR2A5,-1
KCNH4,-1
INSC,-1
UPF2,-1
OR5AR1,-1
BRINP1,-1
STAT3,1
THOP1,-1
ZC3HAV1,-1
E2F8,-1
COL4A4,-1
EIF5A2,-1
ZNF641,-1
FAR2,-1
FBXW4,-1
DSG2,-1
GATA2,1
SLC39A8,-1
SERPINA5,0
RXFP3,-1
RAN,-1
ZNF813,0
RPS27A,-1
RMI2,1
DENND1C,-1
TEKT4,0
NAA25,0
IFIT3,-1
ACKR2,-1
ACVR2A,1
POLRMT,-1
KCNH5,-1
KCNH7,-1
LYN,-1
SPINT4,-1
RLN1,-1
UQCRB,-1
CHSY3,-1
ZNF621,0
NDUFB8,-1
ZNF628,-1
ALDH3B2,-1
CLTC,1
ZNF570,-1
FGF9,-1
IAPP,-1
MRPS5,-1
LRRFIP1,-1
SPTLC3,-1
HLA-G,-1
SLC25A44,-1
TLR7,-1
ZNF721,0
IL10,-1
MGA,-1
ZIM2,-1
SUPT6H,-1
NDUFB11,-1
IGLV5-45,-1
ZNF677,-1
ST6GAL1,0
DPY19L2,-1
GPR65,-1
NOG,-1
PCDHB8,-1
RSPH6A,-1
PRKCZ,-1
ZNF567,0
AMOT,-1
NTNG1,-1
LYZL4,-1
TIMM17B,-1
MED24,-1
LRCH4,0
UBAC2,0
TSC1,1
RNASEH1,-1
FAIM2,-1
TRIM10,0
PAK3,-1
TAS2R16,-1
BARX2,-1
SYNJ1,-1
OR8I2,-1
PHC3,0
BRF1,-1
HSPA4L,0
TG,-1
USP33,-1
IL26,-1
PLEKHG6,-1
SLC19A3,-1
PRLHR,0
DDIT3,1
SIGLEC7,-1
ZNF45,-1
LENG1,-1
SVIL,-1
FGR,-1
ATG7,-1
OR2T12,-1
OR6M1,-1
GNPDA2,-1
PTPRJ,-1
BMPR1A,1
ZNF827,-1
CSH2,-1
SND1,1
LONRF1,-1
ANXA7,-1
NOTCH1,1
UBE3C,-1
MELK,-1
DOCK7,-1
OTUD7B,-1
FUT1,-1
ABCB9,-1
ATP8B4,0
PLD2,-1
MAPK8,-1
CCL26,-1
SETDB1,1
GMNN,-1
ELF1,-1
MAZ,-1
MDN1,-1
CDH16,-1
FN1,-1
TNFSF18,-1
OR1L8,-1
LIPC,-1
SLCO1B7,-1
GCC1,-1
PEX1,-1
PLOD3,-1
HECTD1,-1
CLASP1,-1
RREB1,-1
TRPV5,-1
TMPO,-1
OR10C1,-1
RWDD1,-1
MKI67,-1
NCOA7,-1
PCBP1,1
USP34,-1
SLC2A5,-1
MTG2,0
OR51G1,-1
GPR17,-1
AWAT2,-1
OR4K1,-1
PRKAA2,-1
GRHL3,-1
MTMR3,-1
CCDC8,-1
RYR1,-1
MEF2B,-1
CPXM1,-1
BARHL2,-1
CYP4A11,-1
ACTBL2,-1
HTN3,-1
ADAM7,-1
UGT1A9,-1
ADAM33,-1
COL21A1,-1
CA12,-1
ECD,-1
POLB,-1
NFIA,-1
SMC4,-1
DDHD1,-1
MRTO4,0
PKD2L1,-1
RAB6C,-1
METAP1,-1
PBXIP1,0
B4GALNT2,0
DNAJC10,-1
PBRM1,1
FBXL7,-1
SLITRK3,-1
SIPA1L2,-1
ABI1,1
OR5L2,-1
CDC25B,-1
SERPINB2,-1
CDK15,-1
ST8SIA1,0
RIMS2,-1
ZNF99,-1
HOXB6,-1
COG8,-1
IGKV1-9,-1
HSPA14,-1
TRAIP,-1
MTHFD2L,-1
CELSR2,-1
OR6S1,-1
FANCA,1
MATR3,-1
FBXO40,-1
VDAC1,-1
DNAJC6,-1
MYH10,-1
ZPBP2,-1
GLS,-1
GGA2,0
FBXW11,-1
RRM2B,-1
RXRG,-1
CCDC88A,-1
SEC61A1,-1
MAPRE2,-1
FAU,-1
CHRNB2,-1
COL6A1,-1
GRB14,-1
GLRX3,-1
GOLM1,-1
CDCA7L,-1
EIF4A3,0
SGPP1,-1
KCNJ1,-1
ISX,1
URI1,-1
ECSIT,0
PSPH,-1
PCDHGA5,-1
COMMD1,-1
FCGR2A,-1
SPTLC1,-1
SIKE1,0
CELSR3,-1
RAB3IP,0
XRCC2,-1
SNX4,-1
FAM20B,-1
CAPN7,-1
SEC24D,-1
KCNK13,-1
PRKCG,-1
ALPK2,-1
IGKV1D-43,-1
LBP,-1
SLC30A2,-1
THPO,-1
TP73,-1
MT1F,-1
INO80,-1
DHX38,-1
NRXN1,-1
CDC7,0
GRPEL1,-1
TACR3,-1
ZNF462,-1
ARHGAP10,-1
ARSJ,-1
CPNE1,-1
OR2M5,-1
MCTS1,-1
KRT3,-1
CDC23,-1
NOD1,-1
CHST8,-1
BCAP31,-1
ADAM22,-1
OR2B11,-1
SERINC1,-1
S100A11,-1
POTEF,0
PPP2R5D,-1
MIPEP,-1
CAMK2G,-1
GYS2,-1
EME1,-1
MRPS26,-1
ASXL2,1
ARHGAP39,-1
POMT2,-1
IL17RC,-1
RGS12,-1
RAPGEF2,-1
PTPN5,-1
OR6K2,-1
ZNF615,0
SETD1A,-1
STX5,-1
PCOLCE2,-1
UFL1,-1
PPIP5K2,0
ZNF250,0
ITGA6,-1
GOLGA4,-1
PARP14,-1
LATS1,1
NR3C1,-1
JAM2,-1
EFCAB7,-1
ZFYVE26,-1
GPR161,-1
TMEM63B,0
SLC17A8,-1
FRS2,-1
AQR,-1
LRRK1,-1
DAGLB,-1
CHEK2,1
OR51A7,-1
PGC,-1
EXOC3L4,-1
PLG,-1
SDC3,-1
SCN7A,-1
ACO1,-1
SRCAP,-1
EIF3E,1
HDAC4,-1
AGO1,-1
NKRF,-1
FIP1L1,-1
PLAC8,-1
PPHLN1,-1
PRC1,-1
RBPJL,-1
RPUSD4,-1
KIF3B,-1
RAD23B,-1
ZBTB5,-1
FNDC5,-1
WDR70,-1
ZNF280A,0
ACAN,-1
STIM1,-1
NEU2,-1
SLC6A6,-1
USP21,-1
KAT2A,-1
CENPE,-1
VAV3,-1
SUN5,-1
RER1,0
NRCAM,-1
FADS2,-1
WASL,-1
LRRN2,-1
HLF,1
ZHX2,-1
DIABLO,0
DPYSL2,-1
RIPK1,-1
B4GALT1,-1
LOXL4,-1
ERGIC3,-1
KRT24,-1
FRY,-1
KIRREL2,-1
ZNF383,0
THOC2,-1
SEC23IP,-1
NXT2,-1
TFAP2B,-1
ALDOB,-1
ZNF578,0
LHX4,-1
GNAT1,-1
GRIN3A,-1
MAP4K3,-1
NPRL2,0
GLG1,-1
EPHB3,-1
RGS7,1
CATSPERD,-1
SRRM1,-1
PRPF31,-1
ZNF17,0
RILPL1,-1
GALK2,-1
ENOX2,-1
OSBPL1A,-1
MARCO,-1
PCDHA10,-1
VCPIP1,0
AZGP1,-1
DPF3,-1
LTA4H,-1
BMP2K,-1
SPPL2A,-1
TMPRSS11A,-1
NKG7,0
TGM4,-1
NR4A3,1
PRTN3,-1
FKBP7,-1
NTRK1,1
MTA2,-1
ATP6V1H,0
KRT12,-1
ERCC4,1
NAMPT,-1
OR4A15,-1
FAM20A,-1
IGKV1D-33,-1
RAI1,-1
OR2J3,-1
HERC4,0
KRT20,-1
TRPC1,-1
OR5H1,-1
OR5AP2,-1
ITGAL,-1
ALDH1L1,-1
GTF2E1,-1
KMT2E,-1
GJA3,-1
ARHGEF2,-1
ZNF576,0
TRRAP,1
ZNF23,-1
PURB,-1
PSMB9,-1
ANKRD17,-1
ITPKA,-1
SUPT16H,-1
ABCC3,-1
HEATR3,-1
AGFG1,-1
UGT1A10,-1
IL17A,-1
KCNQ5,-1
TRPM2,-1
PDCD6,-1
ANAPC16,-1
EDEM3,-1
NOP9,-1
COPS6,-1
SH3D19,-1
CDC16,-1
CBLN2,-1
STK4,-1
GHSR,-1
MTMR9,-1
CCR5,-1
TIMM9,-1
UBE2E1,-1
IKBKE,-1
EDAR,-1
HLA-E,-1
DCUN1D4,-1
ZNF286A,0
SGCZ,-1
RLBP1,-1
MAS1,-1
OSBPL8,-1
PAN3,-1
OR4D1,-1
EPHB4,-1
TCL1B,-1
TEAD2,-1
PLEKHA3,-1
TTF2,-1
TOX4,-1
MINPP1,-1
ZNF439,0
PKD1,-1
ATF3,-1
ABCA9,-1
CCT6B,-1
SLC1A3,-1
KIAA0753,-1
UEVLD,-1
DDX31,-1
ECM1,-1
HNRNPA3,0
GPATCH1,0
FOXD3,-1
TAS2R40,-1
STRIP1,-1
FXR1,-1
XPO5,-1
FMO4,-1
POU2AF1,1
FGD2,-1
POLR2I,-1
SLC44A5,0
ZNF583,-1
TRA2B,-1
SIRPB1,-1
MYRIP,-1
MGLL,-1
ACSM2A,-1
MTHFR,-1
MBNL3,-1
OSBPL10,-1
PIAS3,-1
PDE6B,-1
SLC28A1,-1
PNPT1,-1
PCOLCE,-1
ZDHHC14,-1
PLCH2,-1
CAT,-1
TOM1L2,-1
AQP2,-1
ASB11,-1
MLLT4,-1
TBX21,-1
OR2S2,0
EEF1D,-1
KPNA6,-1
POP5,-1
PDE1C,-1
ERCC6,-1
MRGPRX1,-1
LMAN2L,-1
F8,-1
KCTD10,-1
CLEC14A,-1
ENTPD3,-1
KCNK10,-1
ARID1B,1
LAMA1,-1
HAPLN1,-1
MTMR6,-1
RASAL2,-1
MRGBP,-1
OR51F2,0
ETV3L,0
OR5T2,-1
MADD,-1
ITPKB,-1
PEX3,-1
SLC36A1,-1
UBQLN1,-1
PPM1D,1
COL11A1,-1
ZRANB1,-1
FMO5,-1
RABIF,-1
CKMT2,-1
REEP5,-1
P2RY13,0
HECTD3,0
CLIC2,-1
EPC1,-1
SDHA,1
DZIP1,-1
TAS2R20,-1
USP1,-1
AIP,-1
ELK4,1
NOBOX,-1
PIP4K2B,-1
ACAD9,-1
SORBS1,-1
GHRHR,-1
SAMD4B,-1
PTPRD,1
MYL12B,-1
NCAPH,-1
PEX26,-1
BTG3,-1
YIPF4,-1
RAB26,-1
JAG2,-1
EIF4G1,-1
CSK,-1
SIK1,-1
TAS2R14,-1
FABP12,-1
PRKG1,-1
BRSK1,-1
YY1,-1
AKAP9,-1
BMX,-1
ZNF518B,-1
COPE,-1
ZBTB32,-1
CLCA2,-1
PDE4A,-1
PKM,-1
F11,-1
DENND1A,-1
ID3,1
RIT2,-1
SLC7A9,-1
MARK2,-1
MKRN1,-1
LNX2,-1
ADNP,-1
SPARCL1,0
CCNL1,-1
SLC6A18,-1
MAB21L1,-1
IFNA21,-1
AMOTL1,-1
SPICE1,-1
SGSH,-1
SSX7,-1
LILRA1,-1
MICU2,-1
AMPD2,-1
GPR132,-1
IGLC7,-1
XRN1,-1
TDRD9,-1
USP29,-1
BRCA1,1
TMEM214,-1
GFAP,-1
HCN4,-1
PDE1A,-1
ARID5B,-1
ARL2,-1
RASSF8,-1
DLGAP2,-1
GLB1L,0
ARHGEF40,0
PAPPA,-1
HSPA2,-1
GLUD2,-1
MAST4,-1
HTR1F,-1
CTNNB1,1
PELI2,-1
MKRN3,-1
SLAMF7,-1
PTAR1,-1
LTA,-1
TNC,1
ZBTB18,-1
ZP1,-1
KRT2,-1
FOXF1,-1
KCNB1,-1
GALNT1,-1
IL7R,1
POLG,1
SHPRH,-1
ELL3,-1
ZRSR2,1
SNX1,-1
YLPM1,0
PIR,-1
MMP9,-1
CTPS1,-1
PLA2G4C,-1
TRIM34,-1
TRPM6,-1
FHOD1,-1
BRAF,1
RPGR,-1
NEUROD1,-1
CDCA3,-1
ACTL7A,-1
DTX2,-1
SLC22A25,-1
AHSG,-1
SMARCD1,1
USP51,-1
PGAM4,-1
SNX31,-1
ZFPM2,-1
NFU1,-1
PCDHGA6,-1
TMEM59,-1
OR1Q1,-1
KRI1,-1
TNXB,-1
ATP6V1C2,-1
LSM12,-1
SCLT1,-1
GPR37,-1
CREBZF,-1
GDA,-1
NEO1,-1
PPP1R3D,-1
HDAC1,-1
JAZF1,-1
MAGEA8,-1
ATG9A,-1
CEL,-1
OR51A2,-1
PHF3,-1
ZBTB1,-1
TET2,1
NEURL4,-1
ARRB1,-1
CNGA2,-1
LILRA6,-1
MRGPRE,-1
TNFRSF9,-1
TUBGCP4,-1
CCDC65,-1
TRAV19,-1
GARNL3,-1
ZNF266,-1
KDR,1
ARID3C,0
MAGEC2,-1
ZNF845,0
SORBS2,-1
ZNF337,0
DLGAP3,0
PRKCE,-1
PTPN22,-1
PRX,-1
LRP1,-1
OPRL1,-1
NRBP1,0
SPATA2,-1
DDX60,-1
ATP6V1D,-1
KLF10,-1
TBC1D8B,-1
EPB41L5,-1
GLB1,-1
STAB1,0
SULF2,-1
EHMT1,-1
ACTR3C,0
CSDE1,-1
FOXRED1,-1
VGLL4,0
ABCA8,-1
P2RX3,-1
DNAJA1,0
MKS1,-1
CCDC88C,-1
ZFP57,-1
CDH6,-1
CDC27,-1
VASH2,-1
ADCY8,-1
MUC17,-1
THOC7,-1
VN1R4,-1
PSMG1,-1
SUB1,-1
SNX33,-1
KIFC2,-1
LDB2,-1
WWTR1,1
SLC22A2,-1
SPRED2,-1
COPS7B,-1
PCDHB16,-1
MRPL2,-1
IGLV3-12,-1
TMEM132A,-1
FRMD1,0
RNF19B,0
DHTKD1,-1
DEPTOR,0
KCNQ1,-1
ROR1,-1
PCDH1,-1
PRPF38B,0
ZNF683,-1
RNASE3,-1
UBE2T,-1
ATP8A1,0
ADD2,-1
ALDH1B1,-1
PIK3R5,-1
NOSTRIN,-1
ETNK1,1
RBM27,-1
PIK3R1,1
UGGT2,-1
LY9,-1
THOC5,-1
BAG3,-1
MYO1G,-1
TBCK,-1
OPCML,-1
EXT1,1
NACAD,0
PPP3CA,-1
PLEKHA7,-1
MX1,-1
DNM1L,-1
CENPC,0
SKP2,-1
NMD3,-1
MTRR,-1
ATP9A,0
CNR1,-1
STK24,-1
CALR3,-1
TBX10,-1
ISL1,-1
NUCB1,-1
SMARCD3,-1
KDELR3,0
ITGA8,-1
MYO15A,-1
ALOX5,-1
TNFSF14,-1
TMPRSS9,-1
PHLDB2,-1
IGFBP3,-1
PANX2,-1
CRHR2,-1
OR2L2,-1
SEMA4A,-1
MSH5,-1
VRK1,-1
MAD2L1BP,-1
IER2,0
MAP3K2,-1
PCSK2,-1
SMAD7,-1
SAFB2,-1
TRAF1,-1
PGM2,-1
SYN3,-1
APTX,-1
REL,1
KLHL20,-1
TEX15,-1
NCR3,-1
PTPN12,-1
CD19,-1
ASB13,-1
PTPRU,-1
TONSL,0
SPEF2,-1
TOB1,-1
PXK,-1
PCMT1,-1
MYO1D,-1
SMARCC1,-1
ROPN1,-1
TSEN2,-1
STXBP4,-1
SEMA3A,-1
GPR151,0
GSC,-1
PTEN,1
TMPRSS11F,0
PHF12,0
ACTL7B,-1
KCNJ11,-1
ANO8,0
EEA1,-1
ZFP2,0
ALPK1,-1
RUNX1,1
ZNF442,0
NUBP2,-1
CLEC4F,-1
TRBV6-5,-1
TBC1D10C,-1
PSD,-1
OR4N2,0
AP4E1,-1
ZNF81,-1
SRRT,-1
UBAP2,-1
OR5AN1,-1
DIS3L,-1
TRPM4,-1
AKAP8L,-1
RALGAPA1,-1
STXBP3,0
KCNMA1,-1
PAX7,-1
CD226,0
BAZ1B,-1
SH3GL1,1
ZSCAN10,-1
RHOU,-1
TNK2,-1
OR4X2,-1
CDH20,-1
RIF1,0
FCRL2,0
SUV39H2,-1
PI15,-1
APBB2,-1
USP11,-1
CTSV,0
IL12A,-1
HMX2,-1
CHI3L2,-1
SRRM4,-1
ARNT2,-1
OR4N5,-1
MUC5B,-1
RYK,-1
SEC22A,-1
DACT1,-1
CRMP1,-1
LPAR2,-1
ZNF367,-1
ZNF12,-1
IGHMBP2,-1
ZNF626,0
ZNF777,-1
NR1I2,-1
POFUT2,-1
OXCT1,-1
IFT140,-1
FOLH1B,-1
STARD13,-1
LATS2,1
C6,-1
TGFBI,-1
BOD1,-1
OR6C75,-1
PLA2R1,-1
IGHD,-1
POLR3G,-1
PGAP1,-1
KATNB1,-1
PITHD1,-1
RAB15,0
ICMT,-1
SPARC,-1
SLC4A4,-1
XRCC1,-1
CYP11B1,-1
TAPBP,-1
TRUB2,-1
ZNF500,0
OR2T8,-1
RNF19A,0
OR10H2,-1
SRC,1
EPX,-1
USP25,-1
TOR1A,0
RNF139,-1
CRYBB2,-1
MYH4,-1
PCDHA2,-1
SF3B4,-1
DNMT3B,-1
NMUR2,-1
HCRTR2,-1
DMXL1,-1
ROMO1,0
SNAP47,0
IRX1,-1
SIRPG,-1
SLC10A6,-1
ZNF510,0
RASD2,-1
B2M,1
AK1,-1
UGT2B4,-1
UNK,-1
YOD1,-1
CSPG5,-1
TRIM21,-1
CACNA2D4,-1
NRP2,-1
NUP35,-1
EI24,-1
KCTD18,0
FBLN2,1
CENPF,-1
AGO3,0
KCNA5,-1
UBB,-1
BSN,-1
SOCS5,-1
EXOSC9,-1
ABCB4,-1
CEACAM5,-1
SOX5,-1
PPP2R3C,0
PCDHGA12,-1
AGPAT4,-1
PFN2,-1
UBE3D,0
MCF2,-1
HRH4,-1
CALM2,-1
NTF3,-1
F3,-1
LAMB4,-1
SLC16A7,-1
BIN2,-1
ATP7A,-1
RAD21,1
ZC3H13,-1
CYP4A22,-1
ZNF248,-1
ADAMTS14,-1
ROBO2,1
ZBTB9,0
TRPS1,-1
COL11A2,-1
NDUFAF6,-1
SYNCRIP,-1
MCM3AP,-1
ACTR1B,-1
CRHBP,-1
IRF8,-1
FBXL17,-1
MUTYH,1
INO80B,-1
NSF,-1
MCAM,-1
OBSL1,-1
SULT1A1,-1
SUCNR1,-1
IL12RB1,-1
TFB2M,-1
NUP107,-1
LRRC4C,-1
MOCS3,0
VSX1,-1
ARAP2,-1
GABRA6,-1
F2R,-1
COL1A1,-1
SCARF1,-1
WIF1,1
CDH10,1
SYT10,-1
ACOT4,-1
SH3KBP1,-1
RAPH1,0
PKD2L2,-1
BDKRB1,-1
ADH1B,-1
MAGEC1,-1
DBF4,0
CHRDL2,-1
FBXW10,-1
TLN1,-1
NAT8,-1
MPV17L2,-1
GABRA5,-1
CCND1,1
GTPBP2,-1
ZNF284,0
CLGN,-1
ALAS1,-1
GRB10,-1
ATMIN,-1
RBFOX1,-1
CLEC7A,-1
EML2,-1
POR,-1
JMJD1C,-1
CSGALNACT1,-1
ALOXE3,-1
UBE2D3,-1
MYH3,-1
IGKV1D-12,-1
RNGTT,-1
ZNF529,0
C1RL,-1
SLC8A1,-1
RABGAP1,-1
TSHR,1
ZNF732,0
SLC25A38,-1
RORA,-1
GRIN1,-1
DNAH3,-1
SCML1,-1
SLC40A1,-1
PRKAR1A,1
HAPLN4,-1
MCC,-1
RUFY1,-1
AIFM2,0
MYCBP2,-1
VSTM1,-1
KDM6B,-1
PEF1,-1
SESN2,0
IGLV10-54,-1
ATP11B,-1
GIMAP1,-1
ATP2A3,-1
RHOG,0
TRAF2,-1
PCDHA9,-1
AVPR2,-1
UBE2J2,0
DNAH1,-1
OR51E2,-1
TMC3,-1
OPRM1,-1
RASGRF1,-1
GOSR1,-1
CSN2,-1
OXER1,0
RNF20,-1
MAPK7,-1
TFRC,-1
ZNF107,-1
CFHR4,-1
SERPINA1,-1
IGHV4-59,-1
GRHL1,-1
SLC22A3,-1
PTGFR,-1
DISP2,-1
OR2F1,-1
OR51F1,-1
PDGFRB,1
PHOX2B,1
CD44,-1
OR2C1,-1
RILP,-1
WNT7A,-1
KRT79,-1
MAOA,-1
PPM1H,-1
DLG2,-1
TAF1A,-1
CYB5R4,-1
PRPH2,-1
ZMYND10,-1
SYNPO2,0
GRK4,-1
HOXD1,-1
ZNF25,-1
CNOT11,0
SYK,1
HCN3,-1
IDE,-1
TSC2,1
DMTF1,-1
NSMAF,-1
C2CD5,-1
MICAL1,-1
GJA1,-1
ASB17,-1
CLPP,-1
STX16,-1
MED4,-1
KLF5,-1
ZNF646,0
ELOVL5,-1
MYOD1,1
CCL24,-1
ASPM,-1
MGAT4A,-1
FTHL17,-1
ALPI,-1
FOSL2,-1
MAGEB1,-1
PRICKLE1,-1
SLCO4A1,-1
TPT1,-1
KLHL40,-1
RPL8,-1
GCM2,-1
PIGT,-1
OR4M2,-1
B4GALT6,-1
LCE2A,-1
USP47,-1
FOXK2,-1
CCKAR,-1
RRM1,-1
DPP6,-1
SGCD,-1
RPE65,-1
TOPBP1,-1
B3GALNT2,-1
DHRS7,-1
PCGF2,0
APCS,-1
TEC,1
EAF1,-1
FKBP9,1
ARHGAP22,-1
SLC37A1,-1
OR4K14,-1
CEP57,-1
COX8C,-1
PREP,-1
OR2G6,-1
PELO,-1
MFAP2,-1
SLC5A6,-1
RHBDD1,-1
PIK3R6,-1
TAS2R9,-1
SEPHS1,-1
OR6N1,-1
EML4,-1
XPO4,-1
LDB3,-1
TSHB,-1
DNMT1,1
TRAV4,-1
GORASP2,0
LRP2,-1
NDUFA9,-1
PRKCH,-1
EDA,-1
LCP1,-1
CA2,-1
CASP10,-1
GIP,-1
MAP3K7,-1
SLC39A10,0
FBXO2,-1
THBS1,-1
NPLOC4,0
ATG4D,-1
ZDHHC18,0
DDC,-1
DDAH1,-1
PI4K2B,-1
CNTNAP1,-1
NPC1,-1
OR2T4,-1
OR5AC2,-1
TAOK3,-1
TMEM106C,-1
PTK7,-1
GABRE,-1
DPYS,-1
CEP350,-1
TCERG1L,-1
LCE2B,-1
POU3F4,-1
AGAP1,-1
HDAC9,-1
ZBTB45,0
KLC1,-1
MYH9,1
COL9A3,-1
GTF3C4,0
COPA,-1
PLK3,-1
KDM6A,1
SMURF1,-1
ZP4,-1
GPRC5A,-1
XPO6,-1
CLDN9,-1
SLC25A21,-1
IRF1,-1
HOXC13,1
RBM15,-1
DAAM1,-1
DENND4A,-1
UGDH,-1
LRFN3,-1
SLC39A5,-1
TRIM23,-1
UBA2,-1
KCTD7,-1
SPO11,-1
BCL2L12,1
GABRA2,-1
KCTD3,-1
LDLR,-1
PTK2,-1
USP31,-1
RFC4,-1
IFNL2,-1
ZNF568,-1
CA14,-1
SMC3,-1
DSC2,-1
TPTE2,-1
MBD5,-1
ACP5,-1
ACACA,-1
DYRK1A,-1
BEST2,-1
TBC1D19,-1
RFWD3,1
TBC1D22B,-1
ATL3,-1
NR1H4,-1
ITGAV,1
CAPN9,-1
ZSCAN32,0
TEAD3,-1
TTBK1,0
TNPO2,-1
ZNF184,-1
MPHOSPH10,0
STRIP2,-1
DNAH10,-1
APP,-1
ARIH2,-1
TUBA3E,0
BEX1,-1
INPPL1,-1
RYR3,-1
ARHGEF3,-1
UNC13C,-1
ZMYM3,1
CNGB3,-1
DOCK9,-1
TRIM9,-1
OR7E24,-1
WEE1,-1
DECR1,-1
FKBP4,-1
ZNF354A,0
SHANK1,-1
DDX53,0
ACTR5,0
CTDSP2,-1
HES1,-1
S100A2,-1
CFTR,-1
KCNE3,-1
FARSB,0
INTS10,-1
OR13C8,-1
HSPB1,-1
ZNF415,0
UNC5D,-1
SOCS6,-1
PRR5L,-1
RBM45,-1
TNFAIP1,-1
LRPAP1,-1
ZNF180,-1
ARG2,-1
PHF14,-1
TYW1B,-1
HTR7,-1
RBM14,-1
EFTUD2,-1
CNP,-1
SLC16A1,-1
GATM,-1
ATP2A2,-1
ACSL4,-1
CRB1,-1
NTN4,-1
NAA15,-1
SULT2A1,-1
TRADD,-1
WIZ,0
RNASEL,-1
FBXO27,-1
SFRP2,-1
ETV2,-1
RRM2,-1
AGA,-1
TRPC5,-1
CDKN2A,1
ZNF749,-1
PI4KB,0
PROX1,-1
CD3D,-1
MC3R,-1
ZNF224,-1
MTM1,-1
KIF1B,-1
ADD1,-1
ALG11,-1
APBA2,-1
RAPGEF5,-1
KCNG3,-1
TMPRSS11D,-1
EPPK1,-1
MED14,-1
SRGAP3,-1
MC4R,-1
GABRR2,-1
NEK9,-1
PCDH11X,-1
DNAJB12,-1
CREBBP,1
GPC4,-1
HP1BP3,-1
NYAP1,-1
PPP2R1A,1
PADI4,-1
TMPRSS6,-1
KLF17,-1
FUS,1
DNASE2,-1
SPPL3,-1
DCHS2,-1
DHCR24,-1
GEMIN4,-1
PDE3B,-1
CPS1,-1
MS4A4A,-1
IGLV4-60,-1
IFT88,-1
HYPK,-1
CALCOCO1,0
LGR6,-1
CYC1,-1
BRS3,-1
SCN3A,-1
MAST2,-1
PSME1,-1
CEP164,-1
GALNT6,-1
NLRP12,-1
NPAT,-1
DAG1,-1
PPP2R2A,0
PTPRR,-1
TEX14,-1
HAS2,-1
MYD88,1
RBM4B,0
GPAA1,-1
FLNA,1
FRK,-1
MAGED2,-1
GLS2,-1
TNF,-1
PIK3CA,1
A2M,0
F11R,-1
PRKACA,1
HIP1R,-1
DENND5A,-1
TRA2A,-1
PCDHB12,-1
SF3B2,-1
PRDM2,1
LHX2,-1
RDH8,-1
HTR1A,-1
APC,1
S1PR3,-1
MYL7,-1
OR10T2,-1
ATG14,-1
IGLV3-9,-1
ANKZF1,-1
ZNF131,-1
CISH,-1
OR4D6,-1
IQGAP2,-1
ARID4A,-1
ZNF717,-1
FLRT1,-1
DDX46,-1
LRRTM1,-1
ZNF282,-1
GTF2IRD2B,0
INTS7,-1
PCDH10,-1
IGHV3-30,-1
FBXW2,-1
FBXO33,-1
LIG3,-1
PCDHB7,-1
ZZZ3,-1
HNF4A,-1
KERA,-1
CD109,-1
CDK4,1
CCNF,-1
EDC4,-1
TK2,-1
SF3B1,1
MSX2,-1
ALDOA,-1
ADAMTS2,-1
CENPQ,-1
SLC25A45,-1
SIRPA,1
NR1D2,-1
CPA1,-1
ASIC3,0
ABCB11,-1
DLG1,-1
VAV1,1
RPS24,-1
CIB2,-1
NPTXR,0
ZNF14,-1
SULT1C2,-1
NUP93,-1
IPPK,0
PRKRIP1,-1
ALOX12B,-1
PLD1,-1
CYP1A2,-1
CRYBA2,-1
BUD31,-1
VPS13A,-1
HSP90AA1,-1
ANO3,-1
SH3PXD2A,0
DLGAP4,-1
ZMYM6,-1
NDRG1,1
SPCS3,0
OR4D9,-1
SETD7,-1
BPI,-1
DDX3X,1
RPL22L1,0
GLUL,-1
EML3,-1
CWC22,0
PLXNC1,0
STARD8,-1
HMGCR,-1
BCAP29,0
NOL3,-1
PIK3CD,-1
CREB3,-1
EIF3D,-1
GFPT2,-1
ZNF121,-1
ACSF2,-1
MRE11A,-1
PAPOLG,-1
ORC4,-1
ZNF551,0
CD46,0
NEDD1,-1
PCDHB2,-1
RBM47,0
OR2M4,-1
KIR3DL1,-1
METTL2A,-1
PSMD13,-1
ZBTB16,1
ZNF484,0
RPS6KC1,-1
CHST12,-1
AP5Z1,-1
SLC29A4,-1
ZFP42,-1
DLG4,-1
RXFP2,-1
MLIP,-1
TUBB3,-1
OR14A16,-1
ATP2B1,-1
TNFRSF21,0
SLC2A14,-1
CNNM3,-1
TIMELESS,-1
OR4S1,-1
OPTN,-1
RRAGC,-1
DNASE1L1,-1
TPM2,-1
SPTA1,-1
LIN28B,-1
FOLR1,-1
ITGB7,-1
GPRC5C,-1
PIP5K1C,-1
VNN2,-1
PCDHB11,-1
TBX1,-1
STAP2,-1
GAS2L3,-1
TAF11,-1
PRUNE2,-1
SLC44A4,-1
PDP2,-1
RNF149,0
ABCG1,-1
SEMA6D,-1
ROBO1,-1
GRM5,-1
HAUS4,-1
PDE6H,-1
SLC6A3,-1
GSPT2,-1
MYBPC3,-1
NUDT6,-1
OR1B1,0
NUMB,-1
CLDN20,-1
MCCC2,-1
PASD1,-1
GJA10,-1
BRWD1,-1
C1R,-1
WBP2,-1
OR2T5,-1
FYCO1,-1
RFTN1,-1
GATC,-1
BCL9,1
NRBF2,-1
POU4F2,0
DNM2,1
PAPPA2,0
KCNS1,-1
RBPMS,-1
CACNA1D,1
FCGR2B,1
CA4,-1
CLDN6,-1
CYP2A6,-1
PILRA,-1
RRAGA,-1
COX15,-1
GSTA5,-1
NIF3L1,-1
TAAR2,-1
CXCL16,-1
GSTK1,-1
CTSZ,-1
MCMBP,-1
USP14,-1
OR7C1,-1
EXOC6B,-1
HSPA9,-1
RNF130,0
SLC7A10,-1
RNF169,-1
AFF4,1
ERBB3,1
TNKS1BP1,-1
DUOXA1,-1
CYB5RL,-1
FCRL5,0
MMP27,-1
KCMF1,-1
OSGEP,-1
P2RY6,-1
GABRG2,-1
SPINK5,-1
SQLE,-1
ZFP37,-1
EPS15L1,-1
IDO2,-1
MECOM,1
NDUFA4,-1
AP2A1,-1
ALDH9A1,-1
MCM3,-1
SLC7A8,-1
ONECUT2,-1
LILRA4,-1
SUCLG1,-1
CSNK1D,-1
SNRPF,-1
ANGPT1,-1
CWH43,-1
MIA3,-1
SRI,-1
CHGA,-1
ENTPD1,-1
RBM24,-1
DDOST,-1
ASAP3,-1
TRPC3,-1
TP53TG5,-1
TRBV6-6,-1
UBR2,-1
SH2B1,-1
TFAP4,-1
GAB3,-1
NCOR1,1
TAF15,1
C1QTNF9,0
CDKN1B,1
ELMO3,-1
SLC9A9,-1
DUSP1,-1
CASP4,-1
BAG1,-1
YBEY,-1
CDH12,-1
CRY1,-1
BICD2,-1
COLEC12,-1
NR1H2,-1
SASH1,-1
PTH1R,0
S1PR2,-1
SH3BP1,-1
DNM1,-1
FGFR3,1
GPBP1,-1
FOXA3,-1
SLC12A1,-1
CDH7,-1
EIF5B,0
SLC6A11,-1
NUP88,-1
WFS1,-1
MCM4,-1
TBC1D17,-1
KAT6B,1
SLC17A1,-1
ATRIP,-1
NMNAT2,-1
ARFIP1,0
MATN1,-1
AMBRA1,-1
RAB7A,0
WDR26,-1
XIRP2,-1
LGI3,-1
DNAJB9,-1
PNN,-1
RIN1,0
ANKRD1,-1
STX12,-1
ZNF318,-1
ISG20L2,-1
NODAL,-1
IMMP2L,-1
CARM1,-1
STAT2,-1
GEMIN5,-1
TACC2,-1
PRR11,-1
ITGA9,-1
CPEB3,1
STAU1,-1
PARN,-1
DGKA,-1
FOXD4L5,-1
OPN1LW,-1
TET1,1
EVI2B,-1
KIF7,-1
SLITRK1,-1
IGHE,-1
PFDN6,0
SLC36A2,-1
GUSB,-1
LPGAT1,0
KDELR2,0
GLP2R,-1
SENP6,-1
CORO2B,-1
HNRNPA1L2,0
OSBPL6,-1
MTMR4,-1
SIGLEC5,-1
GSK3B,-1
LRAT,-1
LARP4,-1
ATXN1,-1
CDC6,-1
DDX47,-1
DOLK,-1
VPS37B,-1
PAF1,-1
AQP7,-1
JADE3,0
KCNJ4,-1
DAP3,-1
SLC17A3,-1
CHSY1,-1
OR4N4,-1
FNBP1L,-1
AP2A2,-1
CASP5,-1
TRIM5,-1
CD93,0
CENPM,0
RECQL5,-1
ADAD1,-1
PPM1F,0
CDK5R2,-1
ATP6V1G3,-1
ABCA1,-1
CALCRL,-1
OR51I2,-1
UCP2,-1
ATP6V0D1,-1
MLEC,-1
RBM12B,-1
ROCK2,-1
KLHL13,-1
PLEKHG1,-1
OR6C6,-1
ZNF267,-1
OR6A2,-1
ANKFY1,-1
DMTN,0
FCGR3B,-1
DPYSL5,-1
RAB2B,-1
HIPK2,-1
LPXN,-1
GSTM5,-1
RASSF1,-1
ORM2,-1
ZNF879,-1
PSMD7,-1
NUDCD3,-1
CMTM2,-1
TRPC4,-1
LEPROT,-1
ARHGAP21,-1
SLC5A4,0
RRP1B,-1
CPZ,-1
ZNF326,-1
CNKSR2,-1
FOXB1,0
MARK4,-1
ATRX,1
DRG2,-1
RPS6KB1,-1
YES1,-1
SP1,-1
ZNF547,0
KDM3B,-1
NUDT1,-1
CSRNP1,-1
TTC7A,-1
SLC22A12,-1
GGNBP2,-1
IRF4,1
BTN3A1,-1
KCND2,-1
KCTD12,-1
IGHV3-48,-1
DAB1,-1
ARHGAP32,-1
SFTPA1,-1
LCE3A,-1
SNW1,0
MYOG,-1
HNRNPF,0
OR4D11,-1
TBC1D2B,-1
GATAD1,-1
GLYR1,-1
HNRNPH1,0
IGKV3-15,-1
CKAP2L,-1
SNTG2,-1
NPC1L1,-1
ABCA7,-1
USH1C,-1
SEMA3G,-1
FKBP15,-1
CXADR,-1
TNP1,-1
PDSS2,-1
USP26,-1
SNX20,-1
ING1,-1
COMMD4,-1
ANKRD28,-1
NR5A2,-1
GJA4,-1
ZIK1,0
MCTP1,-1
PSMF1,-1
NDUFB2,-1
KMT2B,-1
CEBPG,-1
SYNRG,0
OSBPL5,-1
CFI,-1
LPIN1,-1
CLEC9A,-1
DDX39B,-1
RNF113A,-1
IQGAP1,-1
TBRG4,-1
GPR15,-1
OCA2,-1
ADCY5,-1
DCAF5,-1
SREBF2,-1
CLCN6,-1
MTFR2,-1
EPC2,-1
CD79A,1
KCNA4,-1
ZBTB7B,-1
PTS,-1
GPR182,0
GLDC,-1
PARP9,-1
TNRC6A,-1
CYTH1,-1
GNAZ,-1
LIMA1,-1
GAN,-1
KRT10,-1
ELAC2,-1
SFXN1,-1
AMACR,-1
DOCK11,-1
IFT122,-1
MMP25,-1
IL10RB,0
ZNF319,0
TRIP13,-1
PRAM1,-1
HAO2,-1
KL,-1
HIRA,-1
PLEKHG2,-1
C5,-1
MRPL10,-1
SCEL,-1
MAMSTR,-1
ARHGAP44,-1
ABCC2,-1
RBBP7,-1
SLC25A39,-1
VSIG4,0
MSRB1,-1
PCDH19,-1
SLC5A9,-1
RPL18,-1
MYBL2,-1
P2RY11,-1
NFE2L3,-1
TYRP1,-1
GABPB2,0
CD8A,-1
YWHAE,1
ZNF275,0
PLAA,-1
KBTBD6,-1
MPZ,-1
OR4C16,-1
ZNF83,-1
BMP4,-1
N6AMT1,-1
GABRA1,-1
MYLIP,-1
KLRC3,-1
MEIOB,-1
SLC3A2,-1
CRNKL1,1
IFNAR1,-1
EIF2AK4,-1
ERCC3,1
S1PR1,-1
CYTH2,-1
STX2,-1
KIF20B,0
REG1B,0
SRA1,-1
PRDM9,-1
GPR171,-1
INSR,-1
EIF3L,0
PUM1,-1
FKBP6,-1
LCT,-1
ARL4D,-1
DNAI1,-1
GRK5,-1
FMNL3,-1
PSG2,-1
BOLA1,-1
CD40,-1
PHC2,-1
ADCY4,-1
TMC4,-1
ZNF790,0
P2RX2,-1
TNIK,-1
TAS1R2,-1
PTCH1,1
SLC6A2,-1
MTMR7,-1
NECAB1,0
LOXL2,-1
EPHB2,-1
SLC25A10,-1
TRIM24,1
GCLM,-1
SLC6A5,-1
ZNF566,0
FCGRT,-1
NFX1,-1
GAS2L2,-1
MFSD10,0
THAP10,-1
LNX1,-1
GPR21,-1
BUB1B,1
CELF4,-1
ELF3,1
PALM2,0
RB1,1
PAG1,-1
KIFC1,-1
PDILT,0
MFNG,-1
PPIL1,-1
GSTO2,-1
MZT2B,0
GCH1,-1
ST6GALNAC3,-1
ZBTB47,0
MGAT5,-1
NHP2,0
TRAV8-3,-1
EFEMP2,-1
PJA1,-1
COLGALT1,-1
BAD,-1
ACSM3,-1
CYP1A1,-1
DTX3L,-1
RHOBTB2,-1
RPS6KA4,-1
U2SURP,-1
TH,-1
LSS,-1
OR1K1,-1
MAPK8IP3,-1
FMNL1,0
AMIGO1,-1
TRIM67,-1
PLCL1,-1
SERPINB4,-1
IRX2,-1
SRSF9,-1
MYH7B,-1
TEX101,-1
TACR1,-1
TLE6,-1
LMNB2,-1
ACBD5,-1
GAL3ST3,-1
MS4A1,-1
DLX1,-1
ACSM2B,-1
UNC5B,-1
VPS16,-1
ZNF418,-1
GMIP,-1
FANCD2,1
PFKM,-1
CLDN17,-1
AKR1C1,-1
ABCA12,-1
CYP4F12,-1
NFATC2,1
EEF1A1,-1
AGTPBP1,-1
PRPS1L1,-1
COL14A1,-1
OR13G1,-1
EIF1AX,1
RGPD3,1
CHCHD5,-1
FOXA1,1
FBLN1,-1
AP1M2,-1
BPIFB3,0
PALMD,-1
PDGFD,-1
PDK1,-1
SCN9A,-1
TRPV3,-1
SSTR2,-1
PRMT1,-1
BCL11A,1
ETF1,-1
EIF4G2,-1
CD209,1
FDX1,-1
ZNF3,-1
NELFB,0
AFTPH,0
UACA,-1
IRF2BP2,-1
SGPP2,-1
KRT5,-1
RPTN,-1
ATP1A1,1
DDX18,-1
TRAPPC6B,-1
MYO16,-1
CHST14,-1
ZNF619,-1
OSGIN1,-1
PDIA3,0
ZNF32,-1
KRT28,-1
ATP2A1,-1
DOCK10,-1
CDK5RAP3,-1
CC2D1A,-1
OR10A3,-1
SLC24A4,-1
OR4K13,-1
CPLX1,-1
URB2,-1
RAET1E,0
CHMP1B,-1
CLEC4C,-1
IRAK3,-1
OS9,-1
LRIG1,-1
SPIRE1,0
ABL2,1
SNCB,-1
OR10A7,-1
EXO1,-1
EHD4,-1
PKNOX1,-1
NSUN2,-1
NPHP4,-1
SLC44A2,-1
GNB2,-1
IMPG1,-1
MAEL,-1
CKAP5,-1
PIGR,-1
ZBTB2,-1
FOXL1,-1
COL13A1,-1
TUFT1,-1
ANK1,1
SLC27A2,-1
GZMK,-1
TLR10,-1
LEMD2,-1
MYO7A,-1
ZNF629,0
MTA3,0
RHOF,0
NPNT,-1
SLC9A2,-1
SORCS3,-1
MLLT10,1
SLC4A8,-1
RBBP8,-1
GEMIN2,-1
SHMT1,-1
MOG,-1
ALG13,-1
PLAGL2,-1
TIMM22,-1
ZNF746,-1
ADCY3,-1
SMCHD1,-1
SNIP1,-1
TAAR6,-1
C5AR1,-1
SSRP1,-1
MPDZ,-1
NNT,-1
AKR7A2,-1
CENPI,0
METTL22,-1
LRP6,-1
TOP2B,-1
TSPAN7,-1
COL2A1,1
DHX29,-1
PRIM2,0
FOXL2,1
NACA,-1
COL8A2,-1
NFASC,-1
EIF3I,-1
CWC15,0
DNAAF3,-1
KCNJ8,-1
NUP155,-1
PPFIA1,-1
ACOX3,-1
CELF3,-1
CCL5,-1
GALR2,-1
TMLHE,-1
HMBOX1,0
BRIP1,1
PHIP,-1
CEACAM1,-1
CLDN7,0
RNF165,-1
PCDHA6,-1
PML,1
MRPL3,-1
GALNT15,-1
ZNF540,-1
AP2B1,-1
TGFBR1,-1
RSPH1,-1
VPS13D,-1
CCL25,-1
PLD3,-1
UCP1,-1
COX14,-1
RPS27L,-1
OR2T3,-1
ETV7,-1
CDH22,-1
GUK1,-1
PSG5,-1
NMUR1,-1
OR10G4,-1
KRT17,-1
PFAS,-1
SSTR5,-1
OR1S2,-1
IGKV1-33,-1
AFAP1L2,-1
FHL3,-1
ORC1,-1
NRG3,-1
CBX8,-1
MLC1,-1
DOK2,-1
CCNB3,-1
MYL9,-1
POGK,0
ZNF594,0
SEMA3C,-1
ZNF599,0
LNPEP,-1
GDAP1,-1
NCOA5,-1
NRAP,-1
CD99L2,-1
EPGN,0
OR11H12,-1
KCNJ9,-1
SMC5,0
OR51M1,-1
NONO,-1
LRCH1,-1
ZNF300,-1
EBF2,-1
LONP1,-1
HEATR5B,-1
RAX,-1
PAWR,-1
WHAMM,-1
RAD17,1
NOSIP,-1
LRG1,-1
STEAP3,-1
ANKRD27,0
ACTR10,0
PHKA1,-1
ATP10A,-1
ACAD11,-1
UCKL1,-1
YTHDC1,-1
PLEKHA1,-1
PLEC,-1
OR6B3,-1
SLC1A1,-1
EDNRA,-1
JMJD6,-1
TEK,-1
DCST1,-1
KDM5C,1
CTSC,-1
COMMD10,-1
RMI1,-1
NELFCD,0
CLEC5A,-1
ACAP1,-1
MEP1B,-1
BLK,-1
GATA3,1
SMARCB1,1
ATF1,1
PRPF8,-1
TNFRSF10A,-1
ALDH3A2,-1
FARP1,-1
NSUN5,-1
ZNF770,-1
TSPYL2,-1
PLEKHG4,-1
SLC15A4,-1
TAF5L,0
EGR1,-1
RNF125,-1
TBC1D5,-1
DKC1,-1
FLRT2,-1
MOS,-1
OR51S1,-1
RRAGD,-1
CCL21,-1
KPNA1,-1
KIF24,-1
PABPC3,0
CDH11,1
UGT2A3,-1
GTF3C3,-1
HSD3B7,-1
CEPT1,-1
ENO2,-1
LTBP4,-1
DHX58,-1
CASR,-1
ALCAM,-1
TRGV3,-1
SLC17A7,-1
TBC1D24,-1
ESPN,-1
DNAH6,-1
CTTN,-1
KAZN,-1
PTGES2,-1
LYPD4,0
LILRA3,-1
RNF43,1
RABL3,-1
TRIB2,0
SMC1A,1
NRK,-1
ZNF765,-1
VTA1,0
SPOCD1,-1
TTLL1,-1
SNRPD1,-1
ITK,-1
CEACAM7,0
PLIN2,-1
IL4I1,-1
LPCAT1,-1
GCK,-1
TLR8,-1
SCN2A,-1
ECHDC2,0
GTF2F2,-1
TANC1,-1
ZNF544,0
CHAMP1,-1
MMP1,-1
NCR2,-1
AP2S1,-1
ABLIM1,0
SMAD1,-1
KCNN2,-1
ETV1,1
GPBP1L1,0
FOLR2,-1
WSB2,-1
DCAF6,-1
RECK,-1
TMPRSS11E,-1
NRP1,-1
UTRN,-1
ZNF76,-1
LILRA2,-1
SMARCE1,1
CEP192,-1
TRIM59,-1
NFATC2IP,-1
SUFU,1
PCDHGA11,-1
LRRC4B,0
INO80D,0
ZBP1,-1
MBD1,-1
SLC16A5,-1
ZFP14,0
TAGAP,-1
CSE1L,-1
PORCN,-1
SYDE2,0
ZNF565,-1
SLC2A6,-1
KCNS3,-1
TCERG1,-1
OR2AK2,-1
RAB11FIP5,0
LRRC49,0
USP43,-1
DHX30,-1
BOC,-1
CDH5,-1
OR1M1,-1
COL6A2,-1
CRYAB,-1
PLCE1,-1
ST3GAL3,-1
UGT2B17,-1
SLC26A9,-1
PTPN14,-1
MYO9B,-1
COG1,-1
HTR6,-1
DYRK2,-1
AMPD1,-1
HFE,-1
CHRNA2,-1
P4HA3,-1
PSAP,-1
ZSCAN5B,0
GAK,-1
PKMYT1,-1
AZI2,-1
RP1,-1
PHEX,-1
PPAN,-1
IGHG1,-1
CLDN11,-1
COQ10A,0
CATSPER1,-1
INTS1,-1
KCNV1,-1
PFKFB1,-1
EXOC8,-1
DAB2,-1
HKDC1,-1
FBXL13,-1
RFX7,-1
MAGI3,-1
TOP3B,-1
SART1,-1
KDM4C,-1
TLL1,-1
UQCC1,0
ASF1B,-1
MSL2,-1
PLEKHG3,-1
MOV10,-1
SETX,-1
TP53BP2,-1
PPP1R3F,0
HTR1D,-1
TMC8,-1
RNF138,-1
ZNF483,-1
GNAL,-1
RABEPK,0
ADAD2,-1
KLHL11,0
RAB21,-1
AURKC,-1
TDRKH,0
CDS1,-1
ZNRF4,-1
CKAP4,0
MAPK8IP1,-1
OR10J1,0
SLC25A24,-1
TMEM70,-1
PSMD10,-1
GALNT13,-1
CYP2C18,-1
OR5J2,-1
OCLN,-1
MARK1,-1
GRAMD1A,-1
NUP37,-1
ZNF800,0
INTU,-1
SERPINA3,-1
USO1,-1
PCGF1,-1
ANPEP,-1
INTS12,-1
ZFYVE28,-1
ATP6V0A4,-1
WDR74,-1
SNX17,-1
ZNF595,-1
IL1R2,-1
SLC22A11,-1
ANGPTL4,-1
TBC1D21,-1
BIK,-1
MTAP,-1
POLR2C,-1
GRM3,1
KCNH3,-1
MUC16,-1
GOLGA5,-1
ADI1,-1
GRK7,-1
PLEKHG4B,-1
GRIK3,-1
SMARCD2,-1
FGF8,-1
CRYBB3,-1
MDM4,1
EVL,-1
THADA,-1
GP2,-1
GALNT10,-1
PHF2,-1
OR2AG2,-1
PDK3,-1
TUBAL3,0
ORC3,-1
STMN2,-1
KLKB1,-1
MCM6,-1
CACNB3,-1
GATA1,1
ADRA1A,-1
DVL3,-1
RGPD8,-1
IL24,-1
NDST1,-1
TOMM20L,0
LSM3,-1
SPACA4,-1
IVL,-1
RAI14,-1
MACC1,1
MGAT4C,0
GORASP1,-1
ZNF516,-1
ZNF691,0
EPN1,-1
COL25A1,-1
LYPLA2,-1
TRIM37,-1
QRFPR,-1
EIF4G3,-1
BORA,-1
PCDHB14,-1
DLG5,-1
UROS,-1
RUVBL2,-1
RNF5,-1
PCDHA1,-1
TYMS,-1
CLUAP1,-1
ZBTB3,0
DDX21,-1
CLDN15,-1
ARHGEF1,-1
PPP1R3C,-1
IPMK,-1
OR5P3,-1
TBCEL,0
GPX7,-1
KCNH2,-1
NETO1,-1
GRM8,-1
SGIP1,-1
GNPTAB,-1
PTBP2,-1
GJB4,-1
NPAS2,-1
TRIM40,-1
NR2F2,-1
SIGLEC11,-1
STK33,-1
CUL5,-1
PRKAG1,-1
BHLHE40,-1
BAIAP2L2,-1
RPL39L,-1
GRAMD4,-1
NUB1,-1
OR51G2,-1
TSSK1B,0
IDO1,-1
ZNF556,0
HMMR,-1
PPP2R5C,-1
CYP7B1,-1
AP3M1,-1
LRFN1,-1
PDE7A,-1
NCBP1,-1
ESCO2,-1
CUL2,-1
SAT2,-1
NDUFA1,-1
SOS1,-1
SETD5,-1
EIF2AK2,0
ZNF592,-1
MYH14,-1
ZNF449,-1
OR2H1,-1
WNT7B,-1
KCNJ3,-1
ESPNL,-1
ZNF653,-1
ESRRG,-1
SLC29A2,-1
NLRP7,-1
OXGR1,-1
EMILIN1,-1
FOSB,-1
PLA2G5,-1
RBP5,-1
DDX56,-1
POLR2A,-1
RBM22,-1
VPS8,-1
DOK3,-1
OR2T35,-1
SLC25A47,0
SKAP2,-1
RBMS1,-1
TSNAX,-1
MCM2,-1
FOXJ1,-1
CNTRL,-1
IGHV1-46,-1
OR10G3,-1
EWSR1,1
RHOBTB1,-1
MYO7B,-1
POLR2H,-1
FCAMR,-1
KNTC1,-1
TCF20,-1
FOXR1,1
CA5A,-1
OTOF,-1
ZNF850,0
TNFRSF10C,-1
SYVN1,-1
SEMA4F,0
PMPCA,-1
FLT1,-1
CYP4F3,-1
MAP2K3,-1
ARID2,1
CTSO,-1
COL9A1,-1
MON1B,-1
ARHGEF17,-1
SH3GLB1,0
UBE3A,-1
EPB41L3,-1
CHRM2,-1
R3HDM1,-1
ZNF589,-1
PATZ1,1
LRIG2,-1
PANK2,-1
RAD50,-1
PHF21A,-1
PKP3,-1
SYP,-1
VIP,-1
WDR7,-1
SCYL3,-1
CRBN,-1
MOK,0
VSX2,0
CPT1A,-1
VPS33B,-1
MFN2,-1
UCHL5,-1
CR2,-1
OR6K3,-1
SNX27,-1
FBXW8,-1
SERPINB1,0
KDM2B,-1
LAX1,0
PCDHB15,-1
SLC30A6,-1
ARR3,-1
ECHS1,-1
OR9I1,-1
TNFRSF11B,-1
JUP,-1
NMS,-1
CD55,-1
RAB3C,-1
THUMPD3,-1
PPFIA4,-1
ZNF189,-1
ITGAD,-1
CPD,-1
EDN2,-1
GIGYF2,-1
NDRG3,-1
PPM1E,0
FGD4,-1
UNC13A,-1
PAQR5,-1
HSPA1L,-1
L3MBTL4,-1
CCT3,-1
OR5K4,-1
BANF1,-1
LILRB3,-1
DNAH5,-1
MEMO1,-1
IL37,-1
TBCB,0
KIF18B,-1
KCNU1,-1
EHD2,-1
PLCB1,-1
DCAF8,-1
GJA8,-1
SYNE2,-1
NAA40,-1
IRF6,-1
HPS6,-1
USP46,-1
FGF12,-1
HSP90B1,-1
PNPLA1,-1
DHRS2,-1
WDR20,-1
GSPT1,-1
SULT1C4,-1
ITGAX,-1
ZNF573,0
PDE4DIP,-1
PPP2R5B,-1
IGSF1,-1
ENOX1,-1
S1PR5,-1
SPTBN1,-1
AQP1,-1
COL27A1,-1
INPP5D,-1
OR5H15,-1
CASK,-1
IFNA1,-1
RPSA,-1
NPHS1,-1
CLDN16,-1
KCNA3,-1
PDLIM7,-1
IER3,-1
TDRD6,-1
ACVR1,1
CBLB,1
DNALI1,-1
PYHIN1,-1
PODXL2,-1
APOBEC3A,-1
PAXIP1,-1
OMD,-1
FAM13B,-1
UBE2D4,-1
TRIO,-1
ZNF268,-1
HLTF,0
PCDHGA3,-1
IGHV2-5,-1
TUSC3,-1
ZW10,-1
SVOPL,-1
ELP6,-1
MDC1,-1
PCDHB13,-1
GRPR,-1
TAB1,-1
UBR5,1
SYNE1,-1
RIMS1,-1
FBXO10,-1
KCNAB2,-1
DGKG,-1
STX11,-1
DYNC2LI1,-1
HAP1,-1
MX2,-1
INCENP,-1
CRP,-1
CLASP2,-1
PTPN13,1
TLL2,-1
SGK3,-1
DLC1,-1
MAP1S,-1
MYL10,-1
POLR1A,-1
FEZF2,-1
IL11RA,-1
SERPINA12,-1
EPHA5,-1
ZNF347,-1
MRAS,-1
OR4E2,-1
EPHA6,-1
NDUFA7,-1
LTK,-1
SLC9A1,-1
PADI1,-1
TM4SF1,-1
PRICKLE2,-1
ATP10D,-1
OR10H5,-1
RBBP5,-1
RPL9,-1
UGT1A3,-1
GPKOW,-1
ZFP28,-1
RANBP2,1
DAAM2,-1
HDAC7,-1
CTH,-1
USP13,-1
PQBP1,-1
SHOC2,-1
HECW2,-1
ELF4,1
FSHB,-1
OR2T33,-1
FGF6,-1
ARHGAP24,-1
MOB1A,0
PPM1M,-1
OR4D2,-1
TIAM1,-1
A1CF,1
PARVA,-1
NFYB,-1
HLA-DQA2,-1
PLA2G12B,-1
MAN2B1,-1
TDGF1,-1
PMPCB,-1
OR51B4,-1
TSPAN14,0
OTUB1,-1
PSIP1,1
PRPF3,-1
REXO1,-1
EGFR,1
PANK1,-1
OR52E4,-1
SIN3A,-1
SEC16B,-1
GRIN3B,-1
TGS1,-1
NCOA2,1
USP45,-1
KCNH1,-1
PLA2G3,-1
CLEC16A,-1
XPNPEP2,-1
EFEMP1,-1
CPSF6,-1
ZBTB49,-1
ESRRB,-1
C2CD3,-1
MYO6,-1
ZNF74,-1
ZNF302,0
PIWIL4,-1
RNF168,-1
MYOF,-1
GALNT4,-1
DAZAP1,-1
ADIPOQ,-1
AHNAK2,-1
TAC3,-1
CEP76,-1
TRAK2,-1
IGHV1-45,-1
TUBE1,-1
ADAMTS4,-1
UNC13D,-1
ZNF609,-1
CD1B,-1
USP6,1
CFH,-1
EZH2,1
PRKG2,-1
DKK2,-1
KLK3,-1
TOB2,-1
IFIH1,-1
ULK4,-1
HEYL,-1
ABCC1,-1
NDUFAF1,-1
CHM,-1
AP1S2,-1
RALY,0
BCL2L1,-1
MIER2,0
TRAF3IP2,-1
TMEM14A,-1
ZSCAN1,0
DNAJC21,-1
ZNF343,0
NKTR,-1
NR4A2,-1
LRRC55,-1
ZNF398,0
SCP2,-1
UBE2J1,-1
MERTK,-1
WDR24,-1
LRBA,-1
PCDHGC3,-1
ARHGEF11,0
ETNK2,-1
PRPF40B,1
SLC9A8,-1
FOXJ3,-1
CDK16,-1
MAGEB4,-1
RRP9,0
USP37,0
ACR,-1
DBR1,-1
KIF3A,-1
CHD5,-1
MED21,-1
CBFA2T2,-1
PFDN5,-1
FAM98A,-1
TRAV3,-1
TAF4B,-1
KCNMB3,-1
BNIP1,-1
USP32,-1
OVOL1,-1
TRIM63,-1
IGLV1-44,-1
DLGAP5,-1
MLLT3,-1
CLDN10,-1
LIN7A,-1
RTTN,-1
KRT25,-1
OR5W2,-1
RIN3,-1
POU2F1,0
FTH1,-1
YIPF3,-1
AP1G2,-1
KLK2,-1
BAK1,-1
PTPRC,1
OR14I1,-1
COL8A1,-1
CHRNA7,-1
XRCC6,-1
GBP4,-1
PDIA6,-1
LOXL3,-1
TBCD,-1
GTF2I,-1
PCDH17,-1
CD53,-1
OR8B8,-1
KDM4D,-1
CHMP2A,-1
CLINT1,-1
GPC3,1
CCPG1,-1
SYCP3,-1
ARL4C,-1
EXOC6,-1
ZMYM2,-1
POGLUT1,-1
RBMX,-1
IL20,-1
OR3A1,0
DACH1,-1
DLX2,-1
LTV1,0
IMPDH1,-1
HNRNPH3,0
CAPZA1,-1
UNC13B,0
SCNN1B,-1
KCNA6,-1
CD151,-1
CPOX,-1
XPO1,1
RBM39,-1
SP3,-1
TAF9B,-1
SIPA1L1,-1
ZNF766,0
MORF4L2,0
TRIM69,-1
HENMT1,-1
CD36,-1
TP63,1
RCC1,0
CNTN1,-1
MUSK,-1
CHPF2,-1
POP7,-1
TRIM58,-1
TFAP2D,-1
PPRC1,-1
NDST2,-1
IRF2,-1
IFNA13,-1
USP6NL,-1
TRIM8,-1
RDX,-1
GNAT3,-1
LMCD1,-1
TRIM55,-1
ACSBG1,-1
RIPK2,-1
KLF11,-1
ABCB8,-1
ATOH1,-1
RHAG,-1
HSPA1B,-1
CAMK2D,-1
WDR62,-1
WDR33,-1
NISCH,-1
PSMC5,-1
ARHGEF7,-1
ZDHHC23,-1
TFIP11,-1
BACH1,-1
TMED1,-1
CD276,-1
SON,-1
SLC25A23,0
ZNF585A,0
RHOH,1
ONECUT1,-1
TIMMDC1,-1
KCTD19,-1
RNF10,-1
COMMD9,-1
PIGX,-1
CLDN3,-1
TCEA1,-1
SLC5A5,-1
SLC13A2,-1
AMHR2,-1
PNLIP,-1
GEM,-1
ITIH2,-1
MRPS9,-1
PIK3R4,-1
ENC1,-1
GSN,-1
NTRK2,-1
ADA,-1
FAP,-1
UBA7,0
MYO9A,-1
NPTX2,-1
OR11H6,-1
LIG1,-1
ASB3,-1
TRPM8,-1
PGK1,-1
CALM3,-1
GLI1,1
OR2M7,-1
ELK3,-1
ATP8B2,-1
RNF112,-1
LRRC8D,-1
VCAN,-1
UBXN11,-1
NFXL1,0
PRDX6,-1
KCNK3,-1
KCNA1,-1
FGD5,-1
RAPGEF1,-1
USP24,-1
IGHV1-2,-1
NUDT10,-1
TSEN54,-1
TSHZ1,-1
RGS6,-1
ZP2,-1
NELL1,-1
CCAR1,-1
GRK6,-1
IGHV1-18,-1
TEX10,-1
SGTB,-1
MYO1A,-1
IL1RL2,-1
CLSPN,0
ZMIZ1,-1
DOCK6,-1
POP4,0
SLC39A7,-1
HCFC1,-1
KIT,1
RGL1,-1
LAMC2,-1
SYNGAP1,-1
SEC11A,-1
SCN10A,-1
ZCCHC8,-1
LILRB1,-1
ZNF253,-1
IL27RA,0
ZNF20,-1
SRF,-1
LRWD1,-1
PLXNA4,-1
INTS5,-1
RAD51B,1
EIF4E1B,0
UVSSA,-1
ZKSCAN1,0
ANKLE2,-1
IL6ST,1
HELQ,-1
OR5M11,-1
PDHX,-1
SLC1A7,-1
COL23A1,-1
PCGF3,-1
SOD1,-1
C1D,-1
EPHB1,-1
MFSD8,-1
CYTH4,-1
GLIS3,-1
BSG,-1
TRAM1,0
OR11A1,-1
CETP,-1
LEFTY1,0
PRKAR2A,-1
ZNF136,-1
CDH18,-1
EPHA10,-1
CDH1,1
EXOSC10,-1
VPS51,-1
BNC1,-1
NRG1,1
AKAP11,-1
GRK1,-1
ZNF384,-1
MAPKAP1,-1
ATF7IP2,-1
NUBP1,-1
FLG,-1
ARPC1B,-1
ELK1,-1
RCOR1,0
OR2W1,-1
MIB1,-1
SLC30A5,-1
SCN11A,-1
DDB2,1
TESK1,-1
RXRA,-1
PPP1R11,-1
ZNF697,-1
OTUD4,-1
CAPN11,-1
GMPR2,-1
NEK6,-1
RALB,-1
SEC16A,-1
OR4D10,-1
TFDP3,-1
OR5V1,-1
RPL3,-1
NKX2-3,-1
LY96,-1
GRWD1,-1
ESYT3,-1
PICK1,-1
NFE2,-1
WDR36,-1
KIF2B,-1
MFF,-1
SLK,-1
PIKFYVE,-1
TMOD3,-1
TIE1,0
PLP1,-1
HSPA1A,-1
ERC2,-1
ZNF649,-1
ZNF622,-1
KSR1,0
EIF2D,-1
TULP4,0
SNRPN,-1
PIK3C3,-1
SMARCA4,1
SUPT3H,-1
MUC3A,-1
RNF2,-1
SYCP1,-1
EDEM2,-1
ISY1,-1
CLCA1,-1
ADARB1,-1
MKRN2,-1
PKD1L1,-1
KIF13B,-1
NCKAP1,-1
VDAC2,-1
MGAT1,-1
HDAC8,-1
FAM111B,-1
MED1,-1
ZNF440,0
ASAH1,-1
GABBR2,-1
RHOXF1,-1
BFSP1,-1
MAST1,-1
SNX14,-1
HACE1,-1
CCNB1IP1,1
PIGH,-1
PCDH7,-1
NCF2,-1
HCN2,-1
AMOTL2,-1
SCN8A,-1
BAG5,-1
MNT,-1
PLA2G12A,-1
MED22,0
MYH2,-1
ARGFX,-1
SESN3,0
AHR,-1
OR5M10,-1
LTBP1,-1
RAP2C,-1
CDSN,-1
ZDHHC22,0
ANKRD50,-1
OR2H2,-1
RPL10L,0
WDR76,-1
KLHL3,-1
TTLL4,0
SRGAP2,-1
KHDRBS3,-1
DDX41,-1
PHF6,1
PRRT2,-1
AHCYL2,-1
TUBA4A,-1
MATN3,-1
CYP2J2,-1
CENPP,-1
CAPRIN1,-1
MYH8,-1
CST11,-1
PAN2,-1
TCF12,-1
AP3D1,-1
LRP1B,1
CEP44,0
EIF2S1,-1
OR4K17,0
GSX1,-1
PRG2,-1
ARHGAP35,-1
TFDP1,-1
DUSP22,-1
BCL3,1
HNRNPL,-1
AVIL,-1
MUC21,-1
KTN1,-1
COQ6,-1
GYG2,-1
ZNF174,-1
KCNE1,-1
PCDHGB2,-1
DNTT,-1
MN1,1
CADM1,-1
UBQLN2,-1
SUN2,-1
ZFC3H1,-1
GPR119,-1
IFNLR1,-1
OR10J5,-1
OR5AU1,-1
MRPL38,-1
PADI2,-1
INSRR,-1
PABPC4,-1
ACTL6B,-1
TIMM50,-1
SH2B3,1
APBB1,-1
NUP85,-1
MAGED1,-1
ICAM2,-1
PHAX,0
CPT1B,-1
AMIGO2,-1
ERCC6L,-1
MCCC1,-1
ATG2B,-1
SRD5A1,-1
ASPH,-1
OR51T1,-1
HPN,-1
OXSM,-1
OR5K1,-1
WDHD1,-1
KHDRBS1,-1
STAT1,-1
RIC8B,-1
SLC4A5,-1
OR10AD1,-1
GAPDH,-1
GOPC,-1
TPCN2,-1
FZD1,-1
LPAR6,-1
RPA4,-1
METTL16,-1
OR4D5,-1
TNFAIP3,1
LRRC8B,-1
GPR37L1,-1
OR4C46,-1
BMP5,1
ROPN1B,0
TGIF1,-1
CACNA1A,-1
GOLT1B,-1
MSI2,1
PKN3,-1
XDH,-1
ORC2,-1
PHF20L1,-1
RC3H1,-1
ADH1C,-1
L3MBTL2,-1
ILK,-1
BMP1,-1
PSMB11,-1
PTCRA,-1
METTL3,-1
PPP2R2B,-1
CREB5,-1
ZBTB34,-1
TRIP12,-1
TKT,-1
DZIP3,-1
TOM1,-1
DCUN1D1,-1
FXYD2,-1
RGL2,-1
HYAL2,-1
ZRANB2,-1
BACH2,-1
GC,-1
BOK,-1
CACNG3,-1
AMBP,-1
GK2,0
ERLEC1,-1
ZNF519,0
PXN,-1
DDI2,-1
POLR3B,-1
TBP,-1
CYP8B1,-1
LHX8,-1
APOA4,-1
PDE10A,-1
GAPDHS,-1
KIAA0319,-1
PEMT,-1
FIG4,-1
SLC37A3,0
GGA3,-1
IGKV1D-16,-1
TRAV16,-1
ZNF101,-1
MRPS15,-1
TIMM44,-1
SCN1A,-1
BAMBI,-1
PITRM1,-1
KIF14,-1
OR5M3,-1
ZNF333,-1
ALX1,-1
IGKV2-28,-1
FSCN3,-1
ESRP2,-1
RPS26,-1
TMED4,-1
ARHGAP4,-1
FAT2,-1
RGS17,0
