genename,label
PRDM14,-1
GSTA3,-1
ZBTB17,-1
SMC6,0
OTX1,-1
POTEE,-1
DDX11,-1
RBL1,-1
HELLS,-1
STIL,1
SIGLEC1,-1
RFC1,-1
HK1,-1
ITGB5,-1
ITSN1,-1
MAD2L2,-1
RNF113B,-1
GRIN2A,1
LPP,1
CHD2,1
SPATA16,-1
UIMC1,-1
PLCB4,-1
PIK3C2A,-1
MMRN2,-1
PUS7L,-1
ZFYVE16,-1
GPR83,-1
SERPINB8,-1
CYSLTR2,1
NEFM,-1
HELB,-1
CXCR1,-1
RAE1,-1
ASB1,-1
PPP2R2C,-1
SLCO1B1,-1
TBX20,-1
ENPP2,-1
TAS2R43,-1
ZNF772,-1
TAOK1,-1
OR52A5,-1
KRT7,-1
SNX13,-1
GDF10,-1
DCN,-1
ZNF18,-1
SLC25A12,-1
TTF1,-1
FGF7,-1
TOP1MT,-1
DDX42,-1
THBS4,-1
RAB11FIP4,-1
MPP1,-1
OR8D2,-1
NR3C2,-1
HGF,-1
SP110,-1
PFKFB4,-1
LMAN1,-1
MDGA1,-1
SLC31A1,-1
HOOK3,-1
MAP1B,-1
NQO1,-1
NLRC5,-1
ZNF574,0
NDUFB9,-1
SPATA5,-1
B3GNT3,0
CYP26B1,-1
NOA1,-1
BEND3,-1
REEP1,-1
SERPINB9,0
SEC31B,-1
GPR6,-1
CYP2C9,-1
CACNG7,-1
EYA4,-1
GPBAR1,-1
NFKBIE,1
ZFHX4,-1
TNRC6C,-1
CBX4,-1
RAB3A,-1
KRT15,-1
SEC24B,-1
CCT6A,-1
VRTN,-1
RPL28,-1
ATP6V1B1,0
MMS22L,-1
ZNF512B,-1
TINAGL1,-1
ZEB2,-1
SYCE1,-1
GNAT2,-1
SYNJ2,-1
PRKD2,-1
RLIM,-1
IGHV3-23,-1
SUPT5H,-1
RNF40,-1
PKD2,-1
CEP41,-1
CCNH,-1
SRGAP1,-1
HUS1,-1
MTDH,-1
C8B,-1
GSTO1,-1
EPCAM,-1
BAHD1,-1
ARHGAP5,1
FBF1,0
PREX1,-1
SASH3,-1
KLHL42,-1
PRRC2A,-1
SCO1,-1
ANXA2,-1
MAFF,-1
PPFIBP2,-1
RGL3,-1
SWI5,-1
GMCL1,0
TPO,-1
CFHR1,-1
GH2,-1
TRMT11,-1
FPR3,-1
GLRA1,-1
TECTA,-1
HMGB2,-1
RBM25,-1
BTK,1
HTR1E,-1
SNX32,-1
ZNF142,-1
PPWD1,-1
RACGAP1,0
WDR48,-1
OR5M8,-1
RARG,-1
EDIL3,0
FMNL2,-1
ELOVL4,-1
GRB7,-1
DPP8,-1
ARHGDIB,-1
OR9G1,-1
OVGP1,-1
SLITRK4,-1
PLA2G4B,-1
CACNA2D3,-1
USP10,-1
LPAR3,-1
TLN2,-1
ZSCAN25,0
PDE5A,-1
NR1D1,-1
PPP1R12C,-1
TFEC,-1
NEU4,-1
C4BPA,-1
CDC20B,-1
FLII,-1
KDM4E,-1
EMB,-1
SPRR2E,-1
GCNT1,-1
LAMB1,-1
MRPL13,-1
BRD1,0
POMC,-1
HOOK2,-1
CAMK4,-1
USP48,-1
KLC4,0
DAB2IP,-1
PALLD,-1
INHBA,-1
TAOK2,-1
KRTDAP,-1
DISP1,0
ANKK1,-1
CPT1C,-1
ZNF281,0
OR13C5,-1
PDS5A,-1
CYP2C19,0
PRKCA,-1
COL17A1,-1
BCKDHA,-1
ALG8,-1
KRT86,-1
XCR1,-1
IZUMO1,-1
F5,-1
KCNH6,-1
DISC1,-1
SMAD6,-1
SELPLG,-1
CTU2,-1
OR5D16,-1
SAG,-1
LEPR,-1
MBOAT1,-1
SYT1,-1
DYNC1I1,-1
RSF1,0
ZNF471,-1
SNRNP27,-1
ZSCAN4,-1
RSAD2,-1
CDKN1A,1
OR2A2,-1
MTTP,0
SLC26A4,-1
MYO3A,-1
SPHK2,-1
COX7A1,-1
INTS2,-1
HOXC4,-1
COA1,-1
ATP2C2,-1
FLNC,-1
ZHX3,-1
ZNF737,-1
ZNF317,-1
SIX1,1
PKN1,-1
SRFBP1,-1
ADAM28,-1
RPP25L,-1
FGF4,-1
ZNF577,-1
DOCK5,-1
PCDHB10,0
MPEG1,-1
MAP7D1,0
SMAD2,1
RUFY2,-1
HOXD10,-1
LRP3,-1
RAMP3,-1
F13A1,-1
PCDHA7,-1
CDK20,-1
RIOK1,-1
ASGR1,-1
WNT2,-1
HSPA6,-1
ZC3H18,0
EPHX1,-1
CAPN13,-1
GPS1,-1
AHDC1,-1
ACHE,-1
NCAM2,-1
KMT2D,1
VEGFA,-1
KCTD16,-1
RHBG,-1
ZNF492,-1
COL3A1,-1
AMER3,-1
ALPP,-1
EPHA4,-1
CTR9,0
IL7,-1
IL16,-1
DSCAM,-1
TARBP2,-1
PLEKHM1,-1
NUP54,-1
MAST3,-1
ROCK1,-1
RTP1,-1
ZNF44,-1
ZNF382,-1
TRAP1,-1
ZNF212,-1
CHFR,-1
KIF5B,-1
B4GALT2,-1
ACSS1,-1
PDE6C,-1
ASGR2,-1
RCOR2,-1
CHD3,-1
MCL1,-1
EXOSC4,-1
NUMBL,-1
AHCY,-1
IRAK1,-1
KRT23,-1
ZNF507,0
FLVCR1,-1
ZNF175,-1
DGKZ,-1
ARSD,-1
ZNF263,-1
MED12L,-1
SGTA,-1
MARK3,-1
ZNF491,0
LAMA2,-1
AMBN,-1
SLC45A2,-1
GPR141,-1
TUB,-1
AK7,-1
LYST,-1
ZSCAN21,0
PCDH15,-1
OAS3,-1
TJAP1,-1
GALNT12,-1
DNAH17,-1
FOXR2,-1
TERF2IP,-1
RASSF7,-1
NCOA1,-1
OR4Q3,-1
VARS2,-1
CTSD,-1
ZNF256,-1
POLR2E,-1
MYL5,-1
WASF2,-1
CDK5RAP2,-1
ZNF230,0
DCLRE1A,-1
ACTL8,0
ANXA11,-1
OR2Y1,-1
UBR4,-1
SOCS4,-1
RWDD3,-1
ARFGAP2,-1
PTPN21,-1
SETD4,-1
ZNF528,-1
DMAP1,0
AAK1,-1
IGKV3-20,0
SLC4A2,-1
MRGPRD,-1
ROBO3,-1
AP1G1,-1
ASIC4,0
USP30,-1
IRF2BPL,-1
PADI3,-1
CHTF18,-1
CYP19A1,-1
ESCO1,-1
PSG7,-1
NLRC3,-1
KCNA10,-1
CARD18,-1
HOXB2,-1
IFT46,0
CDH24,-1
ICAM1,-1
AXIN2,1
IL1RAPL1,-1
OR2D2,-1
COL4A5,-1
JADE1,0
PPP4R1,-1
DNA2,-1
PRKDC,-1
LTBR,-1
DICER1,1
CD69,-1
TMEM106B,-1
DSC1,-1
CAP2,-1
SNRPG,-1
OSBPL2,-1
CAD,-1
LHFPL5,-1
UQCRC1,-1
SETD2,1
SPDYC,-1
PPIF,-1
CAPN3,-1
TIFA,-1
LCE1C,-1
OR52R1,-1
TAS2R42,-1
EXOC4,-1
CCR1,-1
GJB5,-1
OR2A12,-1
STK32C,-1
ZNRF3,1
TRBV6-1,-1
PNMA5,-1
NUP214,-1
KIAA1549,-1
FOXP2,-1
SRSF7,-1
MCHR2,-1
OLFM1,-1
CSPP1,-1
ADAMTS10,-1
TOM1L1,-1
LCP2,-1
VIPAS39,-1
COL4A1,-1
RBBP6,-1
CHRNE,-1
STX1A,-1
KCNJ12,-1
HSF1,-1
FZD9,-1
BPIFB2,-1
KCNJ5,1
JAG1,-1
MON1A,-1
STAC,-1
CEP152,-1
CCT4,-1
OR2M2,-1
COL22A1,-1
COQ7,-1
OR6Q1,-1
SNAP25,-1
BBS7,-1
GPHN,-1
ARHGAP25,-1
CLK1,-1
PCDHGA9,-1
TRIM36,-1
OR52A1,-1
SLC13A5,-1
FGB,-1
GRHL2,-1
LRP8,-1
PRSS55,-1
GPR139,-1
PSMD6,-1
GYS1,-1
GNAI2,-1
LAPTM4B,-1
MCM8,-1
RELN,-1
ZNF341,-1
OPA1,-1
SLC10A2,-1
DNER,-1
STAG1,1
SPRR2F,-1
LIPG,-1
COPG1,-1
DCAF15,-1
SERPINB12,-1
NUP160,-1
ZNF34,-1
IGF2,-1
SLC25A25,0
CCL11,-1
RPS6KA1,-1
ANLN,-1
TGFB1,-1
ZNF662,0
KCTD17,-1
SLC6A16,-1
HCN1,-1
P2RY2,-1
CRTC2,-1
BRD9,-1
TRIOBP,-1
BCLAF1,1
HHAT,-1
ADCYAP1,-1
FKBP5,-1
FAM83A,-1
CNR2,-1
PRSS22,-1
ITGA3,-1
IL17RA,-1
RASSF2,-1
ECE2,-1
TTI1,-1
SHC3,-1
NHS,-1
PLCD3,0
IGKV2-24,-1
APOL1,-1
NOVA1,-1
ZNF652,-1
HAUS1,-1
RALGPS1,-1
DIAPH3,-1
ZNF638,-1
ZNF445,0
TNFRSF13B,-1
GIMAP7,-1
TTLL12,-1
RINT1,-1
PIWIL2,-1
PRELID1,-1
RPL3L,-1
CHST3,-1
SPN,-1
MSH6,1
TRIM56,-1
NANOG,-1
NFIL3,-1
EHHADH,-1
NET1,-1
CXCR6,-1
EHMT2,-1
DENND4B,-1
CLTCL1,1
FBXO30,-1
SASS6,-1
TPR,-1
TFAP2E,-1
EPM2A,-1
FUT2,-1
CEP250,0
ATP12A,-1
KRIT1,0
SNRPC,-1
ITGB4,-1
RABEP1,-1
EXTL1,-1
KDM4B,-1
KRT36,-1
BCOR,1
EMC1,-1
EMILIN2,0
NCR1,-1
ZFPM1,-1
RNF6,-1
AKAP3,0
CAND2,-1
ANAPC5,-1
LFNG,-1
TBC1D22A,-1
LRRC41,-1
TM9SF2,-1
CSPG4,-1
ACSS2,-1
SSR3,-1
TCIRG1,-1
IRF3,-1
SWAP70,-1
CDH19,-1
LPA,-1
PLA2G4A,-1
ERBB4,1
GRXCR1,-1
GPR84,-1
PPP1R3B,-1
P2RX4,-1
DUSP8,-1
ARAP3,-1
SERPINA9,-1
TNNI1,-1
CAPN12,-1
MYLK,-1
ANTXR2,-1
ATF2,-1
NCOA6,-1
ZSWIM8,-1
CDC42EP1,-1
KMT2C,1
CARD14,-1
ERN2,-1
PCDHGA1,-1
HTR3C,-1
PGK2,-1
COMMD8,-1
NCAM1,-1
SULF1,-1
ZNF407,-1
SERPINB10,-1
CERS5,-1
DNMT3A,1
MOGS,-1
TNPO1,-1
CLEC4A,-1
SLC16A2,-1
FMN2,-1
IGKV1D-13,-1
DNAH8,-1
GTPBP10,-1
GPR19,-1
COL4A2,-1
IGBP1,-1
NR4A1,-1
GUCA1A,-1
ARHGEF6,-1
NARS2,-1
SPAG16,-1
UGT1A7,-1
SEMA3E,-1
RPN2,-1
SYCP2,-1
ANAPC1,0
GABRP,-1
CHERP,0
CNTROB,-1
WNT1,-1
SIN3B,-1
SEMA3D,-1
USP15,-1
KCNK5,-1
SLC16A13,0
CSNK1G1,-1
KIF21A,-1
PRMT3,0
UBR1,-1
WWC1,-1
HHEX,-1
GLB1L3,-1
VHL,1
BRINP3,-1
EMCN,0
KIF6,-1
IGKV2D-29,-1
GOLGB1,-1
GIGYF1,-1
SLC8A3,0
TTI2,-1
DPH1,-1
ALDH3A1,-1
PPP2R5E,-1
IRX3,-1
CLCNKB,-1
GLRA2,-1
ATP13A3,-1
GBP3,-1
KLHL7,-1
ZNF623,0
PI4KA,-1
ERBB2,1
SCUBE1,-1
GNB5,-1
GGT5,-1
HEXB,-1
MEGF8,-1
SURF6,-1
HMOX2,-1
LCE1F,-1
DSP,-1
AKR1A1,-1
CHMP4A,-1
SLC22A5,-1
NCBP2L,-1
XK,-1
NEK8,-1
FLG2,-1
GAP43,-1
GIMAP5,-1
CDH17,1
EEF2K,-1
AKAP1,-1
SCTR,-1
SLX4,-1
BYSL,-1
THAP1,-1
TMEM199,-1
STK40,-1
DHX57,-1
TMPRSS7,-1
TIAM2,-1
CDYL,-1
USP3,-1
TRUB1,-1
ZBTB41,-1
PNKP,-1
TLE1,-1
HECW1,-1
IL20RB,0
DPEP3,-1
EOMES,-1
PAX3,1
RPH3A,-1
GNRHR,-1
ESAM,-1
ZNF438,0
IGF2R,-1
ARHGAP20,-1
TTC1,-1
TMCC2,0
TRPV4,-1
ZNF668,-1
OR4C11,-1
PLK4,-1
TBX5,-1
SMARCAL1,-1
ZKSCAN5,-1
KSR2,-1
PROKR1,-1
PARK2,-1
MTMR12,-1
MAP7D2,-1
ENG,-1
IQSEC3,-1
PAX1,-1
ZBTB48,-1
MAGEB2,-1
LAMC3,-1
GK,-1
ST6GALNAC2,-1
ERN1,-1
WDR75,-1
ENPP3,-1
IFIT2,-1
NEU1,-1
B9D1,-1
RBM19,-1
LTN1,-1
OR51Q1,-1
SLAMF6,-1
CHAF1A,-1
FBXL4,-1
DBH,-1
CLDN12,-1
OR8J1,-1
GABRR1,-1
CEP97,-1
NYAP2,-1
TRPC7,0
IRS4,1
PTPN3,-1
ELFN2,0
ADAM23,-1
MID1IP1,-1
CTNND1,1
BMP6,-1
B3GNT7,-1
MTR,-1
CENPJ,-1
G6PC2,-1
CHD9,-1
LARP4B,1
ZNF793,-1
HSD17B2,-1
IMPACT,-1
WDFY3,-1
YBX1,-1
GPR4,-1
AGXT,-1
SH3GL2,-1
PEG3,-1
TOX3,-1
ZNF160,-1
FAM83H,-1
EBF1,1
OR52H1,-1
IFIT5,-1
TRERF1,-1
ARF1,-1
ANKRD52,-1
OR5C1,-1
SLC1A2,-1
BCAT2,-1
THEMIS,-1
DCAF13,-1
DDR1,0
SP100,-1
OR4P4,-1
ACTB,-1
KCNAB1,-1
TRAPPC10,0
ABCB1,-1
PRPF40A,-1
LUZP4,-1
INVS,-1
RBL2,-1
RGPD4,-1
APOE,-1
TUBB4A,-1
SLC25A13,-1
PPP2CB,-1
GPS2,-1
IFIT1,-1
FAT1,1
ACTA1,-1
SERPINI2,-1
RANBP9,-1
PRKCQ,-1
ACAT1,-1
CD160,-1
HDLBP,-1
ABCA13,-1
SLC9A5,-1
KCNK2,-1
KIF23,-1
PNMA2,-1
PPP1R15A,-1
PDZRN3,-1
SLC17A6,-1
CHD4,1
CARD6,-1
RNF8,-1
P2RX1,-1
GUCY2F,-1
EML1,-1
MRC2,-1
DACT3,-1
MAN2A1,-1
PRPF4B,-1
CLSTN1,-1
CD38,-1
YEATS2,-1
TUBG2,-1
PIK3CG,-1
OSBPL11,-1
HAUS7,-1
LMO3,-1
OXA1L,-1
TPSAB1,-1
RAD54L,-1
ZNF93,-1
NPR2,-1
EDN3,-1
CAMKK1,0
PITX2,-1
CPSF7,0
OR52E2,-1
OR2M3,-1
ZNF512,0
DLEC1,-1
SIX3,-1
RPL29,-1
UBASH3A,-1
PSG11,-1
LTC4S,-1
PHRF1,-1
PAX9,-1
PLS1,-1
GGTLC1,-1
LTF,-1
NFKBID,0
KRT27,-1
SLCO2A1,-1
CUX1,1
ZNF675,0
ECI1,-1
IKZF3,-1
OR52L1,-1
MIS18A,-1
MXI1,-1
PIK3AP1,-1
FUCA2,-1
KPNB1,-1
KRT6C,-1
RGS7BP,-1
FDXR,-1
PLOD1,-1
ABL1,1
LDHAL6A,0
CACNG8,-1
SHC2,-1
FZD5,-1
DCLRE1B,-1
KDM5A,1
LRRC32,-1
ZNF597,-1
MEP1A,-1
DMBT1,-1
EMC2,-1
SEC23A,-1
ZNF548,-1
BNC2,-1
KDM5D,-1
DMXL2,-1
TNFRSF10B,-1
ZSCAN30,0
BRCA2,1
PGLYRP2,-1
ASB2,-1
NUDCD1,-1
PRM2,-1
DLL4,-1
CAMTA1,1
ITCH,-1
E4F1,-1
ZNF215,-1
ZNF331,1
OR2G2,-1
CCDC39,-1
ARHGEF19,-1
PTPRM,-1
CLCNKA,-1
LSM11,-1
ACTC1,-1
EVX1,-1
CD27,-1
UBASH3B,-1
MYCT1,-1
DOT1L,-1
MAN2B2,0
TRPC6,-1
PPP2CA,-1
GNB3,-1
RSPO1,-1
INPP4A,-1
ZIC1,-1
CLK3,-1
YIPF5,-1
SFMBT1,-1
ADCY1,-1
DENND3,-1
ARHGAP12,-1
FBXO28,-1
AXL,-1
PDCL3,-1
DDX23,-1
DGKE,-1
FOXP1,1
KREMEN2,-1
STRN4,-1
GP9,-1
RFX2,-1
OBSCN,-1
LEF1,1
PCDHGA2,-1
HSD3B1,-1
CCNL2,-1
DGCR8,1
OR5B17,-1
ART4,-1
ESM1,-1
PCDHGB1,-1
CFHR2,-1
ADAMTS12,-1
NF2,1
DSN1,-1
POU2F2,-1
GZF1,-1
RBM6,-1
FOLR3,-1
SPTB,-1
TRAK1,-1
ZNF830,-1
CADM3,-1
RTN4RL2,-1
PCDH20,-1
PSPC1,-1
TRIM22,-1
DDX1,-1
SNAP91,-1
COL5A2,-1
SNAI1,-1
PPP6R2,-1
TPRN,-1
DMPK,-1
CYBB,-1
COL1A2,-1
AGRN,-1
ATG13,-1
GLIS1,-1
B3GALT2,-1
TCF4,-1
MAP7,-1
PARP15,-1
DST,-1
WNK4,-1
ITGA2B,-1
ZNF536,-1
MAP3K1,1
REG1A,-1
ZNF219,-1
PARP8,-1
KCNA7,-1
EXTL3,-1
ARHGEF10L,1
BCAN,-1
PLEKHA8,-1
OR10A4,-1
EP400,-1
PDGFRA,1
POLR2B,0
TFB1M,-1
SLC16A6,-1
SS18,-1
OR52D1,-1
TNN,-1
NLRP3,-1
SIM2,-1
TRIT1,-1
CHD1L,-1
BCL6,1
OR7D2,-1
AGO2,-1
IL1RAPL2,-1
CLDN23,-1
THOC6,-1
FEZF1,-1
TADA2B,-1
MUC4,-1
FMN1,0
F10,-1
ASH1L,-1
PARP11,-1
CARD11,1
ZNF324,-1
SCNM1,-1
FRG1,-1
IMPDH2,-1
DDX43,-1
PARP10,0
MYO5B,-1
MRPL23,0
IKZF1,1
HERC1,-1
OR8D4,-1
DDB1,-1
XYLT2,-1
TUBB8,-1
AIM2,-1
BARD1,1
CEP290,-1
COL4A3,-1
DUSP7,-1
SERPIND1,0
EIF4ENIF1,-1
HLCS,-1
HSD11B1,-1
MRPS2,-1
THBS2,-1
ATP6V1A,-1
TSC22D1,-1
TBX3,1
COL19A1,-1
COX7C,-1
ABCA5,-1
EFNA3,-1
FYN,-1
CNTN4,-1
BTBD1,0
MRPL14,-1
ETFA,-1
SDCBP,-1
SLC26A11,-1
PSG3,-1
P2RY1,-1
EZH1,-1
LIPT1,-1
OLFM2,-1
TAF1C,-1
STT3A,-1
TBXAS1,-1
UGP2,-1
FURIN,-1
TXN2,-1
CEACAM6,-1
COL6A5,-1
SALL4,1
ZMYND8,-1
BIRC5,-1
MYBPH,-1
MICALL2,0
EDC3,-1
CD2,-1
ESPL1,-1
TUBB1,-1
NF1,1
RGMA,-1
SERGEF,-1
CUL3,1
NOVA2,-1
VPS41,-1
VIPR1,-1
ZNF558,-1
HS3ST3B1,-1
TFPT,-1
IL25,-1
ATM,1
NUFIP2,-1
OR4C13,-1
CHRND,-1
ITGAM,-1
PIBF1,-1
TUBGCP2,-1
PCNT,-1
IFNA17,-1
DDX39A,0
MIOS,-1
OMA1,-1
ZNF563,-1
CTNNA2,1
PRKAG3,-1
PCDHGA8,-1
PEX2,-1
MAP3K13,1
SPOP,1
FBLIM1,0
LRRC7,-1
NALCN,-1
YARS2,-1
PCDHGB6,-1
DGKH,-1
KIF13A,-1
SLC3A1,-1
EIF5,-1
ZBTB24,-1
PDS5B,-1
CYTH3,-1
ZNF148,-1
AGPAT2,-1
KLRF1,-1
UBA6,-1
LCE1A,-1
TERF2,-1
PIGG,-1
NAPSA,0
KDM4A,-1
PAK2,-1
ADAMTS15,-1
TCAP,-1
NEB,-1
SIRT2,-1
ZMYM4,-1
CD163,-1
NUP133,-1
SIK3,-1
ADAM9,-1
FAM50B,0
P2RY10,-1
MAPKAPK5,-1
IGKV1-5,-1
CTNNA3,-1
GTPBP1,-1
NTNG2,0
GSTA2,-1
PCSK9,-1
MEF2C,-1
FGFR1,1
KIF11,-1
MYH7,-1
APBA1,-1
SNRNP200,-1
NCAPG2,-1
WDR59,-1
CDH13,-1
SBNO1,-1
RSPO3,1
STYK1,-1
CTC1,-1
TROAP,-1
CAMSAP1,-1
NDUFS3,-1
GOLIM4,-1
OR4A16,-1
CCKBR,-1
ZNF335,-1
MAP2,-1
ITGBL1,-1
OR5L1,-1
OR5P2,-1
FNIP1,-1
WNT3A,-1
CILP,-1
POLD3,0
LMAN1L,-1
NAB2,1
ANO10,-1
GCFC2,0
RFFL,-1
RHOB,-1
SUCO,0
VPS13C,-1
KIF2C,-1
GH1,-1
SLIT3,-1
RGS21,-1
SLC30A4,-1
GPLD1,-1
EP300,1
DHX33,-1
S1PR4,-1
MAGEA6,-1
SNX8,-1
GUCY1A2,-1
ZBTB38,-1
CEP120,-1
NOTCH4,-1
GBF1,-1
RBP3,-1
ADAM21,-1
SLC6A15,-1
MUC6,-1
ZNF692,-1
NLRP10,-1
ACVR1C,-1
OR5H6,-1
PDE8B,-1
GAB2,-1
ATXN3,-1
LILRB2,-1
ZNF773,0
PPIG,-1
ELAVL4,-1
KCTD8,-1
NUAK1,-1
ABCA2,-1
CALHM1,-1
ANK2,-1
CEP135,-1
FOXC2,-1
AR,1
ATPAF2,-1
ADRA2A,-1
DPM1,-1
SZT2,-1
DPEP2,-1
CEACAM16,-1
COMMD6,-1
PPEF1,-1
DCHS1,-1
MEIS2,-1
BBS5,-1
NGLY1,-1
GZMH,-1
PRSS1,-1
NTRK3,1
ELN,-1
RSC1A1,-1
APPL1,-1
FCRL4,1
CPEB1,-1
SAFB,-1
PCDHA5,-1
ACTR3B,0
FANK1,-1
AHSP,0
HPR,-1
CABIN1,-1
COL6A3,-1
AATF,-1
SHC1,-1
FANCG,1
STRC,-1
PCDHGC5,-1
ADRB1,-1
PDE12,-1
UGT2B11,-1
SSH3,-1
MYT1,-1
PROC,-1
TACC1,-1
MID1,-1
NSD1,-1
PARP16,0
MCF2L,-1
SERPINA10,-1
GMPPB,-1
SLC12A7,-1
PRKAR1B,-1
SLC24A3,-1
AQP6,-1
CYLC1,-1
GLI2,-1
SERPINB3,-1
PDCD1,-1
FBXO4,-1
ADAM15,-1
PLXNA2,-1
MRPL19,-1
PDYN,-1
GPNMB,-1
CHD6,-1
BDP1,-1
SH3GLB2,0
DGKD,-1
PLXNB2,-1
GTF2H3,-1
LSR,-1
ME3,-1
UBTF,-1
ASAP1,-1
CTNND2,1
EMX1,-1
P4HA1,-1
PRPSAP2,-1
TBC1D15,-1
PPM1G,-1
LCE2D,-1
FGG,-1
SLC28A2,-1
HSD3B2,-1
FOXA2,-1
RPS6KB2,0
EPB41L1,-1
ADARB2,-1
SOAT2,-1
ZDHHC9,-1
SAV1,-1
GALNT8,-1
NFYC,-1
NOX4,-1
SMARCA2,-1
STRN3,-1
CD300LB,-1
TNPO3,-1
UBD,-1
HTRA1,-1
ATAD2B,-1
ITSN2,-1
OTOA,-1
SKA1,-1
OR51A4,-1
GINS1,-1
RHOBTB3,-1
MED12,1
MUC13,-1
HAVCR1,-1
IPO13,-1
CDC25A,-1
NDST4,-1
UBE2C,-1
GABRB1,-1
ABCA4,-1
NYNRIN,-1
PHF8,-1
GTF3C5,-1
TGFBRAP1,-1
ARHGAP9,-1
USP35,-1
ERP27,0
PPFIBP1,-1
TMOD2,-1
EED,1
CACNB4,-1
GRIK4,-1
IFI16,-1
ZNF660,0
SORL1,-1
UNC5A,-1
LIMK1,-1
NAV2,-1
PCDHGB4,-1
KIF5A,-1
GSK3A,-1
KLK12,-1
DEK,1
IL4R,-1
EPB41L4A,-1
GBP1,-1
KRT84,-1
RTKN,-1
ATP2B2,-1
NRG2,-1
EYA3,-1
TBC1D2,-1
PTPRS,-1
ASB9,-1
FBXO15,-1
PTPRH,-1
GAA,-1
ARHGAP30,-1
NCK2,-1
KRT6A,-1
PTPRK,1
NPRL3,-1
TEX11,-1
LAMC1,-1
ALS2CL,-1
OR2T6,-1
ACIN1,-1
COL9A2,-1
MAG,-1
LSP1,-1
NOP56,-1
NCOA3,-1
PTPRN,-1
PFKL,-1
ARAF,1
CCNK,-1
BMI1,-1
MED23,-1
NCOA4,1
PPP2R1B,-1
HNRNPA1,-1
MYO19,-1
VPS18,-1
CUL4A,-1
CUL9,-1
DCLK3,-1
CIRBP,-1
TRMT1,-1
MDGA2,-1
PAPSS2,-1
MICB,-1
SULT1E1,0
XPOT,0
MICU1,-1
SPIDR,-1
LAIR1,-1
G3BP2,0
TJP2,-1
USP36,-1
NES,-1
PHACTR4,-1
PCDHGB3,-1
PCLO,-1
AUTS2,-1
SP8,-1
FBN1,-1
NPHP1,-1
SLC44A3,-1
DOCK3,-1
OR10R2,-1
ZNF134,-1
TRAT1,-1
WDR4,-1
DPP3,-1
ITGA4,-1
KCNS2,-1
HSPA8,-1
DCC,1
SHQ1,-1
OR10K2,-1
AARS2,-1
ACVRL1,-1
ANO4,-1
RET,1
TMPRSS11B,0
MYC,1
NR2F1,-1
ZNF846,-1
OR5B3,-1
CHID1,-1
CREB3L1,1
ADCYAP1R1,-1
ZNF502,0
GCNT4,-1
OR6X1,-1
BMP3,-1
TLE4,-1
TRIP11,-1
FGFR2,1
PRDM15,-1
BOD1L1,-1
HOXC11,1
SCN5A,-1
ZWINT,-1
SLC34A2,1
FANCM,-1
TUBGCP6,-1
NR2C1,-1
RBCK1,-1
CNGA4,-1
CHRNB4,-1
OR52E8,-1
OR5D13,-1
ESX1,-1
SLC5A7,-1
BRWD3,-1
PHYH,-1
GEMIN7,-1
LZTS1,-1
RELA,-1
TFR2,-1
CSTB,-1
ZBTB11,-1
TPTE,-1
OR2A4,-1
MAGEA11,-1
PCDHGA7,-1
NTM,-1
DEF6,-1
IGKV3D-20,-1
PIK3R2,1
SLC1A5,-1
CDC42BPB,-1
DTX1,-1
ARCN1,-1
SSX2IP,0
SH2D3C,-1
OR1J1,-1
TAF1,-1
SGMS1,-1
NCL,-1
ARHGEF10,1
NMRAL1,0
SPEN,1
ABCC12,-1
AURKAIP1,-1
TESPA1,-1
ARSF,-1
REST,-1
HCK,-1
HUWE1,-1
BEST4,-1
NDUFS2,-1
MOGAT2,-1
ATAD5,-1
ZNF665,0
HOXA9,1
NCKAP1L,0
EYA2,-1
OR10G8,-1
RASSF9,-1
FREM2,-1
IGKV1D-8,-1
RP1L1,-1
ALMS1,-1
CYP2A7,-1
INPP5E,-1
BIRC2,-1
SEMA3F,-1
IPO4,0
CCDC93,-1
IGHA1,-1
TCF3,1
MASP2,-1
FOXB2,-1
SCRIB,-1
HIVEP2,-1
PCSK1,-1
SERPINA4,-1
RUNX3,-1
MGST1,-1
GSTM2,-1
ZNF441,0
MAP4K2,-1
DDX17,-1
CD72,-1
ERLIN2,-1
ABHD17B,-1
WNK3,-1
OR6Y1,-1
SIRT4,-1
PHF20,-1
SMCR8,-1
ADAMTS6,-1
LILRA5,-1
ABCC9,-1
RAB3GAP1,-1
CDC42BPG,-1
EXOC3L1,-1
FAM83B,-1
SPTAN1,-1
LCE2C,-1
EPN2,-1
MTHFD1L,-1
POU5F2,0
FMOD,-1
ZBTB20,-1
STAT4,-1
FAM83D,0
TRAPPC11,-1
ZBED2,-1
TEAD1,-1
FNTA,-1
COL12A1,-1
CD96,-1
MLX,-1
ACAT2,-1
TTN,-1
FBXO21,-1
SCAI,0
SS18L1,-1
TRBV20-1,-1
KIF19,0
OR6C2,-1
APLF,0
KRT80,-1
OR5T3,-1
ZIM3,0
TLE3,-1
PRDM5,-1
NUP50,-1
KRT6B,-1
TEKT2,-1
NOP2,0
NSRP1,-1
PRDX1,-1
PEX6,-1
RPP30,-1
FGF5,-1
OR8K3,-1
TMEM63C,-1
FLT3,1
PLA2G2A,-1
RBM12,-1
KRR1,-1
TNIP1,-1
CCNG1,-1
ATP8B1,-1
ZNF695,-1
TOR1AIP1,-1
PLAG1,1
ABCD2,-1
GABRG1,-1
ARSB,-1
BEND6,-1
DDO,-1
TNS1,-1
NOL6,-1
MUC15,0
SF3B3,-1
TXNDC2,-1
MYO10,-1
ESYT1,-1
CNGA3,-1
MPO,-1
LUC7L,-1
HMGCS1,-1
SBF1,-1
XPO7,-1
NDUFA12,-1
HNRNPDL,-1
EIF4E2,-1
CDX4,-1
ATXN2L,-1
PPP1R13B,-1
ASCC2,-1
APOO,-1
ANKRD49,0
PTPRT,1
UPF1,-1
NAF1,-1
ADAM19,-1
TCHH,-1
SIM1,-1
TOX2,-1
SLC4A1,-1
SORCS2,-1
ATG2A,-1
OR5A2,-1
VPS52,-1
STXBP1,-1
IGF2BP1,-1
TDRD1,-1
ZNF33A,-1
SDHB,1
DMD,-1
SLC26A3,-1
RHBDF2,-1
CD180,-1
REPS1,-1
SSH2,-1
ZNF28,-1
ZNF696,0
TARS2,-1
SIGLEC10,-1
CHRNA9,-1
PARVG,-1
TOP3A,-1
KIRREL3,-1
CD1C,-1
HIC2,-1
MYBBP1A,-1
SYTL1,-1
COLEC10,-1
OR6C3,-1
SPINK9,-1
ICAM5,-1
AURKB,-1
AGAP4,-1
POLR1C,-1
FBLN5,-1
PCNA,-1
IER5,-1
SESN1,-1
RHOJ,-1
SLC12A2,-1
VAV2,-1
UNC45B,-1
ZNF614,0
KPNA4,-1
PLXNA3,-1
DPH7,-1
LTBP3,-1
SLC6A4,-1
SELENBP1,-1
PC,-1
SLC12A4,-1
SLC14A2,-1
HTR2A,-1
SCAF1,-1
ZNF223,0
MAP3K5,-1
ST3GAL6,-1
ENO1,-1
ATL2,0
MYO18B,-1
MMACHC,-1
PIGO,-1
PLRG1,-1
ITGAE,-1
ACE2,-1
ROBO4,-1
TTC30A,0
AADAT,-1
MC5R,-1
ILF2,0
TYK2,-1
P2RY4,-1
SLC2A9,-1
ATP6AP2,-1
ARFGAP3,-1
DPPA2,-1
LONRF2,-1
CCNG2,-1
MYOC,-1
MYB,1
HADH,0
PARD3,-1
ZNFX1,-1
CLVS1,-1
TNFSF15,-1
ZNF71,-1
ITGA2,-1
ANO5,-1
PAX4,-1
ADORA1,-1
ZBTB39,0
HOXB1,-1
TLK1,0
OR11L1,-1
SLC6A17,-1
JADE2,0
ASB5,-1
MRPL20,-1
ATG10,-1
ZNF699,-1
IARS2,-1
FANCI,-1
ZFHX3,1
ATF6,-1
CHGB,-1
ELAVL2,-1
NKIRAS1,-1
KDM3A,-1
CPNE3,-1
B3GAT3,-1
LAMB3,-1
MITF,1
NUP205,-1
RAB4B,-1
IKZF5,0
THAP3,-1
TRPV2,-1
CAPN5,-1
KCNH8,-1
UTP20,-1
KANK2,-1
GGT7,-1
ALDH1A3,-1
VGLL3,-1
POLL,-1
NEUROG3,-1
PCMTD2,0
IRAK2,-1
CENPT,-1
RSL1D1,-1
ZNF285,-1
LRP4,-1
DNAH11,-1
TAF6,-1
CHUK,-1
FPR1,-1
FOXG1,-1
MZT1,0
FOXP4,-1
LHX3,-1
EIF4E,-1
PSD2,-1
ESF1,0
TSR1,-1
COPB2,-1
PPP5C,-1
COL10A1,-1
NUP188,-1
MYNN,-1
CARD9,-1
SPAG9,-1
HMGCL,-1
LIMCH1,-1
BPTF,-1
ISCU,-1
ST3GAL1,0
KCNN1,0
CTCF,1
OR5D18,-1
METAP2,-1
CHRM4,-1
PPP1R9A,-1
VPS13B,-1
SORBS3,-1
OR10W1,-1
CNN1,-1
CEP72,-1
HDAC3,-1
PTPN4,-1
DDX24,-1
IWS1,-1
SENP7,-1
RGS16,-1
CWF19L1,-1
E2F3,-1
ATIC,-1
APH1B,-1
PCM1,-1
SIRT3,-1
GPSM3,-1
CD200R1,-1
DSG1,-1
ITGA1,-1
FAT4,1
NRIP1,-1
ZNF366,-1
NCSTN,-1
TAAR8,-1
IGHM,-1
NME8,-1
UGT2B15,-1
EHD1,-1
KLK6,-1
HNF4G,-1
LHCGR,-1
CREBRF,-1
NOL9,0
PTPRB,1
PLEKHH3,0
PIWIL3,-1
ETV6,1
ZNF79,-1
NDUFA13,-1
ZNF700,-1
POLQ,1
DGKQ,-1
ICAM4,-1
TPH1,-1
FBXL2,-1
KLF12,-1
ZNF155,-1
ATP6V0A2,-1
SYT12,-1
GRIA2,-1
SLC16A4,-1
GTF3C1,-1
TBX15,-1
PRPF19,-1
BPIFA1,-1
ZMIZ2,-1
FRAS1,-1
SRMS,-1
TBC1D4,-1
LIG4,-1
IL22RA2,0
PFKP,-1
SNX18,0
PRTFDC1,-1
AFF1,-1
TRIM29,-1
RGS11,0
HYOU1,-1
EIF2B5,-1
HIPK3,-1
KLHL6,-1
ARHGAP31,-1
LAMA4,-1
OR5T1,-1
FMO2,-1
SP140,0
UGGT1,-1
IGFBP6,-1
OASL,-1
IL2RB,-1
BCAS2,-1
VAC14,-1
KLB,-1
DUOX1,-1
PSMA8,-1
FXR2,-1
LMNA,-1
OR5AS1,-1
DRD3,-1
GPR50,-1
KIF1A,-1
ZNF658,-1
TF,-1
CLCN5,-1
PCDHA3,-1
RAD54B,-1
ZNF169,-1
SLITRK5,-1
QSOX1,-1
MMP26,-1
DOCK2,-1
ARHGEF26,-1
CD101,0
RGS9,-1
FMR1,-1
MTNR1B,-1
SRP19,-1
TAL2,1
MTMR1,-1
CD207,-1
ADAM20,-1
DNAJC4,0
COG6,-1
MYH1,-1
ZBTB44,0
HEATR1,0
APRT,-1
TGIF2,-1
OR8K5,-1
CACNG4,-1
BCAM,0
SERPINB5,0
CREB3L3,-1
PDPR,-1
LOX,-1
TLR4,-1
OR8H2,-1
PCDH12,-1
PDK2,-1
ZNF521,1
HLA-DQB2,-1
TUBGCP5,-1
GPR174,-1
RFX1,-1
LCE4A,-1
BCR,-1
LLGL1,-1
TRMT6,0
OR9Q2,-1
ACAA2,-1
SPOCK3,-1
NLRP2,0
F13B,-1
MMP16,-1
CHL1,-1
WNK1,-1
DLGAP1,-1
ZNF235,0
PHF13,0
TBC1D10A,-1
SOX17,-1
EPHA1,-1
GLE1,-1
MED11,-1
SPDL1,-1
TCN2,-1
CDKL3,-1
DAGLA,-1
RARB,-1
CELSR1,-1
VWC2L,0
RPL7,-1
SIRT1,-1
WDR81,-1
DYSF,-1
PEX16,-1
AGPS,-1
HDGF,-1
SERBP1,-1
AK8,-1
GRIN2B,-1
CXXC1,0
KRT33B,-1
KIF21B,-1
SMPD3,0
ERC1,-1
ROS1,1
DGUOK,-1
ANAPC2,-1
KRTAP6-2,0
ITGB2,-1
KDM7A,-1
NT5E,-1
DGKI,-1
PDE1B,0
RHBDL3,0
PTPRG,-1
DGAT1,-1
VPS11,-1
RNF144A,0
SHH,-1
USP28,-1
PLCH1,-1
NDST3,-1
CHD1,-1
GPR55,-1
SLIT1,-1
TAAR5,-1
GBP6,-1
FGF21,-1
TUBA3C,-1
KLHL21,-1
ABCG4,-1
CDK19,-1
MAN1A1,-1
KLHL5,-1
RUNX1T1,1
UGT1A8,-1
PSME3,-1
SNTB1,0
SLC38A8,-1
GSTM3,-1
PDK4,-1
TGFBR3,-1
SPR,-1
ABCB7,-1
CC2D2A,-1
DOK6,-1
SLC6A13,-1
BICD1,-1
WWC2,-1
PTBP1,-1
VCP,-1
TRPA1,-1
MYLK2,-1
USP7,-1
RGP1,-1
ENAH,-1
ARRDC3,-1
BCORL1,1
STAMBPL1,-1
ZNF606,-1
CNGB1,-1
NELL2,-1
KCNN3,-1
RFK,-1
CYP7A1,-1
STK32B,-1
PER1,1
ALPK3,-1
DRD2,-1
BANP,-1
CGNL1,-1
MFAP4,-1
ASIC1,0
GHR,-1
CBL,1
AFF3,1
OR5M1,-1
IGKV3D-15,-1
ALDOC,-1
B3GAT1,-1
FBXL6,-1
RASGEF1A,-1
GABRA3,-1
BBS10,-1
HNRNPH2,-1
CR1,-1
NBAS,-1
TRAF5,-1
EXOC2,-1
DAPP1,-1
TPX2,-1
RTN4R,-1
VIL1,-1
KCNA2,-1
HSPBP1,-1
CYFIP2,-1
PHF10,-1
SIGLEC8,-1
L3MBTL3,0
CCDC22,-1
PCDHGC4,-1
MYO5A,-1
SLC4A7,-1
KRT18,-1
UNC79,-1
OR56A3,-1
NID2,-1
CYP2C8,1
TRIM4,0
TBC1D14,-1
CST7,-1
LGALS14,0
TAF1L,-1
KDM1A,-1
NFATC4,-1
ZNF618,-1
SCN4A,-1
KIFC3,-1
PLXNA1,-1
ACADS,-1
OR5F1,-1
PTCH2,-1
TRIM31,-1
CAMK1G,-1
ATN1,-1
ZNF460,0
RPL10A,-1
KLHL10,-1
ADAMTS5,-1
VLDLR,-1
POLE,1
OR5A1,-1
OAS2,-1
NR1I3,-1
SEMA5A,-1
RALGAPB,0
NPHP3,-1
CDK12,1
POMGNT1,-1
FBXO45,-1
FZD2,-1
NDUFV1,-1
SHANK2,-1
ARFGEF2,-1
FGD1,-1
CDHR1,-1
BANK1,-1
TRBV29-1,-1
KMT2A,1
LARP1,-1
ROR2,-1
ZNF831,-1
ITPR3,-1
MYLK4,-1
HK3,-1
MRPS23,-1
ZNF585B,0
DNAH2,-1
TRAPPC8,-1
ZNF48,0
SART3,-1
ATP1A3,-1
SLC1A6,-1
PANK3,-1
OR11H1,-1
NTMT1,-1
CXCR2,-1
PLXND1,-1
ALG9,-1
KIF3C,-1
PLIN3,-1
PCDHGA10,-1
TLK2,-1
ARC,-1
PHC1,-1
ZNF77,-1
SSX5,-1
POLR1B,-1
USP44,1
VPS28,-1
ARHGEF18,-1
PAPOLB,-1
MME,-1
ZNF676,0
CHD8,-1
SMYD2,-1
KDM2A,-1
TTLL11,0
SNRNP48,0
RAVER1,-1
CAMKV,-1
MYL6B,-1
PARD3B,0
STAB2,0
SORCS1,-1
ARHGAP26,1
FEM1A,-1
QRICH1,-1
IGKV1-17,-1
ITGA11,-1
ZSCAN29,0
IRAK4,-1
ATF7,-1
SEMA4C,-1
CDH26,-1
CHRNA10,-1
ARID3B,-1
CTSL,-1
TSHZ3,-1
CD1D,-1
APBB1IP,0
TP53INP1,-1
MYO3B,-1
SUGP1,-1
GOT2,-1
MRPS22,-1
NLGN1,-1
GPCPD1,-1
CCR2,-1
ZNF664,-1
MLLT6,-1
VWF,-1
PAK6,-1
ITGA10,-1
PPP6R3,0
DNAJC7,0
ZNF527,-1
B4GALNT1,-1
SMAD9,0
MIS18BP1,0
RNF220,-1
NBL1,-1
CTNNAL1,-1
OR52J3,-1
NEUROD6,-1
DPH2,-1
TFDP2,-1
SMG6,-1
MRPL40,-1
FZD4,-1
MED13,-1
RPL11,-1
RFX3,-1
HAO1,-1
HPS3,-1
PANX3,-1
ZNF287,-1
FBXL19,-1
SOX7,-1
FARP2,-1
TNNT2,-1
IGHG4,-1
COL15A1,-1
OR2A14,-1
IREB2,-1
ZNF468,-1
HGS,-1
ESR1,1
SH3BP4,-1
HSD17B4,-1
LAMA5,-1
SLCO1C1,-1
GALT,-1
GABRB3,-1
HOXB13,-1
HTR2B,-1
GZMA,-1
CREB3L2,1
USP2,0
TCN1,-1
FLNB,-1
PDP1,-1
HPS5,-1
ADAM10,-1
UBE4B,-1
NFAM1,-1
DPRX,-1
MAOB,-1
ZBTB4,-1
DUOX2,-1
DHX16,-1
ZNF598,-1
RYBP,-1
SRP54,-1
COL6A6,-1
PDCD5,-1
SLC25A22,-1
JAK1,1
ATP13A2,-1
SLC4A3,0
HTATSF1,-1
DHX40,-1
TADA3,-1
GIT2,0
STK25,-1
ADAM11,-1
DFFA,-1
PPL,-1
CYP2B6,-1
ARFGEF1,-1
WWP1,-1
ZNF214,-1
ANK3,-1
CDX1,-1
PICALM,-1
PAEP,-1
STAG3,-1
SNCAIP,-1
DLX5,-1
GNAI1,-1
RPP21,-1
PTPRO,-1
FGD3,-1
F7,-1
BDKRB2,-1
ATCAY,-1
ZNF716,0
KANSL1,-1
IGLV7-46,-1
SPTBN4,-1
FBN2,-1
ZNF35,-1
CDH2,-1
PLAU,-1
LSAMP,-1
GLI3,-1
GDF6,-1
CDC73,1
SLIT2,-1
COL28A1,-1
CD34,-1
CIC,1
PPARGC1A,-1
PER3,-1
KRT85,-1
OR10K1,-1
KRT19,-1
PNPLA4,-1
STAU2,-1
MAP3K9,-1
SALL3,-1
REC8,0
BBX,0
HSPD1,-1
PCDHAC2,-1
OR2T10,-1
HIVEP1,-1
CTSG,-1
UTP15,-1
RNF213,-1
PPFIA3,-1
API5,-1
ARHGAP36,-1
ZNF671,0
LRRC14,-1
EDRF1,0
KLHL22,-1
PCDHA11,-1
OR2F2,0
PROZ,-1
KCNK7,-1
PRF1,1
RPS6KA5,-1
TUBB6,-1
ZWILCH,-1
EFHD1,-1
NOS2,-1
FGA,-1
RSPO2,1
OR6N2,-1
TJP1,-1
ZNF639,0
AGK,-1
ZFAT,0
ATP6V0B,-1
CCR6,-1
CACNA1I,-1
HIF1A,1
DVL2,-1
ABCC6,-1
FREM1,-1
RAC1,1
PRRC2B,-1
RPGRIP1,-1
MYOM2,-1
PKP2,-1
ZNF75D,-1
STAT6,1
CHRM3,-1
PGLYRP3,0
CRY2,-1
CACNB2,-1
DMP1,-1
MAP3K10,-1
ACTN2,-1
AOX1,-1
HADHB,-1
CAMK1,-1
ITGB8,-1
RHOC,-1
FGF23,-1
TFG,-1
NPY5R,-1
ASAP2,0
ZNF493,0
NOB1,0
RECQL4,1
SNX5,-1
HDAC2,-1
NEIL3,0
POU5F1B,-1
COL7A1,-1
MYLK3,-1
ATXN2,-1
SPSB3,-1
CNOT6L,-1
R3HDML,0
HELZ2,-1
KRTAP5-9,-1
MTG1,0
LMOD2,-1
MAP1A,-1
PSD4,-1
GRM7,-1
TTBK2,-1
PTPN9,-1
ZNF485,0
AP1S3,-1
DSC3,-1
TMED9,0
RORB,-1
MTNR1A,-1
RB1CC1,-1
ZBTB7A,-1
ADAM12,-1
ABCG5,-1
COL16A1,-1
RANBP6,-1
RNF31,-1
RIPK3,-1
NAPG,-1
ATG5,-1
DGKB,-1
PUM2,-1
HTR2C,-1
UBN2,-1
KLHL2,-1
TRPM7,-1
PSMD4,-1
CABLES1,-1
ZNF836,-1
TGOLN2,-1
HCFC2,-1
GP5,-1
BMP7,-1
NUP210,-1
LCOR,-1
GRIA3,-1
MFAP5,-1
RCHY1,-1
DSE,-1
ZNF225,0
MAGI2,-1
LRRC8A,-1
DMRT2,-1
APOL6,-1
ZNF112,-1
POLR3D,-1
GLP1R,-1
SLC27A4,-1
SERPINI1,-1
LIMK2,-1
NFE2L1,-1
PTPN1,-1
RAPGEF4,0
OTOGL,-1
ZNF679,0
MYF5,-1
MCMDC2,-1
CTNNBL1,-1
RXRB,-1
ITGA7,-1
HIPK1,0
SPTBN5,-1
ARAP1,-1
ZNF470,-1
NPTX1,-1
ZNF774,0
PBX3,-1
RHOA,1
BBS9,0
HS3ST6,-1
MAP7D3,-1
TXNIP,-1
CLCA4,-1
NEUROG1,-1
PSG8,-1
PROKR2,-1
TEP1,-1
RTF1,-1
SBF2,-1
APLP1,-1
DAPK1,-1
RING1,-1
SMARCAD1,-1
DENND2A,-1
OR10Z1,-1
MYH6,-1
LAMA3,-1
ADNP2,-1
CLVS2,-1
NLRC4,-1
HYDIN,-1
ADIPOR2,-1
CYP4F2,-1
HIPK4,-1
SV2B,-1
ALK,1
CYLC2,-1
ZNF572,-1
THRAP3,-1
BBS4,-1
ZNF587,0
EME2,-1
ADCY6,-1
FH,1
OR5K2,-1
PRDM16,1
AKAP4,-1
DNAJC19,-1
TRIM62,-1
OR4C12,-1
C3,-1
SLC51A,0
RABGGTA,-1
NFKBIZ,-1
B4GALT5,-1
NR6A1,0
GUCY2C,-1
IL36B,-1
OSR2,-1
KAT6A,1
UST,-1
CHRM5,-1
NOS1,-1
ZNF451,-1
MFSD2A,-1
NAE1,-1
PSG4,-1
ZAP70,-1
KRAS,1
ACAA1,-1
ACE,-1
BCHE,-1
OR13C4,-1
KCNC4,-1
SLC16A3,-1
ATP2B4,-1
MSC,-1
ASB4,-1
APAF1,-1
USP9X,-1
MSH3,-1
ADAM2,-1
ZFYVE27,-1
MFN1,0
NFRKB,-1
PARP4,-1
ARHGAP6,-1
GAST,0
HLA-A,-1
KIDINS220,-1
GSDMD,-1
NEGR1,-1
TPCN1,-1
SPSB4,-1
DROSHA,1
COX11,-1
NLGN4X,0
SMC2,-1
SYT11,0
LONP2,-1
PCDHA13,-1
NPS,-1
NUBPL,-1
HMGCS2,-1
ACKR3,1
NCAPD3,-1
TBX18,-1
MYBPC2,-1
FNTB,-1
DPP10,-1
SRSF1,-1
MLF2,-1
FADS3,-1
RFX6,-1
IGHV3-9,-1
FOXJ2,0
TMIE,-1
MTMR2,-1
MAGEA4,-1
SPON2,-1
ZNF233,-1
SAA2,-1
MYO1H,-1
NOTCH3,-1
FOXN1,-1
GPC5,1
CHST4,0
CPA2,-1
FCN1,-1
GPR183,-1
MEN1,1
IFT80,-1
XAB2,-1
ZNF549,0
STK35,-1
POLR3A,-1
PPAT,-1
FST,-1
MAML3,-1
WIPI1,0
CDC5L,-1
HPCA,-1
FZD6,-1
MOV10L1,-1
ITPR2,-1
GRIA1,-1
ZNF165,-1
ZGPAT,0
NBN,1
GPR150,-1
DAXX,1
WNT9A,-1
AKR1C3,-1
AVEN,-1
AGO4,-1
RAB38,-1
SIX2,1
PER2,-1
SF3A1,-1
HERC2,-1
NOX3,-1
ZNF182,-1
EXOC1,-1
DDX60L,-1
P2RX5,0
CERS2,-1
CYP2A13,-1
SYT9,-1
LGR5,-1
EIF4A1,-1
FAM161A,-1
ECE1,-1
AHCYL1,-1
PRSS58,-1
PABPC5,-1
PDLIM5,0
CA9,-1
MAPK1,1
RAP1A,-1
PBX4,-1
SF3A3,-1
FRMD6,-1
SLC19A2,-1
BTN3A3,-1
SLC6A9,-1
NOP16,0
MEF2A,-1
GOLGA2,-1
MED26,-1
MYH15,-1
CSGALNACT2,-1
ANO6,-1
POM121,-1
PRRG1,-1
JPH1,-1
IGKV1-6,-1
ZNF608,-1
EBP,-1
RUSC1,-1
ARHGEF5,-1
HTT,-1
CTNNA1,-1
RAB11FIP3,-1
MAL,-1
HSCB,0
RFC5,-1
CDH4,-1
PPP1R12B,-1
PLA2G7,-1
RBM5,0
CEP170,-1
DDX50,-1
PROS1,-1
OTX2,-1
TP53,1
SLC6A14,-1
CNTNAP2,-1
CD1E,-1
ZNF707,0
PRSS23,0
KALRN,-1
CCNA1,-1
TECPR1,-1
BTBD2,0
YY1AP1,-1
CYP11B2,-1
PSMD2,-1
CCT8L2,-1
RFC3,-1
SLCO3A1,-1
SELP,-1
KRT75,-1
PTPN18,-1
DNAJB8,-1
MYOZ1,-1
RC3H2,-1
MOGAT1,-1
AOC3,-1
PCDHB1,-1
PLA2G4E,-1
ALG5,-1
CALCR,-1
PTPRA,-1
PPP1R3A,-1
WASF3,-1
CCT8,-1
IFNA16,-1
ARHGAP27,-1
TYW1,-1
WDR82,-1
MATN2,-1
NIPAL1,-1
WWC3,-1
RASGRF2,-1
KCNK18,-1
DCSTAMP,-1
PCDH18,-1
CCDC40,-1
FAN1,-1
TCTN2,-1
MYO1F,-1
NUDT7,0
DIDO1,0
CACNA1E,-1
ALDH6A1,-1
ASB6,-1
ANXA5,-1
CNOT2,-1
AGTR1,-1
TUBD1,-1
CCL15,-1
GRXCR2,-1
FSHR,-1
HK2,-1
CBLL1,-1
ATG4A,-1
SNRPD2,-1
EXT2,1
PPARD,-1
CDK13,-1
ACOX1,-1
AGAP6,-1
DYRK4,-1
ADAMTS8,-1
YWHAZ,-1
ASXL1,1
PIK3C2B,-1
RYR2,-1
AKAP8,-1
DLK1,-1
MTA1,-1
HTR5A,-1
RPA2,-1
TRAF3IP3,-1
PEX5L,-1
MAN2C1,-1
TEKT1,-1
OR3A3,-1
PPP2R3A,0
SCYL1,-1
NKIRAS2,-1
IGHV3-11,-1
NFIX,-1
HOXB8,-1
HSPB8,-1
EPOR,-1
FANCF,1
GABRB2,-1
DSEL,-1
MMAB,-1
COL5A3,-1
PCDHA4,-1
ZNF546,-1
INSIG2,-1
CACNA1G,-1
AICDA,-1
SPATA5L1,0
NUMA1,-1
CNOT1,-1
SRPK3,-1
MST1,-1
GGA1,-1
OR12D3,-1
PIWIL1,-1
CFLAR,-1
CARD16,-1
MAD1L1,-1
ACTG1,-1
MYO1E,-1
MTF1,-1
OR52M1,-1
SPIB,-1
BASP1,-1
OR10J3,-1
CEP63,-1
SCARB1,-1
PDIK1L,-1
FAM13A,-1
AKT3,1
ATP10B,-1
GBE1,-1
GMPR,-1
AP1B1,-1
ZNF419,-1
RAD18,-1
UGT3A1,-1
COLGALT2,-1
ZNF823,-1
OR56A1,-1
RPTOR,-1
DNMT3L,-1
HOXA3,-1
ABCC8,-1
NOP58,-1
PCDHAC1,-1
CKB,-1
TTYH3,0
COPB1,-1
KCNG1,-1
CHPF,-1
ZBTB12,-1
PSG1,-1
SMURF2,-1
KLK15,-1
TRMT10C,-1
ZEB1,1
PDHA2,-1
TNFRSF18,-1
SOX6,-1
ABCA3,-1
INHBC,-1
NXF3,-1
CCNC,1
LMBRD1,-1
HSP90AB1,-1
PNISR,-1
RASAL1,-1
SERPINA6,0
CACYBP,0
NIN,-1
PPP2R5A,-1
LILRB5,-1
CDHR2,-1
MAP2K4,1
JPH4,0
HDAC6,-1
RAB3B,-1
TPST1,-1
FAM120B,-1
NUFIP1,-1
CCDC13,-1
NME1,-1
MTSS1,-1
TDP1,-1
APOBEC1,-1
ARHGAP33,-1
TUBB2B,-1
PCDHB6,-1
OR10Q1,-1
TOR1B,-1
BIRC7,-1
ZNF140,-1
ESRP1,-1
SDSL,-1
PSME4,-1
UBR3,-1
SRSF12,0
LRFN2,-1
USP42,-1
KIN,-1
CDH3,-1
EBAG9,-1
CAPN6,-1
RRBP1,-1
NASP,-1
TAF5,-1
SMAD3,1
PTPN23,-1
NOM1,-1
DNAH9,-1
CPEB4,-1
CNTN3,-1
RCVRN,-1
CASKIN1,-1
LOXL1,-1
OR6C70,-1
BEST1,-1
STK36,-1
MMP17,-1
PI16,0
C1S,-1
ANO7,-1
GAL3ST4,-1
PPP6R1,0
FLI1,1
NEK1,-1
PPP1R14C,-1
TSPYL5,-1
DOCK4,-1
ASXL3,-1
PCF11,-1
SMARCA5,-1
TXNRD1,-1
TANK,-1
TLR5,-1
KRT16,-1
GNB1,-1
FHL1,-1
ALX4,-1
ST8SIA2,0
RRAS2,-1
SEMA7A,-1
OR2AG1,0
CENPL,-1
RECQL,-1
SALL1,-1
GRIK2,-1
IQSEC1,-1
MYO5C,-1
ZNF276,0
CORIN,-1
MTIF3,0
BMPER,-1
TMEM119,-1
PPM1A,-1
ZNF783,0
DKK1,-1
ZC3H11A,-1
VCL,-1
ZNF778,-1
POT1,1
CACNA1S,-1
MS4A2,-1
ENPP1,-1
TJP3,-1
SEMA6C,-1
KLC2,-1
DDR2,1
VAPA,-1
PLA2G4F,0
SLITRK2,-1
ZNF517,0
CSNK2A2,-1
KLK14,-1
MYRF,-1
IRX6,-1
OCRL,-1
PLCG2,-1
TUBGCP3,-1
PAX6,-1
IFT81,-1
FBXO43,-1
WDR6,-1
CYFIP1,-1
PALB2,1
HAUS6,-1
UGT2B7,-1
CDK7,-1
MAP3K3,-1
CDC37,-1
GLT6D1,-1
NCAN,0
PHF1,-1
ZNF345,0
CACNA1B,-1
ZNF799,-1
XPC,1
POC1B,-1
COMP,-1
PIK3CB,1
FHOD3,-1
MEFV,-1
ADAM30,-1
MYT1L,-1
NUP153,-1
GAD2,-1
XYLT1,-1
ATR,1
BACE1,-1
ANAPC4,-1
ZNF33B,-1
SLCO6A1,-1
TSSK2,-1
IL10RA,-1
BAZ1A,1
PAX5,1
SNAI3,-1
OLFML3,-1
DSG4,-1
TAP1,-1
RNF216,-1
UBXN7,-1
RCOR3,0
SCN2B,-1
ZNF98,-1
PSMC1,-1
SCIN,-1
TNKS2,0
HJURP,-1
MAP3K4,-1
HNRNPCL1,0
TSHZ2,-1
VGLL2,-1
USP22,-1
UBAP1,-1
RRP12,-1
STXBP5L,-1
ZNF644,-1
TNFRSF1B,-1
TRIP4,-1
HSF4,-1
CNOT3,1
GCC2,-1
CD14,-1
BUB3,-1
NPPA,-1
HNRNPD,0
FOXO3,1
GRIK5,-1
PNRC1,-1
NSA2,0
CTPS2,-1
ASIC5,-1
DNAH7,-1
MED13L,-1
SFSWAP,-1
OR4K15,-1
EN2,-1
CLOCK,-1
RNF181,-1
ARHGEF9,-1
RANBP17,-1
ITGB6,-1
TCOF1,-1
GDNF,-1
AMT,-1
DTX4,-1
PASK,-1
NPC2,-1
GADD45G,-1
OR5B2,-1
TRAV36DV7,-1
CUBN,-1
RAC2,-1
U2AF1,1
ATF7IP,-1
CHRAC1,0
COL18A1,-1
FOXRED2,-1
SCUBE2,-1
BMPR2,-1
YY2,-1
OR8G5,-1
PSMD5,-1
PARP1,-1
KCND3,-1
IRS1,-1
MIER1,0
KIF5C,-1
SLC2A1,-1
CDH9,-1
CAMK2A,-1
ADAMTS3,-1
BCL9L,1
OR5D14,-1
NHLH2,-1
CASP1,-1
NKX3-1,-1
TBXA2R,-1
ABR,-1
BMPR1B,-1
CACNA2D1,-1
GTPBP3,-1
CDH8,-1
NLRP4,-1
PCID2,-1
AK3,-1
ADAR,-1
PYGL,-1
MVK,-1
RAB24,-1
DDX3Y,-1
RASAL3,-1
NRXN3,-1
PCDH9,-1
SLC22A15,-1
CCR7,1
SCAP,-1
IBTK,-1
PIGA,-1
YTHDF1,-1
NOTCH2,1
CACNA2D2,-1
EPB41L2,-1
UTP14C,0
KRT4,-1
CYP27B1,-1
ADAMTS17,-1
NFAT5,-1
GABRA4,-1
ZFP69,-1
TRAV26-1,-1
EVC2,-1
WLS,-1
CSF1R,1
RALGAPA2,0
RPRD2,-1
EPHA2,-1
NXF1,-1
MET,1
RPS11,-1
SEC24C,-1
BIRC6,1
LRIF1,-1
REG4,-1
DOCK8,-1
LAMB2,-1
WDR3,-1
PPP1R12A,-1
MFGE8,-1
ELOVL1,-1
PCDHGB7,-1
KCNF1,-1
GAD1,-1
KRT72,-1
MYBPC1,-1
HTRA4,-1
FUT8,-1
TYRO3,-1
SYT7,-1
MLXIP,-1
EEFSEC,-1
NEK4,-1
ERCC2,1
EPS15,1
BHMT,-1
EPHA3,1
CBLN1,0
PTGS2,-1
CELF2,-1
GRIA4,-1
SNTG1,-1
CHST5,-1
GCNT3,-1
HLA-DRA,-1
FRS3,0
ZNF43,-1
ZIC5,-1
LDLRAP1,-1
IL1RL1,-1
ACACB,-1
RAD52,-1
HHIP,-1
MAP3K12,-1
ZNF410,0
TBL1XR1,1
NUP98,1
ELP2,-1
CYB5R1,0
BAZ2B,-1
CXCL9,-1
TNKS,-1
CLIP1,-1
SLC24A1,-1
SHMT2,-1
INTS4,-1
EMX2,-1
TCEA3,-1
ARID5A,-1
ZNF292,-1
MATN4,-1
ACTL6A,-1
HRNR,-1
PON3,-1
SMARCC2,-1
SLC18A1,-1
GCM1,-1
SLC6A20,-1
NUP43,-1
TRHR,-1
NTSR1,-1
TNR,-1
IGFALS,-1
VCAM1,-1
APOB,-1
ZNF782,-1
TMEM30A,-1
APPBP2,-1
ETFDH,-1
KRT9,-1
SHROOM2,-1
SLTM,0
AP4B1,-1
CHRNA6,-1
LDHC,-1
HIF3A,-1
DDX27,-1
ETV4,1
APPL2,-1
ATP2B3,1
VN1R2,-1
CDH23,-1
LRRC8E,-1
CCRL2,-1
CPT2,-1
CP,-1
GNPAT,-1
HUNK,-1
IMPA1,-1
SEL1L,-1
MACF1,-1
ME1,-1
TAF3,-1
ACVR1B,1
KCNQ2,-1
MAN1B1,-1
LLGL2,0
EEF1A2,-1
SLC26A8,-1
KCNJ10,-1
CCZ1,0
FNIP2,-1
UHRF2,-1
ETV5,1
CDKL2,-1
TLR1,-1
ZNF763,0
ADAMTS16,-1
DHPS,-1
PERP,-1
MUC2,-1
ATP1A4,-1
NEDD4,-1
PLCZ1,-1
ENGASE,0
TACC3,-1
FKBP10,-1
CDHR3,-1
MLH3,-1
BSCL2,-1
RELB,-1
AOC2,-1
LIFR,-1
EVPL,-1
SLC2A8,-1
RHOT1,-1
RTEL1,-1
CRTC1,1
IL31RA,-1
MEPCE,-1
PDSS1,-1
GOT1L1,0
LIMD1,-1
SEMA6B,-1
ITPK1,-1
FHL5,-1
ST8SIA4,0
OLFM4,-1
CCT2,-1
CDC14B,-1
ASCC3,-1
MYH13,-1
CHMP4B,-1
ABCC10,-1
ZC3H4,-1
ZNF443,0
DPYSL4,-1
MRPL15,-1
FCRL6,-1
CHST2,-1
LGI4,-1
LCE5A,-1
DNAJB4,-1
CGN,0
SRPRB,-1
TNNT3,-1
CLPB,-1
TELO2,-1
ANGPTL6,-1
CACNA1C,-1
NGEF,-1
ADAMTSL4,-1
POLA1,-1
PDE2A,-1
ALAS2,-1
NME5,-1
DPP4,-1
HSPG2,-1
ARID4B,-1
NCF4,-1
ZNF841,-1
MAK,-1
CHCHD2,-1
FAF1,-1
NPAS4,-1
NME9,-1
CITED2,-1
APLP2,-1
WTAP,-1
TOP2A,-1
APBA3,-1
ANGPT2,-1
ODAM,-1
RAPGEF6,-1
FASN,-1
CORO7,-1
LBR,-1
MLPH,-1
OR7A17,-1
SPTBN2,-1
TRDN,-1
BMS1,-1
AZU1,-1
TTC7B,-1
PELI1,-1
GAR1,0
TCF21,-1
PTGDR2,-1
EGF,-1
AGER,-1
DCLRE1C,-1
MSH2,1
ZNRF2,-1
ZNF91,-1
OR2T27,-1
SLC25A28,-1
RCC2,0
DRD5,-1
RERE,-1
SSX3,-1
ZNF611,0
PTGS1,-1
GRM2,-1
COL5A1,-1
EIF3B,-1
DIXDC1,-1
NOD2,-1
ACP1,-1
TAB2,-1
AFG3L2,-1
EPHA7,1
DIAPH1,-1
ORMDL1,-1
FLT3LG,-1
PREX2,1
BRPF1,-1
USP19,-1
TRIM72,-1
UBE3B,-1
IGHV4-39,-1
CCDC141,-1
OR4C3,-1
FAHD2A,-1
STYXL1,-1
FAHD2B,-1
SAP130,-1
COG7,-1
MAT1A,-1
CXXC5,-1
SSTR4,-1
OR7D4,-1
DUS1L,-1
RAG1,-1
OR13H1,-1
TRIM33,1
MMRN1,-1
THBS3,-1
EIF2AK3,-1
DMRT1,-1
DOCK1,-1
OSBPL3,-1
PPP4C,-1
COL24A1,-1
MASP1,-1
NAIP,0
AASDHPPT,-1
GFI1B,-1
POLI,-1
TMC1,-1
IDH1,1
MYOCD,-1
ATG3,0
ZNF714,0
EPHA8,-1
ZNF420,-1
GALNT3,-1
THRA,-1
JPH2,-1
WAS,1
FRYL,-1
IL21R,-1
BTAF1,-1
AGBL5,-1
ZBTB22,-1
INHA,-1
HERPUD1,-1
TRPV6,-1
TYR,-1
SRSF4,-1
CRYGD,-1
CNOT4,-1
DDX6,1
CHRD,-1
SLC34A1,-1
BRPF3,-1
DYNC1H1,-1
WNT5A,-1
KCNQ3,-1
SLC5A2,-1
DYNC2H1,-1
ILKAP,0
KEAP1,1
DUSP16,-1
NLRP1,-1
SMAD4,1
PRKD1,-1
FGFR1OP2,0
ESYT2,-1
SIK2,-1
CACNA1F,-1
SOX11,-1
SEMA5B,-1
TLR2,-1
PRKCB,1
PDZK1,-1
IL17RB,-1
LARS2,-1
SERPINE3,-1
CD86,-1
CIT,-1
CEBPE,-1
ADAMTS13,-1
CLCN3,-1
SOX8,-1
FCRL1,-1
KIF20A,-1
ADCY2,-1
IFNW1,-1
ZNF202,-1
SYNPO,-1
SELE,-1
IFT172,-1
PCDHB3,-1
VTN,-1
SBNO2,-1
ATP7B,-1
IGF1R,-1
ZNF24,-1
AKAP13,-1
CR1L,-1
PGM1,-1
MLH1,1
DHCR7,-1
CFHR5,-1
ZNF423,-1
AVPR1B,-1
CD8B,0
GYPC,-1
RAB33B,-1
CPN1,-1
CUX2,-1
CERS3,-1
SV2A,-1
ZNF236,-1
DNAJB11,-1
PRRC2C,-1
ZNF208,-1
SSH1,-1
GPR32,-1
KCNIP2,0
FUT3,-1
MST1R,-1
CSTF2T,-1
SACM1L,-1
STK11IP,-1
CIITA,1
AHRR,-1
MRGPRX4,-1
LINGO1,-1
CASZ1,-1
INPP5B,-1
ZSCAN31,0
PDPK1,-1
ZNF430,0
TRIM25,-1
OR7A5,-1
ACTR3,-1
OR1D2,-1
MMP19,-1
MYH11,-1
L1CAM,-1
IL22,-1
YME1L1,-1
PHKB,-1
GRIK1,-1
HS6ST2,-1
LPAR1,-1
ARHGEF15,0
ZNF727,-1
SOX12,-1
CFHR3,-1
AGL,-1
NOTUM,-1
OR9G4,-1
DHX37,-1
DAO,-1
ARID1A,1
DHX8,-1
MSGN1,-1
SERPINE2,0
GATAD2B,-1
LBH,-1
PCDHB4,-1
ZNF701,0
SPRR3,-1
OR2AT4,-1
TCF7L1,-1
RAP1GAP,0
NPY1R,-1
MCM9,-1
ADCY9,-1
NIPBL,-1
OR4S2,0
TNRC6B,-1
CCAR2,-1
CLASRP,0
MAML2,1
DYRK1B,-1
SNX22,0
ARNT,1
MSH4,-1
IL18RAP,-1
AGAP3,-1
PPARGC1B,-1
TRBV4-2,-1
RFXAP,-1
GRID1,-1
TMF1,-1
OR4L1,-1
CAV3,-1
RXFP1,-1
GABRD,-1
UNC80,-1
OR8K1,-1
TP53BP1,-1
FASTK,-1
ALDH5A1,-1
FZD10,-1
PHLPP2,0
RPF1,0
CYP2S1,-1
CACNB1,-1
LTBP2,-1
PLXNB1,-1
AP3B2,-1
TGFB2,-1
MECR,-1
HIVEP3,-1
NAA20,0
KRT31,-1
SBK2,-1
JAK3,1
CLSTN2,-1
TMPRSS2,-1
TIMM13,-1
NLGN3,-1
NINL,0
ECI2,-1
OMP,-1
CAMSAP3,-1
OR5B12,-1
CHD7,-1
KLK4,-1
POSTN,-1
PPP1R13L,-1
ADAMTSL1,-1
OR2J2,-1
GATAD2A,-1
STK10,-1
BACE2,-1
UBXN2B,-1
PKDREJ,-1
SMARCA1,-1
RHBDL2,0
FARS2,-1
TXLNA,0
EPB42,-1
OR4K2,-1
GIPR,-1
FLT4,1
GREB1,-1
LRIG3,1
SEMA6A,-1
ABCC11,-1
AMIGO3,-1
GJA5,-1
TNFRSF8,-1
FCRL3,0
RALGDS,-1
TSC22D4,-1
LHX9,-1
KLK13,-1
ZFYVE9,-1
SATB2,-1
SLC27A1,-1
RNF13,0
GRM4,-1
DYNC1LI2,0
KANK1,-1
SIPA1L3,-1
BTG4,-1
TNS4,-1
ATP13A1,-1
EBI3,-1
RAMP1,-1
KRT1,-1
OR10P1,-1
HIC1,-1
CMA1,-1
UBE4A,-1
NMNAT1,-1
EPB41L4B,-1
PCDHB5,-1
TINAG,-1
PKN2,-1
MTX1,-1
ZNF816,0
CARS2,-1
LGI1,-1
CWF19L2,-1
PSMC6,-1
WNT6,-1
EGR3,-1
MTOR,1
PGM3,-1
LRRK2,-1
C9,-1
MPHOSPH8,-1
TUBG1,-1
ZNF648,0
GRID2,-1
F12,-1
CNTN6,-1
CATSPERG,-1
ZBTB46,-1
CBX2,-1
AHNAK,-1
PKNOX2,-1
SP4,-1
PSMC2,-1
ISLR,-1
CALB2,-1
NDUFB10,-1
ZC3H12A,-1
GALNT11,-1
EEF2,-1
MBTPS1,-1
LCE1D,-1
GINS3,-1
OR6C76,-1
TFCP2L1,-1
SEPHS2,-1
TNFAIP6,-1
CRLF1,-1
TPH2,-1
CHP1,0
PTCD3,-1
HCLS1,-1
ITPR1,-1
FILIP1,-1
OR2AE1,-1
ZBTB6,0
SCN3B,-1
ANO1,-1
ITIH3,-1
CABP4,-1
CS,-1
SMG7,-1
FZD7,-1
ZNF205,-1
GRIP1,-1
OR8H1,-1
TRIM28,-1
CBFA2T3,1
KPNA5,-1
NT5M,-1
KRT78,-1
BBS1,-1
TOPORS,-1
FTMT,-1
PCK2,-1
NCOR2,1
RIC8A,-1
ADORA3,-1
FGL2,-1
SLC25A20,-1
DDIT4,-1
KCNIP1,0
CERK,-1
CDC42EP3,-1
KCNH4,-1
UPF2,-1
OR5AR1,-1
BRINP1,-1
STAT3,1
ZC3HAV1,-1
PACSIN2,-1
E2F8,-1
COL4A4,-1
EIF5A2,-1
ZNF641,-1
DSG2,-1
GATA2,1
RXFP3,-1
ZNF813,0
RPS27A,-1
TEKT4,0
NAA25,0
CAV1,-1
ACKR2,-1
ACVR2A,1
HS6ST1,-1
KCNH5,-1
KCNH7,-1
LYN,-1
CHSY3,-1
ZNF621,0
FBP1,-1
ZNF628,-1
CLTC,1
TMED10,-1
FGF9,-1
CSRP3,-1
FGFRL1,-1
ZSCAN16,0
LRRFIP1,-1
SPTLC3,-1
HLA-G,-1
SLC26A1,-1
TLR7,-1
ZNF721,0
IL10,-1
MGA,-1
ZIM2,-1
SUPT6H,-1
IGF2BP2,1
MSLN,-1
ST6GAL1,0
DPY19L2,-1
PCDHB8,-1
RSPH6A,-1
PRKCZ,-1
ZNF567,0
AMOT,-1
NTNG1,-1
CCND3,1
MED24,-1
LRCH4,0
RPAP2,-1
TSC1,1
SLC22A4,-1
TRIM10,0
SYNJ1,-1
BARX2,-1
MS4A6A,-1
HSPA4L,0
TG,-1
VN1R1,-1
EXOSC6,-1
USP33,-1
PLEKHG6,-1
ZNF45,-1
SVIL,-1
FGR,-1
OR6M1,-1
OR2T12,-1
ATG7,-1
PTPRJ,-1
BMPR1A,1
ZNF827,-1
CSH2,-1
SND1,1
LONRF1,-1
RUVBL1,-1
NOTCH1,1
BCL6B,-1
DOCK7,-1
FUT1,-1
ABCB9,-1
ATP8B4,0
P2RY14,-1
IRS2,-1
TBC1D7,-1
SETDB1,1
ADAMTSL2,-1
ELF1,-1
MAZ,-1
MDN1,-1
CDH16,-1
FN1,-1
GCC1,-1
PEX1,-1
PLOD3,-1
HECTD1,-1
CLASP1,-1
RREB1,-1
OR10C1,-1
MKI67,-1
PRKCSH,-1
SLC2A5,-1
MTG2,0
OR51G1,-1
GPR17,-1
AWAT2,-1
PRKAA2,-1
HTR3B,-1
GRHL3,-1
DOK1,-1
MTMR3,-1
CCDC8,-1
RYR1,-1
CPXM1,-1
FBXO5,-1
BARHL2,-1
ACTBL2,-1
COL21A1,-1
CA12,-1
ECD,-1
DDHD1,-1
PKD2L1,-1
MRTO4,0
PBXIP1,0
DNAJC10,-1
PBRM1,1
SLITRK3,-1
SIPA1L2,-1
OR5L2,-1
CDC25B,-1
SERPINB2,-1
ST8SIA1,0
RIMS2,-1
ZNF99,-1
IGKV1-9,-1
HSPA14,-1
TRAIP,-1
CELSR2,-1
GJC2,-1
VDAC1,-1
QKI,1
MYH10,-1
FBXW11,-1
RXRG,-1
CCDC88A,-1
SEC61A1,-1
GNGT1,-1
GNAO1,-1
COL6A1,-1
GOLM1,-1
CDCA7L,-1
DDI1,-1
SKAP1,-1
COL20A1,0
MTCP1,1
ECSIT,0
PCDHGA5,-1
FCGR2A,-1
WDR77,-1
SPTLC1,-1
CELSR3,-1
XRCC2,-1
SNX4,-1
SEC24D,-1
PRKCG,-1
ALPK2,-1
IGKV1D-43,-1
GREM2,-1
TAS2R19,-1
INO80,-1
DHX38,-1
NRXN1,-1
CDC7,0
TACR3,-1
ZNF432,0
FSCN2,-1
ZNF462,-1
ARHGAP10,-1
NAT10,-1
KRT3,-1
NOD1,-1
CHST8,-1
OR2B11,-1
SERINC1,-1
POTEF,0
MIPEP,-1
ASXL2,1
ARHGAP39,-1
DDX19B,0
IL17RC,-1
IGSF5,-1
RGS12,-1
PTPN5,-1
OR6K2,-1
ZNF615,0
SETD1A,-1
ZNF250,0
UFL1,-1
PPIP5K2,0
ITGA6,-1
GOLGA4,-1
PARP14,-1
METTL14,-1
OR7A10,0
JAM2,-1
EFCAB7,-1
BTLA,-1
ZFYVE26,-1
PSRC1,-1
SLC17A8,-1
FRS2,-1
AQR,-1
LRRK1,-1
NDC80,-1
PGC,-1
ACO1,-1
PLG,-1
SCN7A,-1
TMBIM6,-1
SRCAP,-1
OR13C2,-1
RHO,-1
PPHLN1,-1
DEPDC1,-1
PRDM10,-1
RPUSD4,-1
KIF3B,-1
WDR70,-1
ACAN,-1
SH3RF1,0
NEU2,-1
SLC6A6,-1
CENPE,-1
VAV3,-1
NRCAM,-1
FADS2,-1
LRRN2,-1
HLF,1
ZHX2,-1
DPYSL2,-1
RIPK1,-1
B4GALT1,-1
ERGIC3,-1
KRT24,-1
FRY,-1
KIRREL2,-1
TFAP2B,-1
ZNF578,0
LHX4,-1
GRIN3A,-1
OR13D1,-1
GLG1,-1
VANGL2,-1
ZBTB7C,-1
EPHB3,-1
CATSPERD,-1
REG3G,-1
ZNF17,0
GALK2,-1
MARCO,-1
PCDHA10,-1
STK39,-1
VCPIP1,0
SLC5A10,-1
DNAJC24,-1
BMP2K,-1
SPPL2A,-1
NR4A3,1
NTRK1,1
MTA2,-1
ZNF37A,-1
IGKV2D-30,-1
KRT12,-1
OR4A15,-1
RAI1,-1
TRPC1,-1
IGHV2-70,-1
ITGAL,-1
ALDH1L1,-1
KMT2E,-1
GJA3,-1
ARHGEF2,-1
ZNF576,0
TRRAP,1
ZNF23,-1
SCD,-1
ANKRD17,-1
SUPT16H,-1
ABCC3,-1
HEATR3,-1
AGFG1,-1
OR6K6,-1
IL17A,-1
KCNQ5,-1
TRPM2,-1
PDCD6,-1
ZNF157,-1
SH3D19,-1
GALNS,-1
CDC16,-1
STK4,-1
CCR5,-1
IKBKE,-1
SGCZ,-1
RLBP1,-1
MAS1,-1
PAN3,-1
TNFRSF1A,-1
TOX4,-1
RPRD1B,-1
PKD1,-1
ABCA9,-1
TGFB1I1,-1
KIAA0753,-1
DDX31,-1
GPATCH1,0
STRIP1,-1
XPO5,-1
BMP8B,-1
FMO4,-1
FGD2,-1
TESC,-1
LHX6,-1
SLC44A5,0
ZNF583,-1
RHNO1,-1
DUS3L,-1
MYL1,-1
MGLL,-1
MYRIP,-1
APOL4,-1
MTHFR,-1
MBNL3,-1
OSBPL10,-1
PIAS3,-1
PDE6B,-1
SLC28A1,-1
ZDHHC14,-1
PLCH2,-1
ZSCAN23,0
CAT,-1
AQP2,-1
PARK7,0
MLLT4,-1
CDC45,0
KPNA6,-1
PDE1C,-1
MRGPRX1,-1
KCTD10,-1
CLEC14A,-1
ENTPD3,-1
KCNK10,-1
DNAJC2,-1
ARID1B,1
LAMA1,-1
HAPLN1,-1
MTMR6,-1
RASAL2,-1
HSD17B3,-1
SNRPB2,-1
ETV3L,0
DMBX1,-1
OR5T2,-1
MADD,-1
ITPKB,-1
PEX3,-1
UBQLN1,-1
PPM1K,-1
COL11A1,-1
CKMT2,-1
HECTD3,0
CLIC2,-1
PES1,-1
PIP4K2B,-1
SORBS1,-1
GHRHR,-1
PTPRD,1
MYL12B,-1
NCAPH,-1
BTG3,-1
RANBP3,-1
JAG2,-1
GRIN2C,-1
AKT1,1
BMX,-1
AKAP9,-1
ZNF518B,-1
ZBTB32,-1
CLCA2,-1
PDE4A,-1
F11,-1
ALDH1A1,-1
DENND1A,-1
IGHV1-58,-1
ARPC5L,0
MARK2,-1
MKRN1,-1
SEH1L,-1
GLYCTK,-1
ADNP,-1
SPARCL1,0
MRPS28,-1
MAB21L1,-1
SPICE1,-1
SGSH,-1
SSX7,-1
LILRA1,-1
TIA1,-1
AMPD2,-1
GPR132,-1
XRN1,-1
USP29,-1
BRCA1,1
HCN4,-1
GFAP,-1
ARID5B,-1
ARL2,-1
DLGAP2,-1
ARHGEF40,0
PAPPA,-1
HSPA2,-1
GLUD2,-1
MAST4,-1
CTNNB1,1
MKRN3,-1
PAIP2,-1
SMPD2,-1
TNC,1
ZBTB18,-1
KCNB1,-1
IL7R,1
POLG,1
SHPRH,-1
SEC63,-1
ZRSR2,1
SNX1,-1
CORO1A,-1
MMP9,-1
CTPS1,-1
TRPM6,-1
FHOD1,-1
BRAF,1
BCL11B,1
ULBP1,-1
DTX2,-1
AHSG,-1
SNX31,-1
ZFPM2,-1
PCDHGA6,-1
OR1Q1,-1
KRI1,-1
TNXB,-1
ATP6V1C2,-1
IMP3,-1
SHANK3,-1
RASEF,-1
AMZ2,-1
NEO1,-1
ATG9A,-1
PHF3,-1
NEURL4,-1
CNGA2,-1
LILRA6,-1
TUBGCP4,-1
GARNL3,-1
KDR,1
ZNF845,0
SORBS2,-1
ZNF337,0
DLGAP3,0
PRX,-1
LRP1,-1
OPRL1,-1
GAS8,-1
DDX60,-1
GPR18,-1
TBC1D8B,-1
EPB41L5,-1
TIMM17A,-1
GLB1,-1
SULF2,-1
STAB1,0
CSDE1,-1
ABCA8,-1
MKS1,-1
UBE2F,-1
CCDC88C,-1
ZFP57,-1
CDH6,-1
PDE6D,-1
MAP2K7,-1
ADCY8,-1
MUC17,-1
SNX33,-1
SULT4A1,-1
KCNJ16,-1
SLC22A2,-1
SPRED2,-1
COPS7B,-1
PCDHB16,-1
CD40LG,0
TMEM132A,-1
DHTKD1,-1
KCNQ1,-1
ROR1,-1
PCDH1,-1
PRPF38B,0
ZNF683,-1
PTP4A2,-1
ATP8A1,0
SH2D1B,-1
ADD2,-1
ALDH1B1,-1
PIK3R5,-1
ETNK1,1
RBM27,-1
PIK3R1,1
UGGT2,-1
LY9,-1
THOC5,-1
TBCK,-1
OPCML,-1
EXT1,1
PPP3CA,-1
MX1,-1
DNM1L,-1
KCNG4,-1
CENPC,0
ATP9A,0
ATG4B,-1
CNR1,-1
STK24,-1
ITGA8,-1
MYO15A,-1
TMPRSS9,-1
IGFBP3,-1
PANX2,-1
SEMA4A,-1
PCSK2,-1
SMAD7,-1
PGM2,-1
SYN3,-1
APTX,-1
REL,1
KLHL20,-1
PCDH11Y,-1
TEX15,-1
SDF2L1,-1
PTPRU,-1
MYO1D,-1
SMARCC1,-1
PTEN,1
ACTL7B,-1
USP16,-1
ANO9,0
CLEC4F,-1
TBC1D10C,-1
PSD,-1
OR4N2,0
AP4E1,-1
UBAP2,-1
TRPM4,-1
AKAP8L,-1
RALGAPA1,-1
CD226,0
PRM3,-1
BAZ1B,-1
SH3GL1,1
ZSCAN10,-1
OR4X2,-1
CDH20,-1
RIF1,0
FASLG,-1
EFNB3,-1
FCRL2,0
KCNC1,-1
TRAC,-1
APBB2,-1
USP11,-1
TNFRSF10D,-1
IL12A,-1
RBM17,-1
CHI3L2,-1
SRRM4,-1
ARNT2,-1
MUC5B,-1
SEC22A,-1
DACT1,-1
RHBDF1,-1
CRMP1,-1
OTUD3,-1
ZNF367,-1
BTBD6,0
IGHMBP2,-1
ZNF626,0
ZNF777,-1
NR1I2,-1
ADRA1D,-1
OXCT1,-1
IFT140,-1
EIF2B1,-1
STARD13,-1
OTUD7A,-1
C6,-1
CNDP1,-1
ATP6V0D2,-1
TGFBI,-1
PLA2R1,-1
P4HA2,-1
ICMT,-1
SPARC,-1
CYP11B1,-1
TRUB2,-1
OR10H2,-1
EPX,-1
RNF139,-1
CRYBB2,-1
MYH4,-1
PCDHA2,-1
CYP2F1,-1
DNMT3B,-1
PPP1CA,-1
NMUR2,-1
HCRTR2,-1
DMXL1,-1
DYNLT1,0
IRX1,-1
EDF1,0
UGT2B4,-1
UNK,-1
CACNA2D4,-1
NRP2,-1
CDK14,-1
EI24,-1
FBLN2,1
CENPF,-1
TNFRSF6B,-1
AGO3,0
KCNA5,-1
SNRPA1,-1
BSN,-1
SOCS5,-1
EXOSC9,-1
ABCB4,-1
SOX5,-1
PPP2R3C,0
AGPAT4,-1
PFN2,-1
HRH4,-1
NTF3,-1
LAMB4,-1
SLC16A7,-1
BIN2,-1
RAD21,1
ZC3H13,-1
RPUSD1,-1
ADAMTS14,-1
ROBO2,1
ZBTB9,0
TRPS1,-1
COL11A2,-1
SYNCRIP,-1
MCM3AP,-1
CRHBP,-1
FBXL17,-1
MUTYH,1
INO80B,-1
OR6T1,-1
NUP107,-1
LRRC4C,-1
DPEP1,-1
F2R,-1
COL1A1,-1
WIF1,1
CDH10,1
DCAF10,0
SYT10,-1
RAPH1,0
PKD2L2,-1
BDKRB1,-1
ADH1B,-1
MAGEC1,-1
DBF4,0
CHRDL2,-1
FBXW10,-1
TLN1,-1
GABRA5,-1
FUT4,-1
CLGN,-1
ALAS1,-1
ATMIN,-1
RBFOX1,-1
CLEC7A,-1
EML2,-1
JMJD1C,-1
CSGALNACT1,-1
ALOXE3,-1
CD48,-1
MYH3,-1
TPSG1,-1
SLC8A1,-1
RABGAP1,-1
TSHR,1
ZNF732,0
SLC25A38,-1
RORA,-1
GRIN1,-1
DNAH3,-1
KLF4,1
CSTF3,-1
PRKAR1A,1
HAPLN4,-1
MCC,-1
RUFY1,-1
AIFM2,0
MYCBP2,-1
KDM6B,-1
SESN2,0
ANG,-1
ATP11B,-1
GIMAP1,-1
TRAF2,-1
PCDHA9,-1
DNAH1,-1
OR51E2,-1
TMC3,-1
OPRM1,-1
RASGRF1,-1
GOSR1,-1
IL1RAP,-1
CSN2,-1
RNF20,-1
TFRC,-1
SERPINA1,-1
GRHL1,-1
PDGFRB,1
KLK9,-1
TAGLN2,-1
OR2C1,-1
WNT7A,-1
KRT79,-1
MAOA,-1
DLG2,-1
NFATC1,-1
CYB5R4,-1
PRPH2,-1
RAC3,-1
SYNPO2,0
GRK4,-1
SYK,1
HCN3,-1
SSTR1,-1
TSC2,1
TAF13,-1
NSMAF,-1
GJA1,-1
ASB17,-1
RALBP1,-1
KLF5,-1
ZNF646,0
ASPM,-1
ALPI,-1
PRICKLE1,-1
RPL8,-1
KIFAP3,-1
PIGT,-1
OR4M2,-1
B4GALT6,-1
LCE2A,-1
USP47,-1
FOXK2,-1
CCKAR,-1
DPP6,-1
SGCD,-1
RPE65,-1
TOPBP1,-1
B3GALNT2,-1
DHRS7,-1
PCGF2,0
HSPH1,-1
ARHGAP22,-1
OR4K14,-1
CEP57,-1
PREP,-1
OR2G6,-1
PELO,-1
PIK3R6,-1
SEPHS1,-1
OR6N1,-1
NLGN4Y,-1
EML4,-1
PON1,-1
XPO4,-1
LDB3,-1
DNMT1,1
SCMH1,-1
LRP2,-1
VAX1,-1
PRKCH,-1
ZNF92,-1
PPIP5K1,-1
EDA,-1
LCP1,-1
CA2,-1
SAMD4A,-1
THBS1,-1
NPLOC4,0
CNTNAP1,-1
NPC1,-1
OR2T4,-1
PTK7,-1
GABRE,-1
GALNT14,-1
DPYS,-1
CEP350,-1
TCERG1L,-1
LCE2B,-1
HLA-F,-1
POU3F4,-1
HDAC9,-1
MYH9,1
COL9A3,-1
PLK3,-1
KDM6A,1
SF3B5,-1
KCNB2,-1
XPO6,-1
CLDN9,-1
RBM15,-1
DAAM1,-1
DENND4A,-1
UGDH,-1
SLC39A5,-1
LRFN3,-1
UBA2,-1
LDLR,-1
PTK2,-1
USP31,-1
ZNF568,-1
ETV3,-1
METTL23,-1
CA14,-1
TPTE2,-1
MBD5,-1
ACP5,-1
ACACA,-1
DYRK1A,-1
AHI1,-1
BEST2,-1
USF2,-1
ARL1,-1
ATL3,-1
ITGAV,1
TEAD3,-1
TTBK1,0
TNPO2,-1
ZNF184,-1
LIME1,-1
MPHOSPH10,0
STRIP2,-1
DNAH10,-1
ARIH2,-1
INPPL1,-1
RYR3,-1
UNC13C,-1
ZMYM3,1
CNGB3,-1
DOCK9,-1
ZNF143,-1
TRIM9,-1
FKBP4,-1
SHANK1,-1
FMO1,-1
DDX53,0
MMP11,-1
ACTR5,0
KCNE3,-1
FARSB,0
GNA13,-1
CAMKMT,-1
CLN5,-1
UNC5D,-1
SOCS6,-1
RBM45,-1
CCNE2,-1
OR4C6,-1
LRPAP1,-1
ZNF180,-1
ARG2,-1
PHF14,-1
TYW1B,-1
UBE2L3,-1
EFTUD2,-1
CRB1,-1
NAA15,-1
RNASEL,-1
FBXO27,-1
FPR2,-1
CDC40,-1
SFRP2,-1
ETV2,-1
AGA,-1
TRPC5,-1
CDKN2A,1
ZNF749,-1
CHST11,1
PI4KB,0
PROX1,-1
CD3D,-1
MC3R,-1
UBXN10,-1
ZNF224,-1
ZNF571,0
PPIL4,-1
ALX3,-1
TMPRSS11D,-1
EPPK1,-1
MED14,-1
SRGAP3,-1
MC4R,-1
GABRR2,-1
PCDH11X,-1
CREBBP,1
GPC4,-1
CIAPIN1,-1
HP1BP3,-1
NYAP1,-1
PADI4,-1
TMPRSS6,-1
DNASE2,-1
LCN2,-1
DCHS2,-1
DHCR24,-1
GEMIN4,-1
PDE3B,-1
CPS1,-1
IFT88,-1
HYPK,-1
CALCOCO1,0
LGR6,-1
PARVB,-1
BRS3,-1
SCN3A,-1
MAST2,-1
PSME1,-1
CEP164,-1
NLRP12,-1
NPAT,-1
TEX14,-1
HAS2,-1
FLNA,1
FRK,-1
TNF,-1
PIK3CA,1
A2M,0
UBE2S,-1
PRKACA,1
HIP1R,-1
TRA2A,-1
PCDHB12,-1
PRDM2,1
LHX2,-1
RDH8,-1
HTR1A,-1
APC,1
OR4A5,-1
ATG14,-1
ANKZF1,-1
ZNF131,-1
OR4D6,-1
IQGAP2,-1
DDX46,-1
LRRTM1,-1
ZNF282,-1
INTS7,-1
PCDH10,-1
LIG3,-1
PCDHB7,-1
KERA,-1
TAF1D,-1
CD109,-1
CCNF,-1
EXOSC5,-1
EDC4,-1
SF3B1,1
MSX2,-1
FLOT1,-1
ADAMTS2,-1
SIRPA,1
NR1D2,-1
ABCB11,-1
VAV1,1
IPPK,0
PCDHA8,-1
ALOX12B,-1
PLD1,-1
VPS13A,-1
HSP90AA1,-1
ANO3,-1
DLGAP4,-1
CEBPZ,-1
FCER1A,-1
OR4D9,-1
BPI,-1
GLUL,-1
EML3,-1
PLXNC1,0
STARD8,-1
HMGCR,-1
PIK3CD,-1
EIF3D,-1
GFPT2,-1
RUFY3,-1
SORT1,-1
NID1,-1
CD46,0
NEDD1,-1
PCDHB2,-1
OR2M4,-1
KIR3DL1,-1
QTRT1,-1
TICAM1,-1
ZBTB16,1
ZNF484,0
RPS6KC1,-1
CHST12,-1
AP5Z1,-1
TAS2R5,-1
MCPH1,-1
SEMA4G,0
ZFP42,-1
DLG4,-1
FAM170A,-1
RXFP2,-1
ZNF19,-1
FOXN2,0
TUBB3,-1
ATP2B1,-1
METTL21C,-1
TNFRSF21,0
TIMELESS,-1
OR4S1,-1
SLC30A10,-1
SPTA1,-1
TTC26,-1
LIN28B,-1
PIP5K1C,-1
PIGQ,-1
EHBP1,-1
TBX1,-1
PCDHB11,-1
RPL37,-1
PRUNE2,-1
SLC44A4,-1
PDP2,-1
RNF149,0
ABCG1,-1
SEMA6D,-1
ROBO1,-1
GRM5,-1
HAUS4,-1
TSN,-1
SLC6A3,-1
MYBPC3,-1
NUMB,-1
HMBS,-1
CLDN20,-1
PASD1,-1
BRWD1,-1
ADRA2C,-1
FYCO1,-1
RFTN1,-1
GATC,-1
BCL9,1
WDSUB1,0
POU4F2,0
DNM2,1
PAPPA2,0
KCNS1,-1
PCDH8,-1
CACNA1D,1
FCGR2B,1
CA4,-1
RRAGA,-1
TAAR2,-1
CXCL16,-1
MCMBP,-1
SERPINF2,0
EXOC6B,-1
MED15,-1
ERBB3,1
TNKS1BP1,-1
FCRL5,0
ZNF395,-1
GABRG2,-1
SPINK5,-1
SQLE,-1
ZFP37,-1
MECOM,1
AP2A1,-1
MCM3,-1
LILRA4,-1
ACOT12,-1
CWH43,-1
TFAM,-1
MIA3,-1
SP2,-1
CHGA,-1
TRPC3,-1
PAQR8,-1
TRBV6-6,-1
VPS35,-1
UBR2,-1
NCOR1,1
TAF15,1
CDKN1B,1
ELMO3,-1
SLC9A9,-1
DUSP1,-1
CRAT,-1
UBAC1,-1
BAG1,-1
CDH12,-1
BICD2,-1
CAPNS1,-1
COLEC12,-1
PDGFB,1
SASH1,-1
MAD2L1,-1
KLHL18,-1
USP12,-1
PTH1R,0
S1PR2,-1
HRAS,1
DNM1,-1
FGFR3,1
SLC12A1,-1
FOXA3,-1
EIF5B,0
SLC6A11,-1
MCM4,-1
WFS1,-1
TBC1D17,-1
KAT6B,1
IGKV1-8,-1
SIGLEC9,-1
S100A8,-1
AMBRA1,-1
XIRP2,-1
LGI3,-1
MRPS10,-1
ANKRD1,-1
ZNF318,-1
STAT2,-1
TACC2,-1
ITGA9,-1
CPEB3,1
PARN,-1
DGKA,-1
FOXD4L5,-1
TSG101,-1
OPN1LW,-1
MYOT,-1
TET1,1
EVI2B,-1
HMG20B,-1
SLITRK1,-1
GLP2R,-1
SENP6,-1
CORO2B,-1
OSBPL6,-1
MTMR4,-1
GSK3B,-1
LARP4,-1
CDC6,-1
DDX47,-1
PAF1,-1
JADE3,0
KCNJ4,-1
CIDEC,-1
OR4N4,-1
TRIM5,-1
IGLV3-27,-1
RECQL5,-1
ABCA1,-1
CALCRL,-1
MLEC,-1
RBM12B,-1
KLHL13,-1
PLEKHG1,-1
DPYSL5,-1
HIPK2,-1
EVI5L,-1
PSMD7,-1
TRPC4,-1
RDH16,-1
ARHGAP21,-1
CST5,-1
ZNF326,-1
METTL6,-1
MARK4,-1
ATRX,1
SP1,-1
TUBA1A,-1
KDM3B,-1
CSRNP1,-1
PREB,-1
TTC7A,-1
GGNBP2,-1
IRF4,1
PPP1R8,-1
KCND2,-1
DAB1,-1
ARHGAP32,-1
SNW1,0
DDRGK1,-1
APC2,-1
TBC1D2B,-1
GLYR1,-1
HNRNPH1,0
CKAP2L,-1
SNTG2,-1
NPC1L1,-1
ABCA7,-1
SEMA3G,-1
FKBP15,-1
TNP1,-1
RGMB,-1
USP26,-1
ING1,-1
HBG2,-1
ANKRD28,-1
GJA4,-1
MCTP1,-1
KMT2B,-1
SYNRG,0
OSBPL5,-1
IL21,-1
UBQLN4,-1
LPIN1,-1
DDX39B,-1
RNF113A,-1
IQGAP1,-1
OCA2,-1
ADCY5,-1
ASIC2,0
PI4K2A,-1
DCAF5,-1
IPO8,-1
CLCN6,-1
SREBF2,-1
HOXD8,-1
EPC2,-1
CD79A,1
KCNA4,-1
ZBTB7B,-1
GLDC,-1
PARP9,-1
ZNF713,-1
TNRC6A,-1
GNAZ,-1
GAN,-1
DOCK11,-1
CREB3L4,-1
IFT122,-1
TNFAIP2,-1
MMP25,-1
ZNF319,0
KRT81,-1
TRIP13,-1
PRAM1,-1
STAC2,-1
C5,-1
SCEL,-1
MAMSTR,-1
ARHGAP44,-1
UBLCP1,-1
WASF1,-1
VSIG4,0
PCDH19,-1
AVPR1A,-1
MYBL2,-1
TYRP1,-1
CD8A,-1
PLAA,-1
KBTBD6,-1
IGKV2-30,-1
OR4C16,-1
BMP4,-1
MYLIP,-1
SLC3A2,-1
EIF2AK4,-1
ERCC3,1
CYTH2,-1
KIF20B,0
PRDM9,-1
EIF3L,0
PUM1,-1
FKBP6,-1
LCT,-1
DNAI1,-1
FMNL3,-1
MRPS30,-1
PSG2,-1
BOLA1,-1
CD40,-1
PHC2,-1
ADCY4,-1
ZNF790,0
TNIK,-1
DLL3,-1
TAS1R2,-1
HRG,-1
PTCH1,1
MTMR7,-1
LOXL2,-1
EPHB2,-1
SLC6A5,-1
OR13C3,-1
FCGRT,-1
NFX1,-1
PACSIN1,-1
GAS2L2,-1
SCARB2,-1
BUB1B,1
CELF4,-1
RB1,1
PAG1,-1
KIFC1,-1
PDILT,0
MZT2B,0
HOXB5,-1
GTF2E2,-1
MYSM1,-1
EFEMP2,-1
COLGALT1,-1
CYP1A1,-1
DTX3L,-1
RPS6KA4,-1
GBP7,-1
U2SURP,-1
LSS,-1
OR1K1,-1
MAPK8IP3,-1
FMNL1,0
TRIM67,-1
PLCL1,-1
COPZ2,-1
FLRT3,-1
MYH7B,-1
TACR1,-1
ACBD5,-1
GAL3ST3,-1
ACSM2B,-1
SET,1
CCL17,-1
UNC5B,-1
VPS16,-1
ZNF418,-1
B3GNT8,-1
GMIP,-1
FANCD2,1
PFKM,-1
ABCA12,-1
CYP4F12,-1
NFATC2,1
KNSTRN,1
AKR1D1,-1
PRPS1L1,-1
COL14A1,-1
METTL17,-1
FOXA1,1
FBLN1,-1
AP1M2,-1
BPIFB3,0
PALMD,-1
PDGFD,-1
PDK1,-1
SCN9A,-1
TRPV3,-1
KRT38,-1
PRMT1,-1
BCL11A,1
SSTR2,-1
ETF1,-1
EIF4G2,-1
ZNF3,-1
NELFB,0
UACA,-1
KRT77,-1
DDX18,-1
TRAPPC6B,-1
CDCA2,0
MYO16,-1
ZNF619,-1
OSGIN1,-1
ATP2A1,-1
DOCK10,-1
CDK5RAP3,-1
CC2D1A,-1
OR10A3,-1
DONSON,-1
CPLX1,-1
URB2,-1
RAET1E,0
CLEC4C,-1
IRAK3,-1
LRIG1,-1
FZR1,0
EEF1E1,-1
EHD4,-1
PKNOX1,-1
NPHP4,-1
SLC44A2,-1
CKAP5,-1
PIGR,-1
ZBTB2,-1
FOXL1,-1
ANK1,1
GZMK,-1
TLR10,-1
IFT27,-1
MYO7A,-1
ZNF629,0
LGI2,-1
NPNT,-1
SLC9A2,-1
RAB8B,-1
SORCS3,-1
FANCB,-1
MLLT10,1
SLC4A8,-1
SHMT1,-1
PLAGL2,-1
TIMM22,-1
ZNF746,-1
SMCHD1,-1
TAAR6,-1
SSRP1,-1
MPDZ,-1
NNT,-1
AKR7A2,-1
CENPI,0
RASD1,-1
LRP6,-1
TSPAN7,-1
DHX29,-1
CABP2,-1
HSPB3,-1
PRIM2,0
NACA,-1
COL8A2,-1
NFASC,-1
KCNJ8,-1
PPFIA1,-1
DBX2,0
BRIP1,1
PHIP,-1
PCDHA6,-1
PML,1
CD83,-1
GALNT15,-1
PSMA2,-1
AP2B1,-1
LARP1B,-1
CASP7,-1
TGFBR1,-1
VPS13D,-1
UCP1,-1
LPL,-1
OR2T3,-1
CDH22,-1
IPO5,-1
NEMF,-1
SSTR5,-1
OR1S2,-1
AHSA1,-1
NRG3,-1
CBX8,-1
ARFGAP1,-1
MLC1,-1
TOR2A,-1
DOK2,-1
ZNF594,0
SEMA3C,-1
ZNF599,0
LNPEP,-1
NCOA5,-1
NRAP,-1
HOXD4,-1
OR51M1,-1
NONO,-1
LRCH1,-1
EBF2,-1
LONP1,-1
HEATR5B,-1
RAD17,1
LRG1,-1
STEAP3,-1
ANKRD27,0
PHKA1,-1
ATP10A,-1
PLEC,-1
OR6B3,-1
EDNRA,-1
TEK,-1
MAP4K4,-1
PLAT,-1
CTSC,-1
RMI1,-1
NELFCD,0
ACAP1,-1
SMARCB1,1
SH3BP2,-1
PRPF8,-1
ZNF770,-1
MCHR1,-1
PLEKHG4,-1
TAF5L,0
EGR1,-1
TBC1D5,-1
MOS,-1
FLRT2,-1
EIF5A,-1
OR51S1,-1
GSKIP,-1
KPNA1,-1
KIF24,-1
PABPC3,0
CDH11,1
UGT2A3,-1
LTBP4,-1
CASR,-1
NPY2R,-1
ALCAM,-1
SLC17A7,-1
DNAH6,-1
LILRA3,-1
PLA2G4D,-1
RNF43,1
SMC1A,1
NRK,-1
VTA1,0
SPOCD1,-1
TTLL1,-1
ITK,-1
CEACAM7,0
SULT1C3,-1
GCK,-1
TLR8,-1
XCL1,-1
SCN2A,-1
PSMA6,-1
MAGEL2,-1
TANC1,-1
ZNF544,0
GPR26,-1
CHAMP1,-1
ABLIM1,0
ETV1,1
GPBP1L1,0
WSB2,-1
NRP1,-1
UTRN,-1
ZNF76,-1
LILRA2,-1
SMARCE1,1
CEP192,-1
SUFU,1
PCDHGA11,-1
LRRC4B,0
ZC3H12D,-1
MBD1,-1
TAGAP,-1
CSE1L,-1
PSMG3,-1
SYDE2,0
KCNS3,-1
TCERG1,-1
NGF,-1
RAB11FIP5,0
LRRC49,0
DHX30,-1
CDH5,-1
BET1,-1
PLCE1,-1
UGT2B17,-1
CNOT7,-1
PTPN14,-1
MYO9B,-1
COG1,-1
IL36RN,-1
HTR6,-1
AMPD1,-1
P4HA3,-1
ZSCAN5B,0
GAK,-1
CPM,-1
RP1,-1
TMEM50A,-1
WDR46,-1
IGHG1,-1
INTS1,-1
KCNV1,-1
PFKFB1,-1
DAB2,-1
HKDC1,-1
RFX7,-1
TOP3B,-1
TLL1,-1
MSL2,-1
PLEKHG3,-1
MOV10,-1
SETX,-1
TP53BP2,-1
HTR1D,-1
ZBTB40,-1
TMC8,-1
RNF138,-1
ZNF483,-1
GNAL,-1
ADAD2,-1
SCARA5,-1
TDRKH,0
CDS1,-1
ZNRF4,-1
OR10J1,0
CYP2C18,-1
KIF1C,-1
GRAMD1A,-1
NUP37,-1
ZNF800,0
INTU,-1
SERPINA3,-1
IFT43,-1
ANPEP,-1
ZFYVE28,-1
SNX17,-1
ZNF595,-1
HOXD9,-1
SLC22A11,-1
DEF8,-1
MTAP,-1
GRM3,1
KCNH3,-1
MUC16,-1
GOLGA5,-1
GRK7,-1
PLEKHG4B,-1
INSIG1,-1
GRIK3,-1
SMARCD2,-1
CRYBB3,-1
KRT37,-1
MDM4,1
THADA,-1
PHF2,-1
GALNT10,-1
ORC3,-1
STMN2,-1
HNF1A,1
FOXD2,-1
KLKB1,-1
MCM6,-1
PIH1D1,-1
ADRA1A,-1
SCFD1,-1
DVL3,-1
DLX3,-1
IL24,-1
NDST1,-1
RAI14,-1
MACC1,1
MGAT4C,0
ZNF516,-1
EPN1,-1
COL25A1,-1
TRIM37,-1
EIF4G3,-1
PCDHB14,-1
DLG5,-1
RUVBL2,-1
TNIP3,-1
PCDHA1,-1
TYMS,-1
ZBTB3,0
SYMPK,0
TRIM71,0
CLDN15,-1
ARHGEF1,-1
IPMK,-1
OR5P3,-1
NETO1,-1
GRM8,-1
SGIP1,-1
TRIM6,-1
GNPTAB,-1
GJB4,-1
NPAS2,-1
TRIM40,-1
NR2F2,-1
RAB5C,-1
SIGLEC11,-1
CUL5,-1
PRKAG1,-1
RPA1,-1
GRAMD4,-1
CYP7B1,-1
AP3M1,-1
LRFN1,-1
PDE7A,-1
ESCO2,-1
MBD6,0
CUL2,-1
SOS1,-1
SETD5,-1
REV1,0
ZNF592,-1
MYH14,-1
ZNF653,-1
IL13RA1,-1
SLC29A2,-1
NLRP7,-1
GJB2,-1
FOSB,-1
ARID3A,0
DHFR,-1
DDX56,-1
POLR2A,-1
RBM22,-1
SNAPC1,-1
MCM2,-1
CCL7,-1
DIS3,-1
PBX1,1
BCAR3,-1
EWSR1,1
MYO7B,-1
FCAMR,-1
TCF20,-1
CA5A,-1
SUPT20H,0
OTOF,-1
SPRR1A,-1
SYVN1,-1
KRT82,-1
SEMA4F,0
PMPCA,-1
EFNA5,-1
FLT1,-1
CYP4F3,-1
ARID2,1
TIPARP,-1
CTSO,-1
ARHGEF17,-1
SYCE2,-1
SH3GLB1,0
EPB41L3,-1
CHRM2,-1
PATZ1,1
LRIG2,-1
CRK,-1
PRSS8,-1
WDR7,-1
SCYL3,-1
MRPS25,-1
CPT1A,-1
MFN2,-1
FUNDC2,0
PRRX1,-1
RCL1,-1
OR6K3,-1
FBXW8,-1
SERPINB1,0
KDM2B,-1
LETM1,-1
PCDHB15,-1
SLC30A6,-1
ECHS1,-1
OR9I1,-1
TNFRSF11B,-1
CMKLR1,-1
JUP,-1
NMS,-1
RAB3C,-1
ITGAD,-1
CPD,-1
EDN2,-1
GIGYF2,-1
RNMT,-1
UNC13A,-1
HSPA1L,-1
L3MBTL4,-1
CCT3,-1
DNAH5,-1
MEMO1,-1
KIF18B,-1
KCNU1,-1
KCNG2,0
PLCB1,-1
GJA8,-1
SYNE2,-1
IRF6,-1
HPS6,-1
PLXNB3,-1
USP46,-1
PNPLA1,-1
SSTR3,-1
ITGAX,-1
ZNF573,0
PDE4DIP,-1
PPP2R5B,-1
IGSF1,-1
ENOX1,-1
SPTBN1,-1
COL27A1,-1
INPP5D,-1
CASK,-1
NPHS1,-1
CLDN16,-1
KCNA3,-1
TDRD6,-1
PYHIN1,-1
TRIO,-1
RBM11,-1
HLTF,0
PCDHGA3,-1
ZW10,-1
GRPR,-1
TAB1,-1
UBR5,1
SYNE1,-1
RIMS1,-1
IGLV1-47,-1
ANXA4,-1
MX2,-1
CLASP2,-1
PTPN13,1
TLL2,-1
SGK3,-1
DLC1,-1
MAP1S,-1
BEST3,-1
POLR1A,-1
IL11RA,-1
ZNF347,-1
EPHA6,-1
PADI1,-1
PRICKLE2,-1
APOBEC3B,1
ATP10D,-1
OR10H5,-1
GPKOW,-1
ZFP28,-1
DAAM2,-1
TAS2R38,-1
HECW2,-1
PHKA2,-1
ELF4,1
OR4D2,-1
TIAM1,-1
A1CF,1
PLA2G12B,-1
MAN2B1,-1
OTUB1,-1
PRPF3,-1
EGFR,1
PANK1,-1
OR52E4,-1
BSX,-1
ZNF480,-1
SEC16B,-1
GRIN3B,-1
KAT5,-1
NCOA2,1
USP45,-1
UBE2V1,-1
KCNH1,-1
CLEC16A,-1
XPNPEP2,-1
EFEMP1,-1
PGR,-1
ZBTB49,-1
C2CD3,-1
MYO6,-1
MYOF,-1
GALNT4,-1
AHNAK2,-1
CEP76,-1
IGHV6-1,-1
HECTD2,-1
UNC13D,-1
ZNF609,-1
CD1B,-1
USP6,1
CFH,-1
BCL2L11,-1
DKK2,-1
KLK3,-1
ULK4,-1
DEDD2,-1
CHM,-1
HTRA2,-1
MSN,-1
CHRNA1,-1
ZNF689,-1
TRAF3IP2,-1
ZSCAN1,0
NR4A2,-1
LRRC55,-1
ZNF398,0
SCP2,-1
MERTK,-1
WDR24,-1
LRBA,-1
PCDHGC3,-1
ARHGEF11,0
LSM14B,0
PRPF40B,1
SLC9A8,-1
HNRNPAB,0
USP37,0
HSPA4,-1
ACR,-1
HOXB3,-1
CHD5,-1
ZNF417,0
FAM98A,-1
BNIP1,-1
SLC9A3,-1
IMP4,-1
USP32,-1
HDAC5,-1
MAGEA12,-1
MLLT3,-1
CLDN10,-1
RTTN,-1
KRT25,-1
OR5W2,-1
RIN3,-1
CRYAA,-1
AP1G2,-1
PTPRC,1
CHRNA7,-1
XRCC6,-1
GBP4,-1
PDIA6,-1
TBCD,-1
PCDH17,-1
OR8B8,-1
CCPG1,-1
POLG2,-1
ARL4C,-1
OR3A1,0
COQ3,0
HNRNPH3,0
CCNB2,-1
CAPZA1,-1
UNC13B,0
SCNN1B,-1
KCNA6,-1
CPOX,-1
RBM39,-1
SP3,-1
ATP1B2,-1
SIPA1L1,-1
TRIM69,-1
TP63,1
MUSK,-1
PYCR1,-1
TFAP2D,-1
PPRC1,-1
NDST2,-1
IFNA13,-1
ARHGEF25,-1
TRIM8,-1
LMCD1,-1
ACSBG1,-1
RIPK2,-1
KLF11,-1
ATOH1,-1
CAMK2D,-1
WDR62,-1
WDR33,-1
NISCH,-1
PSMC5,-1
ZFP36L1,-1
TFIP11,-1
CD276,-1
SON,-1
SLC25A23,0
YKT6,-1
ONECUT1,-1
SIPA1,-1
KCTD19,-1
TCEA1,-1
LRFN4,-1
SLC5A5,-1
PNLIP,-1
ITIH2,-1
MRPS9,-1
PIK3R4,-1
ENC1,-1
GSN,-1
ADA,-1
FAP,-1
UBA7,0
MYO9A,-1
OR11H6,-1
LIG1,-1
TRPM8,-1
PTGIR,-1
GLI1,1
RPS4Y2,-1
OR2M7,-1
ATP8B2,-1
LRRC8D,-1
VCAN,-1
UBXN11,-1
KIAA0586,-1
CIR1,-1
FGD5,-1
KCNA1,-1
RAPGEF1,-1
USP24,-1
FES,1
TSEN54,-1
TSHZ1,-1
RGS6,-1
ZP2,-1
NELL1,-1
GRK6,-1
IGHV1-18,-1
MYO1A,-1
CLSPN,0
ZMIZ1,-1
DOCK6,-1
OR10AG1,-1
HCFC1,-1
KIT,1
LAMC2,-1
SYNGAP1,-1
SCN10A,-1
LILRB1,-1
ZNF253,-1
IL27RA,0
ZNF20,-1
PLXNA4,-1
INTS5,-1
UVSSA,-1
ANKLE2,-1
IL6ST,1
HELQ,-1
PDHX,-1
SIGLEC15,-1
EPHB1,-1
PDCL,-1
MFSD8,-1
CYTH4,-1
GLIS3,-1
TRAM1,0
CETP,-1
TWF1,-1
CDH18,-1
EPHA10,-1
CDH1,1
EXOSC10,-1
VPS51,-1
BNC1,-1
NRG1,1
AKAP11,-1
GRK1,-1
MAPKAP1,-1
ATF7IP2,-1
FLG,-1
SERPING1,-1
SCN11A,-1
RXRA,-1
OTUD4,-1
ADORA2A,-1
GMPR2,-1
SEC16A,-1
TFDP3,-1
LY96,-1
PICK1,-1
KIF2B,-1
MRPL47,-1
TSPY2,0
SLK,-1
PIKFYVE,-1
GART,-1
TIE1,0
DPP9,0
ERC2,-1
ZNF622,-1
OR1N1,-1
ZNF408,-1
KSR1,0
TAS2R4,-1
EIF2D,-1
GNL3,-1
SMARCA4,1
LHX5,-1
MUC3A,-1
SYCP1,-1
CNPPD1,0
CLCA1,-1
MLLT1,-1
PKD1L1,-1
NCKAP1,-1
DCP2,-1
HDAC8,-1
FAM111B,-1
MED1,-1
GABBR2,-1
SLC7A5,-1
BFSP1,-1
MAST1,-1
CCNB1IP1,1
PIGH,-1
PCDH7,-1
NCF2,-1
SCN8A,-1
PYCARD,-1
MYH2,-1
ARGFX,-1
SESN3,0
AHR,-1
LTBP1,-1
CDSN,-1
ANKRD50,-1
OR2H2,-1
RPL10L,0
GPC6,-1
WDR76,-1
KLHL3,-1
SDHC,1
PCDHA12,-1
SRGAP2,-1
ZNF709,-1
KHDRBS3,-1
DDX41,-1
PRRT2,-1
AHCYL2,-1
TUBA4A,-1
TXLNG,0
ATG12,0
CNTF,-1
CENPP,-1
FGF16,-1
MYH8,-1
PAN2,-1
TCF12,-1
LRP1B,1
CEP44,0
EIF2S1,-1
POM121C,-1
PRG2,-1
ARHGAP35,-1
TFDP1,-1
KTN1,-1
PTN,-1
PCDHGB2,-1
DNTT,-1
MN1,1
CADM1,-1
HOXD3,-1
UBQLN2,-1
SUN2,-1
ZFC3H1,-1
NDUFA10,-1
GPR119,-1
IFNLR1,-1
OR10J5,-1
OR5AU1,-1
MRPL38,-1
INSRR,-1
PABPC4,-1
ACTL6B,-1
SH2B3,1
APBB1,-1
NUP85,-1
MAGED1,-1
ICAM2,-1
CPT1B,-1
AMIGO2,-1
ERCC6L,-1
MCCC1,-1
ATG2B,-1
ASPH,-1
KIF22,-1
UBE2I,-1
XPA,1
STAT1,-1
OSCAR,-1
ARL13B,-1
SPAG6,-1
TPCN2,-1
FZD1,-1
ZNF616,0
RPA4,-1
OR4D5,-1
JUND,-1
TNFAIP3,1
LRRC8B,-1
EIF4H,-1
GPR37L1,-1
OR4C46,-1
BMP5,1
IL9,-1
TLX1,1
CACNA1A,-1
MSI2,1
USE1,0
XDH,-1
ORC2,-1
SLC26A2,-1
ADH1C,-1
L3MBTL2,-1
ILK,-1
PTPN2,-1
PSMB11,-1
METTL3,-1
PPP2R2B,-1
ZBTB34,-1
ALYREF,-1
TRIP12,-1
DZIP3,-1
ZRANB2,-1
BACH2,-1
TNFRSF4,-1
COQ5,-1
ERLEC1,-1
ZNF519,0
POLR3B,-1
ABCC4,-1
CYP8B1,-1
LHX8,-1
APOA4,-1
ELP5,-1
PDE10A,-1
KIAA0319,-1
SOD3,-1
GGA3,-1
IGKV1D-16,-1
ZNF101,-1
SCN1A,-1
BAMBI,-1
PITRM1,-1
KIF14,-1
OR5M3,-1
ALX1,-1
FSCN3,-1
ESRP2,-1
TRIM15,-1
FAT2,-1
